/* Generated by tools/gen_assets.py -- do not edit. */
#include "assets.h"

const u8 font_small_widths[95] __attribute__((aligned(4))) = {
    0x03,0x03,0x05,0x07,0x06,0x09,0x08,0x03,0x03,0x03,0x06,0x06,0x03,0x04,0x03,0x04,
    0x06,0x06,0x06,0x06,0x06,0x06,0x06,0x06,0x06,0x06,0x03,0x03,0x06,0x06,0x06,0x05,
    0x0a,0x07,0x07,0x07,0x08,0x06,0x06,0x08,0x08,0x04,0x03,0x07,0x06,0x0a,0x09,0x09,
    0x07,0x09,0x07,0x06,0x06,0x08,0x07,0x0a,0x07,0x06,0x06,0x04,0x04,0x04,0x06,0x05,
    0x03,0x06,0x07,0x05,0x07,0x06,0x04,0x07,0x07,0x03,0x03,0x06,0x03,0x0a,0x07,0x07,
    0x07,0x07,0x05,0x05,0x04,0x07,0x06,0x09,0x06,0x06,0x05,0x04,0x06,0x04,0x06,
};
const u16 font_small_offsets[95] __attribute__((aligned(4))) = {
    0x0000,0x0018,0x0030,0x0058,0x0090,0x00c0,0x0108,0x0148,0x0160,0x0178,0x0190,0x01c0,
    0x01f0,0x0208,0x0228,0x0240,0x0260,0x0290,0x02c0,0x02f0,0x0320,0x0350,0x0380,0x03b0,
    0x03e0,0x0410,0x0440,0x0458,0x0470,0x04a0,0x04d0,0x0500,0x0528,0x0578,0x05b0,0x05e8,
    0x0620,0x0660,0x0690,0x06c0,0x0700,0x0740,0x0760,0x0778,0x07b0,0x07e0,0x0830,0x0878,
    0x08c0,0x08f8,0x0940,0x0978,0x09a8,0x09d8,0x0a18,0x0a50,0x0aa0,0x0ad8,0x0b08,0x0b38,
    0x0b58,0x0b78,0x0b98,0x0bc8,0x0bf0,0x0c08,0x0c38,0x0c70,0x0c98,0x0cd0,0x0d00,0x0d20,
    0x0d58,0x0d90,0x0da8,0x0dc0,0x0df0,0x0e08,0x0e58,0x0e90,0x0ec8,0x0f00,0x0f38,0x0f60,
    0x0f88,0x0fa8,0x0fe0,0x1010,0x1058,0x1088,0x10b8,0x10e0,0x1100,0x1130,0x1150,
};
const u8 font_small_bits[4480] __attribute__((aligned(4))) = {
    0x00,0x00,0x00,0x00,0x00,0x00,0x00,0x00,0x00,0x00,0x00,0x00,0x00,0x00,0x00,0x00,
    0x00,0x00,0x00,0x00,0x00,0x00,0x00,0x00,0x00,0x00,0x00,0x00,0x00,0x00,0xf3,0x23,
    0x2f,0xf1,0x01,0x0f,0xf0,0x00,0x0f,0xd2,0x32,0x3f,0x00,0x00,0x00,0x00,0x00,0x00,
    0x00,0x00,0x00,0x00,0x00,0x00,0x00,0x00,0x00,0x00,0xf5,0xf3,0x30,0x1e,0x0f,0xb2,
    0xc0,0x00,0x00,0x00,0x00,0x00,0x00,0x00,0x00,0x00,0x00,0x00,0x00,0x00,0x00,0x00,
    0x00,0x00,0x00,0x00,0x00,0x00,0x00,0x00,0x00,0x00,0x00,0x00,0x00,0x00,0x00,0x00,
    0x00,0x00,0x00,0x00,0x00,0x00,0x00,0x98,0xe1,0x00,0xc0,0x55,0x0a,0xf6,0xff,0xff,
    0x0e,0xf0,0xc0,0x04,0x30,0x0e,0x1f,0xc0,0xff,0xff,0x8f,0x90,0x37,0x0d,0x00,0x4d,
    0x97,0x00,0x00,0x00,0x00,0x00,0x00,0x00,0x00,0x00,0x00,0x00,0x00,0x00,0x00,0x00,
    0x00,0x00,0x00,0x00,0x00,0x00,0x00,0x00,0x00,0x00,0x00,0x00,0x00,0x94,0x00,0xc0,
    0xff,0x5f,0xf6,0x95,0x13,0xf4,0x99,0x00,0x60,0xff,0x1a,0x00,0xc4,0xbe,0x43,0xa5,
    0xbb,0xf4,0xff,0x2c,0x00,0x94,0x00,0x00,0x00,0x00,0x00,0x00,0x00,0x00,0x00,0x00,
    0x00,0x00,0x00,0x00,0x00,0x00,0x00,0x00,0x00,0x00,0x00,0x00,0x00,0x00,0x00,0x00,
    0x00,0x00,0xe1,0x5f,0x00,0x2f,0x70,0x5b,0x0d,0x98,0x00,0x89,0xf2,0xf1,0x01,0x70,
    0x5b,0xad,0xe9,0x4f,0xd1,0x7f,0x7f,0x5b,0x0d,0x00,0x6b,0x89,0xf1,0x00,0xe3,0x70,
    0x4b,0x0e,0xd0,0x05,0xe1,0x5f,0x00,0x00,0x00,0x00,0x00,0x00,0x00,0x00,0x00,0x00,
    0x00,0x00,0x00,0x00,0x00,0x00,0x00,0x00,0x00,0x00,0x00,0x00,0x00,0x00,0x00,0x00,
    0x00,0x00,0x00,0x00,0x00,0x00,0x00,0x00,0x40,0xff,0x1c,0x00,0xc0,0x19,0x5f,0x00,
    0xa0,0x3b,0x3f,0x00,0x20,0xff,0x05,0x00,0xf1,0xfc,0x09,0x9c,0xf7,0x20,0xbf,0x2f,
    0xf6,0x02,0xf7,0x0d,0xa0,0xff,0x6d,0xaf,0x00,0x00,0x00,0x00,0x00,0x00,0x00,0x00,
    0x00,0x00,0x00,0x00,0x00,0x00,0x00,0x00,0x00,0x00,0x00,0x00,0x00,0x00,0xf5,0x30,
    0x0e,0xb2,0x00,0x00,0x00,0x00,0x00,0x00,0x00,0x00,0x00,0x00,0x00,0x00,0x00,0x00,
    0x00,0x00,0x00,0x00,0x00,0x00,0x50,0x0e,0x5f,0xf4,0x80,0x0c,0xba,0xa0,0x0a,0xc8,
    0x40,0x0f,0xf0,0x05,0xe5,0x00,0x00,0x00,0x00,0x00,0x00,0x00,0x00,0x00,0xd7,0x00,
    0x4f,0x90,0x0b,0xf5,0x30,0x0f,0xf3,0x50,0x0f,0xb9,0xf0,0x65,0x0d,0x00,0x00,0x00,
    0x00,0x00,0x00,0x00,0x00,0x00,0x00,0x00,0x00,0x00,0x00,0x00,0x00,0xaa,0x00,0x54,
    0x88,0x45,0xc6,0xff,0x6c,0x40,0xfe,0x04,0xa0,0x67,0x0a,0x00,0x00,0x00,0x00,0x00,
    0x00,0x00,0x00,0x00,0x00,0x00,0x00,0x00,0x00,0x00,0x00,0x00,0x00,0x00,0x00,0x00,
    0x00,0x00,0x00,0x00,0x00,0x00,0x00,0x00,0x00,0x00,0x00,0x00,0x00,0x00,0x00,0x00,
    0x00,0x00,0x00,0xb6,0x00,0x00,0xb6,0x00,0xf8,0xff,0xcf,0x00,0xb6,0x00,0x00,0xb6,
    0x00,0x00,0x00,0x00,0x00,0x00,0x00,0x00,0x00,0x00,0x00,0x00,0x00,0x00,0x00,0x00,
    0x00,0x00,0x00,0x00,0x00,0x00,0x00,0x00,0x00,0x00,0x00,0x00,0x00,0x00,0x00,0xf2,
    0x52,0x0f,0x89,0x00,0x00,0x00,0x00,0x00,0x00,0x00,0x00,0x00,0x00,0x00,0x00,0x00,
    0x00,0x00,0x00,0x00,0x00,0x00,0x00,0x00,0x00,0x00,0xfa,0x2f,0x00,0x00,0x00,0x00,
    0x00,0x00,0x00,0x00,0x00,0x00,0x00,0x00,0x00,0x00,0x00,0x00,0x00,0x00,0x00,0x00,
    0x00,0x00,0x00,0x00,0x00,0x00,0x00,0xd2,0x32,0x3f,0x00,0x00,0x00,0x00,0x00,0x00,
    0x00,0x00,0x00,0x00,0x00,0x00,0x00,0x00,0x00,0xf3,0x00,0xb9,0x00,0x4f,0x50,0x0f,
    0xb0,0x09,0xf1,0x02,0xe6,0x00,0x7d,0x00,0x00,0x00,0x00,0x00,0x00,0x00,0x00,0x00,
    0x00,0x00,0x00,0x00,0x00,0x00,0x00,0x00,0x00,0x00,0x00,0x00,0x70,0xff,0x0a,0xf2,
    0x14,0x6f,0xe7,0x00,0xc9,0xc9,0x00,0xd7,0xc8,0x00,0xe7,0xe6,0x00,0xc9,0xf1,0x14,
    0x7f,0x60,0xff,0x0b,0x00,0x00,0x00,0x00,0x00,0x00,0x00,0x00,0x00,0x00,0x00,0x00,
    0x00,0x00,0x00,0x00,0x00,0x00,0x00,0x00,0x00,0x00,0x00,0x00,0x00,0xf9,0x02,0xc0,
    0xfd,0x02,0x60,0xf1,0x02,0x00,0xf1,0x02,0x00,0xf1,0x02,0x00,0xf1,0x02,0x00,0xf1,
    0x02,0x00,0xf1,0x02,0x00,0x00,0x00,0x00,0x00,0x00,0x00,0x00,0x00,0x00,0x00,0x00,
    0x00,0x00,0x00,0x00,0x00,0x00,0x00,0x00,0x00,0x00,0x00,0x00,0xb2,0xff,0x0b,0xa2,
    0x11,0x6f,0x00,0x00,0x7e,0x00,0x30,0x2f,0x00,0xf2,0x08,0x10,0xaf,0x00,0xe1,0x0a,
    0x00,0xf9,0xff,0xdf,0x00,0x00,0x00,0x00,0x00,0x00,0x00,0x00,0x00,0x00,0x00,0x00,
    0x00,0x00,0x00,0x00,0x00,0x00,0x00,0x00,0x00,0x00,0x00,0x00,0xd3,0xff,0x1c,0x51,
    0x10,0x7f,0x00,0x30,0x4f,0x60,0xff,0x09,0x00,0x30,0x8f,0x00,0x00,0xca,0x24,0x20,
    0x9f,0xf7,0xff,0x0a,0x00,0x00,0x00,0x00,0x00,0x00,0x00,0x00,0x00,0x00,0x00,0x00,
    0x00,0x00,0x00,0x00,0x00,0x00,0x00,0x00,0x00,0x00,0x00,0x00,0x00,0x90,0x0f,0x00,
    0xf4,0x0f,0x10,0x6f,0x0f,0xc0,0x38,0x0f,0xd6,0x30,0x0f,0xfe,0xff,0xff,0x00,0x30,
    0x0f,0x00,0x30,0x0f,0x00,0x00,0x00,0x00,0x00,0x00,0x00,0x00,0x00,0x00,0x00,0x00,
    0x00,0x00,0x00,0x00,0x00,0x00,0x00,0x00,0x00,0x00,0x00,0x00,0xf0,0xff,0x3f,0xf0,
    0x02,0x00,0xf1,0x00,0x00,0xf2,0xff,0x1b,0x20,0x20,0x9f,0x00,0x00,0xca,0x32,0x20,
    0x8f,0xf4,0xff,0x0a,0x00,0x00,0x00,0x00,0x00,0x00,0x00,0x00,0x00,0x00,0x00,0x00,
    0x00,0x00,0x00,0x00,0x00,0x00,0x00,0x00,0x00,0x00,0x00,0x00,0x10,0xfb,0x4f,0xd0,
    0x1b,0x00,0xf3,0x01,0x00,0xe7,0xfc,0x2d,0xf8,0x04,0xbc,0xe7,0x00,0xe7,0xf2,0x04,
    0xac,0x60,0xff,0x1c,0x00,0x00,0x00,0x00,0x00,0x00,0x00,0x00,0x00,0x00,0x00,0x00,
    0x00,0x00,0x00,0x00,0x00,0x00,0x00,0x00,0x00,0x00,0x00,0x00,0xfa,0xff,0xef,0x00,
    0x00,0x9d,0x00,0x30,0x2f,0x00,0xb0,0x0b,0x00,0xf1,0x04,0x00,0xe9,0x00,0x00,0x6f,
    0x00,0x60,0x0f,0x00,0x00,0x00,0x00,0x00,0x00,0x00,0x00,0x00,0x00,0x00,0x00,0x00,
    0x00,0x00,0x00,0x00,0x00,0x00,0x00,0x00,0x00,0x00,0x00,0x00,0x80,0xff,0x1c,0xf3,
    0x12,0x8e,0xf2,0x02,0x7e,0x60,0xff,0x09,0xe1,0xaa,0x3f,0xd7,0x00,0xc8,0xf7,0x01,
    0xcb,0xb0,0xff,0x2d,0x00,0x00,0x00,0x00,0x00,0x00,0x00,0x00,0x00,0x00,0x00,0x00,
    0x00,0x00,0x00,0x00,0x00,0x00,0x00,0x00,0x00,0x00,0x00,0x00,0x90,0xff,0x09,0xf5,
    0x12,0x7f,0xc8,0x00,0xc9,0xf6,0x22,0xee,0xb0,0xff,0xdb,0x00,0x00,0x9c,0x00,0x71,
    0x2f,0xf0,0xef,0x03,0x00,0x00,0x00,0x00,0x00,0x00,0x00,0x00,0x00,0x00,0x00,0x00,
    0x00,0x00,0x00,0x00,0x00,0x00,0x00,0x00,0x00,0xf3,0x23,0x2d,0x00,0x00,0x00,0xd2,
    0x32,0x3f,0x00,0x00,0x00,0x00,0x00,0x00,0x00,0x00,0x00,0x00,0x00,0x00,0x00,0x00,
    0x00,0xf3,0x23,0x2d,0x00,0x00,0x00,0x00,0x30,0x1f,0xd7,0x90,0x06,0x00,0x00,0x00,
    0x00,0x00,0x00,0x00,0x00,0x00,0x00,0x00,0x00,0x00,0x00,0x00,0x00,0x00,0x00,0x00,
    0x00,0x82,0x00,0xb2,0x6f,0xb2,0x5e,0x00,0xf5,0x3a,0x00,0x00,0xe6,0x5d,0x00,0x00,
    0x84,0x00,0x00,0x00,0x00,0x00,0x00,0x00,0x00,0x00,0x00,0x00,0x00,0x00,0x00,0x00,
    0x00,0x00,0x00,0x00,0x00,0x00,0x00,0x00,0x00,0x00,0x00,0x00,0x00,0x00,0x00,0x00,
    0x00,0x00,0x00,0x00,0x00,0xf7,0xff,0xcf,0x00,0x00,0x00,0xf7,0xff,0xcf,0x00,0x00,
    0x00,0x00,0x00,0x00,0x00,0x00,0x00,0x00,0x00,0x00,0x00,0x00,0x00,0x00,0x00,0x00,
    0x00,0x00,0x00,0x00,0x00,0x00,0x00,0x00,0x00,0x00,0x00,0x00,0x00,0x00,0x00,0x55,
    0x00,0x00,0xc3,0x5e,0x00,0x00,0xc3,0x4d,0x00,0x81,0x9f,0xb3,0x9f,0x01,0x66,0x00,
    0x00,0x00,0x00,0x00,0x00,0x00,0x00,0x00,0x00,0x00,0x00,0x00,0x00,0x00,0x00,0x00,
    0x00,0x00,0x00,0x00,0x00,0x00,0x00,0x00,0x00,0x00,0xf9,0xef,0x42,0x02,0xab,0x00,
    0xd0,0x08,0xd0,0x0c,0x60,0x0c,0x00,0x33,0x00,0x80,0x09,0x00,0xca,0x00,0x00,0x00,
    0x00,0x00,0x00,0x00,0x00,0x00,0x00,0x00,0x00,0x00,0x00,0x00,0x00,0x00,0x00,0x00,
    0x00,0x00,0x00,0x00,0x00,0x00,0x00,0x00,0x00,0x00,0x00,0x00,0x00,0xc3,0xff,0x7f,
    0x00,0x40,0x6f,0x01,0xe3,0x08,0xf0,0x53,0xff,0x1d,0x1f,0xd4,0xf1,0x14,0x0f,0x4c,
    0xa6,0xf3,0x20,0x0f,0x4c,0xb6,0xf2,0x81,0x1f,0x1f,0xf2,0x91,0xbf,0xf8,0x07,0xa0,
    0x3d,0x00,0x13,0x00,0x00,0xe8,0xff,0x2d,0x00,0x00,0x00,0x00,0x00,0x00,0x00,0x00,
    0x00,0x00,0x00,0x00,0x00,0x00,0x00,0x00,0x00,0x00,0x00,0x00,0x00,0x00,0x00,0x00,
    0x00,0x00,0x00,0x00,0x00,0x00,0x00,0xf4,0x07,0x00,0xa0,0xef,0x00,0x00,0x6f,0x3f,
    0x00,0xf6,0xe0,0x09,0xd0,0x0b,0xf8,0x20,0xff,0xff,0x5f,0xf8,0x22,0xd2,0xfb,0x08,
    0x00,0xf5,0x00,0x00,0x00,0x00,0x00,0x00,0x00,0x00,0x00,0x00,0x00,0x00,0x00,0x00,
    0x00,0x00,0x00,0x00,0x00,0x00,0x00,0x00,0x00,0x00,0x00,0x00,0x00,0x00,0xf0,0xff,
    0xaf,0x00,0x4f,0x30,0x5f,0xf0,0x04,0xf3,0x03,0xff,0xff,0x09,0xf0,0x04,0xf3,0x06,
    0x4f,0x00,0xbc,0xf0,0x04,0xf2,0x07,0xff,0xff,0x0a,0x00,0x00,0x00,0x00,0x00,0x00,
    0x00,0x00,0x00,0x00,0x00,0x00,0x00,0x00,0x00,0x00,0x00,0x00,0x00,0x00,0x00,0x00,
    0x00,0x00,0x00,0x00,0x00,0x00,0x00,0xf9,0xff,0x06,0xfb,0x03,0x23,0xf2,0x04,0x00,
    0x50,0x0f,0x00,0x00,0xf5,0x00,0x00,0x20,0x3f,0x00,0x00,0xd0,0x2e,0x10,0x01,0xb1,
    0xff,0x5f,0x00,0x00,0x00,0x00,0x00,0x00,0x00,0x00,0x00,0x00,0x00,0x00,0x00,0x00,
    0x00,0x00,0x00,0x00,0x00,0x00,0x00,0x00,0x00,0x00,0x00,0x00,0x00,0x00,0x00,0x00,
    0xf0,0xff,0xaf,0x01,0xf0,0x04,0xe3,0x0d,0xf0,0x04,0x20,0x3f,0xf0,0x04,0x00,0x6f,
    0xf0,0x04,0x00,0x6f,0xf0,0x04,0x30,0x3f,0xf0,0x04,0xf4,0x0c,0xf0,0xff,0x9f,0x00,
    0x00,0x00,0x00,0x00,0x00,0x00,0x00,0x00,0x00,0x00,0x00,0x00,0x00,0x00,0x00,0x00,
    0x00,0x00,0x00,0x00,0x00,0x00,0x00,0x00,0x00,0x00,0x00,0x00,0xf0,0xff,0x8f,0xf0,
    0x04,0x00,0xf0,0x04,0x00,0xf0,0xff,0x4f,0xf0,0x04,0x00,0xf0,0x04,0x00,0xf0,0x04,
    0x00,0xf0,0xff,0x8f,0x00,0x00,0x00,0x00,0x00,0x00,0x00,0x00,0x00,0x00,0x00,0x00,
    0x00,0x00,0x00,0x00,0x00,0x00,0x00,0x00,0x00,0x00,0x00,0x00,0xf0,0xff,0x8f,0xf0,
    0x04,0x00,0xf0,0x04,0x00,0xf0,0x04,0x00,0xf0,0xff,0x4f,0xf0,0x04,0x00,0xf0,0x04,
    0x00,0xf0,0x04,0x00,0x00,0x00,0x00,0x00,0x00,0x00,0x00,0x00,0x00,0x00,0x00,0x00,
    0x00,0x00,0x00,0x00,0x00,0x00,0x00,0x00,0x00,0x00,0x00,0x00,0x00,0x00,0x00,0x00,
    0x00,0xf8,0xff,0x0d,0xb0,0x4f,0x10,0x05,0xf2,0x04,0x00,0x00,0xf5,0x00,0x00,0x00,
    0xf5,0x00,0xfb,0x3f,0xf2,0x03,0x00,0x3f,0xc0,0x2e,0x10,0x3f,0x10,0xfa,0xff,0x2e,
    0x00,0x00,0x00,0x00,0x00,0x00,0x00,0x00,0x00,0x00,0x00,0x00,0x00,0x00,0x00,0x00,
    0x00,0x00,0x00,0x00,0x00,0x00,0x00,0x00,0x00,0x00,0x00,0x00,0x00,0x00,0x00,0x00,
    0xf0,0x04,0x00,0x3f,0xf0,0x04,0x00,0x3f,0xf0,0x04,0x00,0x3f,0xf0,0xff,0xff,0x3f,
    0xf0,0x04,0x00,0x3f,0xf0,0x04,0x00,0x3f,0xf0,0x04,0x00,0x3f,0xf0,0x04,0x00,0x3f,
    0x00,0x00,0x00,0x00,0x00,0x00,0x00,0x00,0x00,0x00,0x00,0x00,0x00,0x00,0x00,0x00,
    0x00,0x00,0x00,0x00,0x00,0x00,0x00,0x00,0xf9,0x7f,0xc0,0x0a,0xc0,0x0a,0xc0,0x0a,
    0xc0,0x0a,0xc0,0x0a,0xc0,0x0a,0xf8,0x6f,0x00,0x00,0x00,0x00,0x00,0x00,0x00,0x00,
    0x00,0x00,0x00,0x00,0x00,0x00,0xf0,0x03,0x3f,0xf0,0x03,0x3f,0xf0,0x03,0x3f,0xf0,
    0x03,0x3f,0xf5,0xf1,0x07,0x00,0x00,0x00,0x00,0x00,0x00,0x00,0x00,0x00,0x00,0x00,
    0x00,0x00,0x00,0x00,0x00,0x00,0xf0,0x04,0xf1,0x08,0x4f,0xd0,0x0b,0xf0,0xb4,0x0d,
    0x00,0xcf,0x1f,0x00,0xf0,0xfd,0x0a,0x00,0x4f,0xf4,0x04,0xf0,0x04,0xf9,0x01,0x4f,
    0x00,0xbe,0x00,0x00,0x00,0x00,0x00,0x00,0x00,0x00,0x00,0x00,0x00,0x00,0x00,0x00,
    0x00,0x00,0x00,0x00,0x00,0x00,0x00,0x00,0x00,0x00,0x00,0x00,0xf0,0x04,0x00,0xf0,
    0x04,0x00,0xf0,0x04,0x00,0xf0,0x04,0x00,0xf0,0x04,0x00,0xf0,0x04,0x00,0xf0,0x14,
    0x01,0xf0,0xff,0xaf,0x00,0x00,0x00,0x00,0x00,0x00,0x00,0x00,0x00,0x00,0x00,0x00,
    0x00,0x00,0x00,0x00,0x00,0x00,0x00,0x00,0x00,0x00,0x00,0x00,0x00,0x00,0x00,0x00,
    0x00,0x00,0x00,0x00,0xf0,0x0f,0x00,0xf0,0x1f,0xf0,0x5f,0x00,0xf3,0x1f,0xf0,0xbb,
    0x00,0xaa,0x1f,0xf0,0xf5,0x00,0x4f,0x1f,0xf0,0xe2,0x56,0x2e,0x1f,0xf0,0x82,0xcc,
    0x27,0x1f,0xf0,0x12,0xff,0x21,0x1f,0xf0,0x02,0xcd,0x20,0x1f,0x00,0x00,0x00,0x00,
    0x00,0x00,0x00,0x00,0x00,0x00,0x00,0x00,0x00,0x00,0x00,0x00,0x00,0x00,0x00,0x00,
    0x00,0x00,0x00,0x00,0x00,0x00,0x00,0x00,0x00,0x00,0x00,0x00,0x00,0x00,0x00,0x00,
    0x00,0x00,0xf0,0x0e,0x00,0x9b,0x00,0xff,0x07,0xb0,0x09,0xf0,0xf8,0x02,0x9b,0x00,
    0x2f,0xcd,0xb0,0x09,0xf0,0x32,0x5f,0x9b,0x00,0x2f,0x90,0xbf,0x09,0xf0,0x02,0xf0,
    0x9f,0x00,0x2f,0x00,0xf5,0x09,0x00,0x00,0x00,0x00,0x00,0x00,0x00,0x00,0x00,0x00,
    0x00,0x00,0x00,0x00,0x00,0x00,0x00,0x00,0x00,0x00,0x00,0x00,0x00,0x00,0x00,0x00,
    0x00,0x00,0x00,0x00,0x00,0x00,0x00,0x00,0x00,0x00,0x10,0xfa,0xff,0x06,0x00,0xdd,
    0x02,0xf5,0x06,0xf2,0x03,0x00,0xda,0x50,0x0f,0x00,0x60,0x0f,0xf5,0x00,0x00,0xf6,
    0x20,0x3f,0x00,0xa0,0x0d,0xc0,0x2d,0x50,0x6f,0x00,0xb1,0xff,0x6f,0x00,0x00,0x00,
    0x00,0x00,0x00,0x00,0x00,0x00,0x00,0x00,0x00,0x00,0x00,0x00,0x00,0x00,0x00,0x00,
    0x00,0x00,0x00,0x00,0x00,0x00,0x00,0x00,0x00,0x00,0x00,0x00,0x00,0x00,0xf0,0xff,
    0x5f,0x00,0x4f,0x80,0x0f,0xf0,0x04,0xf2,0x02,0x4f,0x91,0x0f,0xf0,0xff,0x3d,0x00,
    0x4f,0x00,0x00,0xf0,0x04,0x00,0x00,0x4f,0x00,0x00,0x00,0x00,0x00,0x00,0x00,0x00,
    0x00,0x00,0x00,0x00,0x00,0x00,0x00,0x00,0x00,0x00,0x00,0x00,0x00,0x00,0x00,0x00,
    0x00,0x00,0x00,0x00,0x00,0x00,0x00,0x00,0x00,0x00,0x10,0xfa,0xff,0x06,0x00,0xdd,
    0x02,0xf5,0x05,0xf2,0x03,0x00,0xda,0x50,0x0f,0x00,0x60,0x0f,0xf5,0x00,0x00,0xf6,
    0x20,0x3f,0x00,0xa0,0x0d,0xc0,0x2d,0x50,0x6f,0x00,0xb1,0xff,0x7f,0x00,0x00,0x00,
    0xf2,0x07,0x00,0x00,0x00,0xf6,0x05,0x00,0x00,0x00,0x00,0x00,0x00,0x00,0x00,0x00,
    0x00,0x00,0x00,0x00,0x00,0x00,0x00,0x00,0x00,0x00,0x00,0x00,0x00,0x00,0xf0,0xff,
    0x5f,0x00,0x4f,0x70,0x1f,0xf0,0x04,0xf1,0x02,0x4f,0x80,0x0f,0xf0,0xff,0x3f,0x00,
    0x4f,0xf2,0x04,0xf0,0x04,0xf8,0x00,0x4f,0x00,0x9f,0x00,0x00,0x00,0x00,0x00,0x00,
    0x00,0x00,0x00,0x00,0x00,0x00,0x00,0x00,0x00,0x00,0x00,0x00,0x00,0x00,0x00,0x00,
    0x00,0x00,0x00,0x00,0x90,0xff,0x3f,0xf4,0x02,0x14,0xf5,0x02,0x00,0xd0,0x9f,0x01,
    0x00,0xf6,0x2f,0x00,0x00,0x9e,0x33,0x10,0x7f,0xf6,0xff,0x0a,0x00,0x00,0x00,0x00,
    0x00,0x00,0x00,0x00,0x00,0x00,0x00,0x00,0x00,0x00,0x00,0x00,0x00,0x00,0x00,0x00,
    0x00,0x00,0x00,0x00,0xff,0xff,0xff,0x00,0xc9,0x00,0x00,0xc9,0x00,0x00,0xc9,0x00,
    0x00,0xc9,0x00,0x00,0xc9,0x00,0x00,0xc9,0x00,0x00,0xc9,0x00,0x00,0x00,0x00,0x00,
    0x00,0x00,0x00,0x00,0x00,0x00,0x00,0x00,0x00,0x00,0x00,0x00,0x00,0x00,0x00,0x00,
    0x00,0x00,0x00,0x00,0x00,0x00,0x00,0x00,0xf0,0x03,0x10,0x3f,0xf0,0x03,0x10,0x3f,
    0xf0,0x03,0x10,0x3f,0xf0,0x03,0x10,0x3f,0xf0,0x03,0x10,0x3f,0xf0,0x04,0x20,0x2f,
    0xc0,0x1c,0xa0,0x0e,0x10,0xfc,0xdf,0x02,0x00,0x00,0x00,0x00,0x00,0x00,0x00,0x00,
    0x00,0x00,0x00,0x00,0x00,0x00,0x00,0x00,0x00,0x00,0x00,0x00,0x00,0x00,0x00,0x00,
    0x00,0x00,0x00,0x00,0x00,0x00,0x7f,0x00,0xc0,0x9b,0x0d,0x00,0x4f,0xf2,0x01,0xf6,
    0x00,0x7e,0xc0,0x0a,0x80,0x1d,0x4f,0x00,0xf2,0xf7,0x00,0x00,0xfe,0x09,0x00,0x70,
    0x3f,0x00,0x00,0x00,0x00,0x00,0x00,0x00,0x00,0x00,0x00,0x00,0x00,0x00,0x00,0x00,
    0x00,0x00,0x00,0x00,0x00,0x00,0x00,0x00,0x00,0x00,0x00,0x00,0x00,0x00,0x00,0x00,
    0x00,0x00,0x00,0x00,0x8e,0x00,0xfb,0x00,0xf1,0xc9,0x00,0xff,0x03,0xf6,0xf5,0x30,
    0xbf,0x08,0xba,0xf1,0x73,0x6c,0x0d,0x6f,0xe0,0xc7,0x17,0x2f,0x2f,0x90,0xfb,0x02,
    0xae,0x0f,0x40,0xff,0x00,0xf9,0x0a,0x00,0xaf,0x00,0xf4,0x06,0x00,0x00,0x00,0x00,
    0x00,0x00,0x00,0x00,0x00,0x00,0x00,0x00,0x00,0x00,0x00,0x00,0x00,0x00,0x00,0x00,
    0x00,0x00,0x00,0x00,0x00,0x00,0x00,0x00,0x00,0x00,0x00,0x00,0x00,0x00,0xf9,0x00,
    0xf3,0x03,0x8f,0xd0,0x0a,0x40,0x7f,0x1f,0x00,0xb0,0x5f,0x00,0x00,0xfd,0x08,0x00,
    0xf7,0xf4,0x02,0xf1,0x04,0xdb,0xc0,0x0b,0x10,0x6f,0x00,0x00,0x00,0x00,0x00,0x00,
    0x00,0x00,0x00,0x00,0x00,0x00,0x00,0x00,0x00,0x00,0x00,0x00,0x00,0x00,0x00,0x00,
    0x00,0x00,0x00,0x00,0xad,0x00,0xf3,0xf4,0x02,0xbc,0xc0,0x3b,0x2f,0x30,0xef,0x0a,
    0x00,0xfb,0x01,0x00,0xf7,0x00,0x00,0xf7,0x00,0x00,0xf7,0x00,0x00,0x00,0x00,0x00,
    0x00,0x00,0x00,0x00,0x00,0x00,0x00,0x00,0x00,0x00,0x00,0x00,0x00,0x00,0x00,0x00,
    0x00,0x00,0x00,0x00,0xf8,0xff,0xff,0x00,0x10,0x7f,0x00,0xb0,0x0d,0x00,0xf4,0x02,
    0x10,0x8f,0x00,0x90,0x0e,0x00,0xf3,0x03,0x00,0xfb,0xff,0xff,0x00,0x00,0x00,0x00,
    0x00,0x00,0x00,0x00,0x00,0x00,0x00,0x00,0x00,0x00,0x00,0x00,0x00,0x00,0x00,0x00,
    0xf3,0x6f,0xf3,0x00,0xf3,0x00,0xf3,0x00,0xf3,0x00,0xf3,0x00,0xf3,0x00,0xf3,0x00,
    0xf3,0x00,0xf3,0x6f,0x00,0x00,0x00,0x00,0x00,0x00,0x00,0x00,0x00,0x00,0x00,0x00,
    0x7d,0x00,0xe6,0x00,0xf1,0x02,0xb0,0x09,0x50,0x0f,0x00,0x4f,0x00,0xb9,0x00,0xf3,
    0x00,0x00,0x00,0x00,0x00,0x00,0x00,0x00,0x00,0x00,0x00,0x00,0x00,0x00,0x00,0x00,
    0xfc,0x0e,0x60,0x0e,0x60,0x0e,0x60,0x0e,0x60,0x0e,0x60,0x0e,0x60,0x0e,0x60,0x0e,
    0x60,0x0e,0xfc,0x0e,0x00,0x00,0x00,0x00,0x00,0x00,0x00,0x00,0x00,0x00,0x00,0x00,
    0x00,0x00,0x00,0x00,0x00,0xba,0x00,0x10,0xef,0x02,0x80,0x68,0x0b,0xf0,0x01,0x3e,
    0xa7,0x00,0xc6,0x00,0x00,0x00,0x00,0x00,0x00,0x00,0x00,0x00,0x00,0x00,0x00,0x00,
    0x00,0x00,0x00,0x00,0x00,0x00,0x00,0x00,0x00,0x00,0x00,0x00,0x00,0x00,0x00,0x00,
    0x00,0x00,0x00,0x00,0x00,0x00,0x00,0x00,0x00,0x00,0x00,0x00,0x00,0x00,0x00,0x00,
    0x00,0x00,0x00,0x00,0x00,0x00,0x00,0x00,0xf0,0xff,0xdf,0x00,0x00,0x00,0x00,0x00,
    0x00,0x00,0x00,0x00,0x50,0x2f,0x70,0x0c,0x00,0x00,0x00,0x00,0x00,0x00,0x00,0x00,
    0x00,0x00,0x00,0x00,0x00,0x00,0x00,0x00,0x00,0x00,0x00,0x00,0x00,0x00,0x00,0x00,
    0x00,0x00,0x00,0x00,0x00,0x00,0x00,0x00,0x00,0x00,0x90,0xff,0x1d,0x20,0x11,0x6f,
    0xa0,0xff,0x8f,0xf7,0x02,0x8d,0xe8,0x31,0x8f,0xe1,0xdf,0x8b,0x00,0x00,0x00,0x00,
    0x00,0x00,0x00,0x00,0x00,0x00,0x00,0x00,0x00,0x00,0x00,0x00,0x00,0x00,0x00,0x00,
    0x00,0x00,0x00,0x00,0x00,0x00,0xf2,0x01,0x00,0x20,0x1f,0x00,0x00,0xf2,0xfa,0x5f,
    0x20,0x8f,0x70,0x1f,0xf2,0x02,0xf0,0x23,0x2f,0x00,0x3f,0xf2,0x08,0xf7,0x20,0xaf,
    0xff,0x05,0x00,0x00,0x00,0x00,0x00,0x00,0x00,0x00,0x00,0x00,0x00,0x00,0x00,0x00,
    0x00,0x00,0x00,0x00,0x00,0x00,0x00,0x00,0x00,0x00,0x00,0x00,0x00,0x00,0x00,0x60,
    0xff,0x2e,0x5f,0x20,0xf7,0x00,0x70,0x0f,0x00,0xf3,0x05,0x02,0xf7,0xef,0x00,0x00,
    0x00,0x00,0x00,0x00,0x00,0x00,0x00,0x00,0x00,0x00,0x00,0x00,0x00,0x00,0x00,0x00,
    0x00,0x00,0x00,0x00,0x00,0x00,0x00,0x00,0xf5,0x00,0x00,0x50,0x0f,0x70,0xff,0xfb,
    0x30,0x4f,0xb0,0x0f,0xf6,0x00,0xf5,0x70,0x0f,0x50,0x0f,0xf3,0x04,0xfb,0x00,0xf8,
    0x8f,0x0f,0x00,0x00,0x00,0x00,0x00,0x00,0x00,0x00,0x00,0x00,0x00,0x00,0x00,0x00,
    0x00,0x00,0x00,0x00,0x00,0x00,0x00,0x00,0x00,0x00,0x00,0x00,0x00,0x00,0x00,0x00,
    0x00,0x00,0x60,0xff,0x1d,0xf2,0x03,0xab,0xf7,0xff,0xdf,0xf7,0x00,0x00,0xf2,0x06,
    0x31,0x60,0xff,0x6f,0x00,0x00,0x00,0x00,0x00,0x00,0x00,0x00,0x00,0x00,0x00,0x00,
    0x00,0x00,0x00,0x00,0x00,0x00,0x00,0x00,0x60,0xff,0xe0,0x08,0xfb,0xef,0xf0,0x06,
    0xf0,0x06,0xf0,0x06,0xf0,0x06,0xf0,0x06,0x00,0x00,0x00,0x00,0x00,0x00,0x00,0x00,
    0x00,0x00,0x00,0x00,0x00,0x00,0x00,0x00,0x00,0x00,0x00,0x00,0x00,0x00,0x00,0x00,
    0x00,0x00,0x00,0x00,0x00,0x70,0xff,0xf9,0x20,0x4f,0xb0,0x0f,0xf6,0x00,0xf5,0x70,
    0x0f,0x40,0x0f,0xf3,0x04,0xfa,0x00,0xf8,0xaf,0x0f,0x00,0x00,0xf5,0x00,0x05,0xc0,
    0x0c,0xe0,0xff,0x2d,0x00,0x00,0x00,0x00,0x00,0x00,0x00,0x00,0x00,0x00,0x00,0x00,
    0x00,0x00,0x00,0x00,0x00,0x00,0xf2,0x01,0x00,0x20,0x1f,0x00,0x00,0xf2,0xf9,0x7f,
    0x20,0x9f,0x60,0x0f,0xf2,0x02,0xf2,0x20,0x1f,0x20,0x1f,0xf2,0x01,0xf2,0x21,0x1f,
    0x20,0x1f,0x00,0x00,0x00,0x00,0x00,0x00,0x00,0x00,0x00,0x00,0x00,0x00,0x00,0x00,
    0x00,0x00,0x00,0x00,0x00,0x00,0xf1,0x01,0x00,0xf2,0x21,0x1f,0xf2,0x21,0x1f,0xf2,
    0x21,0x1f,0x00,0x00,0x00,0x00,0x00,0x00,0x00,0x00,0x00,0x00,0x00,0x00,0xf1,0x01,
    0x00,0xf2,0x21,0x1f,0xf2,0x21,0x1f,0xf2,0x21,0x1f,0xf2,0x41,0x0f,0x9f,0x00,0x00,
    0x00,0x00,0x00,0x00,0x00,0x00,0x00,0x00,0x00,0x00,0x00,0x00,0xf2,0x01,0x00,0xf2,
    0x01,0x00,0xf2,0x11,0x8f,0xf2,0xe2,0x0a,0xf2,0xed,0x00,0xf2,0xfb,0x04,0xf2,0x71,
    0x1f,0xf2,0x01,0xdc,0x00,0x00,0x00,0x00,0x00,0x00,0x00,0x00,0x00,0x00,0x00,0x00,
    0x00,0x00,0x00,0x00,0x00,0x00,0xf2,0x21,0x1f,0xf2,0x21,0x1f,0xf2,0x21,0x1f,0xf2,
    0x21,0x1f,0x00,0x00,0x00,0x00,0x00,0x00,0x00,0x00,0x00,0x00,0x00,0x00,0x00,0x00,
    0x00,0x00,0x00,0x00,0x00,0x00,0x00,0x00,0x00,0x00,0x00,0x00,0x00,0x00,0x00,0x00,
    0x00,0x00,0x00,0x00,0x00,0x00,0xf2,0xf9,0x6f,0xfd,0x2e,0xf2,0x08,0xfa,0x04,0x8e,
    0xf2,0x02,0xf7,0x00,0xab,0xf2,0x01,0xf6,0x00,0xab,0xf2,0x01,0xf6,0x00,0xab,0xf2,
    0x01,0xf6,0x00,0xab,0x00,0x00,0x00,0x00,0x00,0x00,0x00,0x00,0x00,0x00,0x00,0x00,
    0x00,0x00,0x00,0x00,0x00,0x00,0x00,0x00,0x00,0x00,0x00,0x00,0x00,0x00,0x00,0x00,
    0x00,0x00,0x00,0x00,0x00,0x00,0x00,0x00,0x00,0x00,0x00,0x00,0x00,0xf2,0xf9,0x7f,
    0x20,0x9f,0x60,0x0f,0xf2,0x02,0xf2,0x20,0x1f,0x20,0x1f,0xf2,0x01,0xf2,0x21,0x1f,
    0x20,0x1f,0x00,0x00,0x00,0x00,0x00,0x00,0x00,0x00,0x00,0x00,0x00,0x00,0x00,0x00,
    0x00,0x00,0x00,0x00,0x00,0x00,0x00,0x00,0x00,0x00,0x00,0x00,0x00,0x00,0x00,0x00,
    0x00,0x00,0x00,0x00,0x00,0x60,0xff,0x3e,0x20,0x5f,0x90,0x0f,0xf6,0x00,0xf2,0x72,
    0x0f,0x20,0x1f,0xf2,0x05,0xf9,0x00,0xf6,0xdf,0x03,0x00,0x00,0x00,0x00,0x00,0x00,
    0x00,0x00,0x00,0x00,0x00,0x00,0x00,0x00,0x00,0x00,0x00,0x00,0x00,0x00,0x00,0x00,
    0x00,0x00,0x00,0x00,0x00,0x00,0x00,0x00,0x00,0x00,0x00,0x00,0x00,0xf2,0xf9,0x5f,
    0x20,0x8f,0x70,0x1f,0xf2,0x02,0xf0,0x23,0x2f,0x10,0x3f,0xf2,0x08,0xf8,0x20,0xaf,
    0xff,0x05,0xf2,0x01,0x00,0x20,0x1f,0x00,0x00,0xf2,0x01,0x00,0x00,0x00,0x00,0x00,
    0x00,0x00,0x00,0x00,0x00,0x00,0x00,0x00,0x00,0x00,0x00,0x00,0x00,0x00,0x00,0x00,
    0x00,0x00,0x00,0x00,0x00,0x70,0xff,0xf9,0x30,0x4f,0xb0,0x0f,0xf6,0x00,0xf5,0x70,
    0x0f,0x50,0x0f,0xf3,0x04,0xfb,0x00,0xf8,0xaf,0x0f,0x00,0x00,0xf4,0x00,0x00,0x50,
    0x0f,0x00,0x00,0xf5,0x00,0x00,0x00,0x00,0x00,0x00,0x00,0x00,0x00,0x00,0x00,0x00,
    0x00,0x00,0x00,0x00,0x00,0x00,0x00,0xf2,0xf7,0x27,0xbf,0x01,0xf2,0x02,0x20,0x1f,
    0x00,0xf2,0x01,0x20,0x1f,0x00,0x00,0x00,0x00,0x00,0x00,0x00,0x00,0x00,0x00,0x00,
    0x00,0x00,0x00,0x00,0x00,0x00,0x00,0x00,0x00,0x00,0x00,0x00,0x00,0x00,0x00,0xd2,
    0xff,0x78,0x0e,0x31,0xf2,0x5c,0x00,0x60,0xaf,0x12,0x70,0x6e,0xff,0x5f,0x00,0x00,
    0x00,0x00,0x00,0x00,0x00,0x00,0x00,0x00,0x00,0x00,0x00,0x00,0x00,0x00,0x00,0x00,
    0x50,0x02,0xf0,0x03,0xfb,0xff,0xf0,0x03,0xf0,0x03,0xf0,0x03,0xf0,0x06,0x80,0xff,
    0x00,0x00,0x00,0x00,0x00,0x00,0x00,0x00,0x00,0x00,0x00,0x00,0x00,0x00,0x00,0x00,
    0x00,0x00,0x00,0x00,0x00,0x00,0x00,0x00,0x00,0x00,0x00,0x00,0x00,0xf3,0x01,0xf3,
    0x30,0x1f,0x30,0x0f,0xf3,0x01,0xf3,0x30,0x1f,0x40,0x0f,0xf1,0x04,0xfa,0x00,0xf9,
    0x9f,0x0f,0x00,0x00,0x00,0x00,0x00,0x00,0x00,0x00,0x00,0x00,0x00,0x00,0x00,0x00,
    0x00,0x00,0x00,0x00,0x00,0x00,0x00,0x00,0x00,0x00,0x00,0x00,0x00,0x00,0x00,0x00,
    0x00,0x00,0x8f,0x00,0xbb,0xe8,0x00,0x4f,0xf1,0x62,0x0f,0xc0,0xc8,0x09,0x60,0xfe,
    0x02,0x00,0xdf,0x00,0x00,0x00,0x00,0x00,0x00,0x00,0x00,0x00,0x00,0x00,0x00,0x00,
    0x00,0x00,0x00,0x00,0x00,0x00,0x00,0x00,0x00,0x00,0x00,0x00,0x00,0x00,0x00,0x00,
    0x00,0x00,0x00,0x00,0x00,0x00,0x00,0x00,0x00,0x00,0x00,0x8d,0x60,0x4f,0xa0,0x8b,
    0x0c,0xeb,0x09,0x6f,0xf4,0xf0,0xe6,0xf1,0x01,0x7f,0x0e,0x7f,0x0e,0xc0,0x9f,0xc0,
    0x9f,0x00,0xf7,0x04,0xf7,0x04,0x00,0x00,0x00,0x00,0x00,0x00,0x00,0x00,0x00,0x00,
    0x00,0x00,0x00,0x00,0x00,0x00,0x00,0x00,0x00,0x00,0x00,0x00,0x00,0x00,0x00,0x00,
    0x00,0x00,0x00,0x00,0x00,0x00,0x00,0x00,0x00,0x00,0xf7,0x11,0x7f,0xd0,0xba,0x0c,
    0x20,0xff,0x01,0x30,0xff,0x03,0xe0,0x98,0x0e,0xe9,0x00,0x8f,0x00,0x00,0x00,0x00,
    0x00,0x00,0x00,0x00,0x00,0x00,0x00,0x00,0x00,0x00,0x00,0x00,0x00,0x00,0x00,0x00,
    0x00,0x00,0x00,0x00,0x00,0x00,0x00,0x00,0x00,0x00,0x8e,0x00,0xbb,0xe8,0x00,0x5f,
    0xf1,0x52,0x0f,0xc0,0xa8,0x0a,0x50,0xfd,0x03,0x00,0xff,0x00,0x00,0x8d,0x00,0x40,
    0x2f,0x00,0xfe,0x06,0x00,0x00,0x00,0x00,0x00,0x00,0x00,0x00,0x00,0x00,0x00,0x00,
    0x00,0x00,0x00,0x00,0x00,0x00,0x00,0xf7,0xff,0x0d,0x10,0x5f,0x00,0xbc,0x00,0xf7,
    0x01,0xf2,0x03,0xb0,0xff,0xef,0x00,0x00,0x00,0x00,0x00,0x00,0x00,0x00,0x00,0x00,
    0x00,0x00,0x00,0x00,0x00,0x00,0x00,0x00,0x10,0xed,0x60,0x1f,0x70,0x0d,0xa0,0x0c,
    0xfd,0x02,0xb0,0x0b,0x70,0x0d,0x70,0x0d,0x60,0x1f,0x00,0xec,0x00,0x00,0x00,0x00,
    0x00,0x00,0x00,0x00,0x00,0x00,0x00,0x00,0x00,0x00,0x00,0x00,0x00,0x98,0x00,0x00,
    0x98,0x00,0x00,0x98,0x00,0x00,0x98,0x00,0x00,0x98,0x00,0x00,0x98,0x00,0x00,0x98,
    0x00,0x00,0x98,0x00,0x00,0x98,0x00,0x00,0x98,0x00,0x00,0x98,0x00,0x00,0x00,0x00,
    0x00,0x00,0x00,0x00,0x00,0x00,0x00,0x00,0xfb,0x03,0xb0,0x0a,0x90,0x0b,0x80,0x1e,
    0x10,0xfe,0x70,0x1e,0x90,0x0b,0x90,0x0b,0xc1,0x0a,0xda,0x02,0x00,0x00,0x00,0x00,
    0x00,0x00,0x00,0x00,0x00,0x00,0x00,0x00,0x00,0x00,0x00,0x00,0x00,0x00,0x00,0x00,
    0x00,0x00,0x00,0x00,0x00,0xf3,0x7f,0x82,0x26,0xd4,0x6f,0x00,0x00,0x00,0x00,0x00,
    0x00,0x00,0x00,0x00,0x00,0x00,0x00,0x00,0x00,0x00,0x00,0x00,0x00,0x00,0x00,0x00,
};
const Font font_small = { 16, 12, 32, 95, font_small_widths, font_small_offsets, font_small_bits };
const u8 font_body_widths[95] __attribute__((aligned(4))) = {
    0x03,0x04,0x06,0x08,0x07,0x0b,0x0a,0x03,0x04,0x04,0x07,0x07,0x04,0x04,0x04,0x05,
    0x07,0x07,0x07,0x07,0x07,0x07,0x07,0x07,0x07,0x07,0x04,0x04,0x07,0x07,0x07,0x06,
    0x0c,0x09,0x08,0x08,0x0a,0x07,0x07,0x09,0x0a,0x05,0x04,0x08,0x07,0x0c,0x0a,0x0a,
    0x08,0x0a,0x08,0x07,0x07,0x0a,0x08,0x0c,0x08,0x08,0x07,0x04,0x05,0x04,0x07,0x06,
    0x04,0x07,0x08,0x06,0x08,0x07,0x05,0x08,0x08,0x04,0x04,0x07,0x04,0x0c,0x08,0x08,
    0x08,0x08,0x06,0x06,0x05,0x08,0x07,0x0a,0x07,0x07,0x06,0x05,0x07,0x05,0x07,
};
const u16 font_body_offsets[95] __attribute__((aligned(4))) = {
    0x0000,0x001b,0x003f,0x0075,0x00bd,0x00fc,0x015f,0x01b9,0x01d4,0x01f8,0x021c,0x025b,
    0x029a,0x02be,0x02e2,0x0306,0x0333,0x0372,0x03b1,0x03f0,0x042f,0x046e,0x04ad,0x04ec,
    0x052b,0x056a,0x05a9,0x05cd,0x05f1,0x0630,0x066f,0x06ae,0x06e4,0x0750,0x07a1,0x07e9,
    0x0831,0x088b,0x08ca,0x0909,0x095a,0x09b4,0x09e1,0x0a05,0x0a4d,0x0a8c,0x0af8,0x0b52,
    0x0bac,0x0bf4,0x0c4e,0x0c96,0x0cd5,0x0d14,0x0d6e,0x0db6,0x0e22,0x0e6a,0x0eb2,0x0ef1,
    0x0f15,0x0f42,0x0f66,0x0fa5,0x0fdb,0x0fff,0x103e,0x1086,0x10bc,0x1104,0x1143,0x1170,
    0x11b8,0x1200,0x1224,0x1248,0x1287,0x12ab,0x1317,0x135f,0x13a7,0x13ef,0x1437,0x146d,
    0x14a3,0x14d0,0x1518,0x1557,0x15b1,0x15f0,0x162f,0x1665,0x1692,0x16d1,0x16fe,
};
const u8 font_body_bits[5949] __attribute__((aligned(4))) = {
    0x00,0x00,0x00,0x00,0x00,0x00,0x00,0x00,0x00,0x00,0x00,0x00,0x00,0x00,0x00,0x00,
    0x00,0x00,0x00,0x00,0x00,0x00,0x00,0x00,0x00,0x00,0x00,0x00,0x00,0x00,0x00,0x00,
    0x00,0x00,0x00,0x00,0x00,0xf0,0x0a,0xf0,0x09,0xf0,0x08,0xf0,0x07,0xe0,0x06,0xd0,
    0x05,0x00,0x00,0xd1,0x07,0xf1,0x09,0x00,0x00,0x00,0x00,0x00,0x00,0x00,0x00,0x00,
    0x00,0x00,0x00,0x00,0x00,0x00,0x00,0x00,0x00,0x00,0x00,0x00,0x00,0x00,0xf2,0xb4,
    0x0d,0xf1,0xa2,0x0b,0xf0,0x80,0x0a,0x00,0x00,0x00,0x00,0x00,0x00,0x00,0x00,0x00,
    0x00,0x00,0x00,0x00,0x00,0x00,0x00,0x00,0x00,0x00,0x00,0x00,0x00,0x00,0x00,0x00,
    0x00,0x00,0x00,0x00,0x00,0x00,0x00,0x00,0x00,0x00,0x00,0x00,0x00,0x00,0x00,0x00,
    0x00,0x00,0x00,0x00,0x00,0x00,0x00,0x00,0x00,0x00,0xf0,0x32,0x0f,0x00,0xf4,0x80,
    0x0b,0xf3,0xff,0xff,0xff,0x30,0x9c,0xf3,0x35,0x00,0x5e,0xf1,0x00,0xfc,0xff,0xff,
    0xbf,0x52,0x3f,0xc9,0x23,0x60,0x0d,0x8b,0x00,0x90,0x0a,0x5e,0x00,0x00,0x00,0x00,
    0x00,0x00,0x00,0x00,0x00,0x00,0x00,0x00,0x00,0x00,0x00,0x00,0x00,0x00,0x00,0x00,
    0x00,0x00,0x00,0x00,0x00,0x00,0x00,0x00,0x00,0x00,0x00,0x00,0xd0,0x03,0x00,0xe6,
    0xff,0x4d,0xf2,0xfa,0xa8,0x43,0x3f,0x3d,0x00,0xd0,0xff,0x06,0x00,0x60,0xff,0x3f,
    0x00,0xd0,0xe4,0x2c,0x15,0x5d,0xbe,0xf4,0xff,0xdf,0x02,0x20,0x3e,0x00,0x00,0x00,
    0x00,0x00,0x00,0x00,0x00,0x00,0x00,0x00,0x00,0x00,0x00,0x00,0x00,0x00,0x00,0x00,
    0x00,0x00,0x00,0x00,0x00,0x00,0x00,0x00,0x00,0x00,0x00,0x00,0x00,0x00,0x00,0x00,
    0x00,0x00,0x00,0x00,0x00,0x00,0x00,0x00,0xfc,0x1d,0x00,0x7e,0x00,0xf5,0xe3,0x07,
    0xf6,0x00,0x70,0x0d,0xaa,0xf0,0x05,0x00,0xf6,0xd1,0x98,0xbc,0xaf,0x00,0xfe,0x3f,
    0x7f,0x2f,0x4f,0x00,0x02,0xab,0xc8,0xc0,0x08,0x00,0xf4,0x81,0x0c,0x8c,0x00,0xe0,
    0x07,0xf5,0xf3,0x05,0x60,0x0f,0x00,0xfb,0x0b,0x00,0x00,0x00,0x00,0x00,0x00,0x00,
    0x00,0x00,0x00,0x00,0x00,0x00,0x00,0x00,0x00,0x00,0x00,0x00,0x00,0x00,0x00,0x00,
    0x00,0x00,0x00,0x00,0x00,0x00,0x00,0x00,0x00,0x00,0x00,0x00,0x00,0x00,0x00,0x00,
    0x00,0x00,0x00,0x00,0x00,0x00,0x00,0x00,0x10,0xfc,0xbf,0x00,0x00,0x80,0x4f,0xf5,
    0x05,0x00,0x60,0x2f,0xf6,0x02,0x00,0x00,0xfd,0x4f,0x00,0x00,0x90,0xff,0x3f,0x90,
    0x0f,0xf3,0x18,0xfd,0xf4,0x0a,0xf6,0x02,0xd0,0xff,0x01,0xf2,0x3b,0xc4,0xff,0x03,
    0x50,0xfe,0xcf,0xd4,0x3f,0x00,0x00,0x00,0x00,0x00,0x00,0x00,0x00,0x00,0x00,0x00,
    0x00,0x00,0x00,0x00,0x00,0x00,0x00,0x00,0x00,0x00,0x00,0x00,0x00,0x00,0x00,0x00,
    0x20,0x4f,0xf1,0x02,0x0f,0x00,0x00,0x00,0x00,0x00,0x00,0x00,0x00,0x00,0x00,0x00,
    0x00,0x00,0x00,0x00,0x00,0x00,0x00,0x00,0x00,0x00,0x00,0x00,0x00,0x00,0x10,0x6f,
    0xa0,0x0e,0xf1,0x06,0xf4,0x01,0xf7,0x00,0xf8,0x00,0xf7,0x00,0xf5,0x01,0xf1,0x06,
    0xa0,0x0d,0x10,0x6f,0x00,0x00,0x00,0x00,0x00,0x00,0x00,0x00,0x00,0x00,0x00,0x00,
    0x00,0x00,0xf5,0x01,0xd0,0x0b,0x60,0x1f,0x10,0x5f,0x00,0x8f,0x00,0x9f,0x00,0x8f,
    0x10,0x5f,0x50,0x1f,0xd0,0x0b,0xf5,0x01,0x00,0x00,0x00,0x00,0x00,0x00,0x00,0x00,
    0x00,0x00,0x00,0x00,0x00,0x00,0x00,0x00,0x00,0x00,0x00,0xf2,0x03,0x10,0x01,0x1f,
    0x21,0xf8,0xfe,0xfe,0x0a,0xb2,0xcf,0x02,0x40,0x4f,0x6f,0x00,0x94,0x80,0x05,0x00,
    0x00,0x00,0x00,0x00,0x00,0x00,0x00,0x00,0x00,0x00,0x00,0x00,0x00,0x00,0x00,0x00,
    0x00,0x00,0x00,0x00,0x00,0x00,0x00,0x00,0x00,0x00,0x00,0x00,0x00,0x00,0x00,0x00,
    0x00,0x00,0x00,0x00,0x00,0x00,0x00,0x00,0x00,0x00,0x00,0x00,0x00,0x00,0x00,0x00,
    0x00,0x00,0x00,0x00,0x00,0x4f,0x00,0x00,0xf0,0x04,0x60,0xff,0xff,0xdf,0x31,0xf3,
    0x36,0x02,0x00,0x4f,0x00,0x00,0xf0,0x04,0x00,0x00,0x00,0x00,0x00,0x00,0x00,0x00,
    0x00,0x00,0x00,0x00,0x00,0x00,0x00,0x00,0x00,0x00,0x00,0x00,0x00,0x00,0x00,0x00,
    0x00,0x00,0x00,0x00,0x00,0x00,0x00,0x00,0x00,0x00,0x00,0x00,0x00,0x00,0x00,0x00,
    0x00,0x00,0x00,0x00,0xf0,0x09,0xf3,0x03,0xd7,0x00,0x00,0x00,0x00,0x00,0x00,0x00,
    0x00,0x00,0x00,0x00,0x00,0x00,0x00,0x00,0x00,0x00,0x00,0x00,0x00,0x00,0x00,0x00,
    0x00,0x00,0xf9,0xcf,0x31,0x23,0x00,0x00,0x00,0x00,0x00,0x00,0x00,0x00,0x00,0x00,
    0x00,0x00,0x00,0x00,0x00,0x00,0x00,0x00,0x00,0x00,0x00,0x00,0x00,0x00,0x00,0x00,
    0x00,0x00,0x00,0x00,0x00,0x00,0x00,0x00,0x00,0x00,0xd1,0x07,0xf1,0x09,0x00,0x00,
    0x00,0x00,0x00,0x00,0x00,0x00,0x00,0x00,0x00,0x00,0x00,0x00,0x00,0x00,0x00,0x00,
    0x00,0x00,0x00,0x00,0xdb,0x00,0xf1,0x06,0x70,0x0f,0x00,0xae,0x00,0xf3,0x03,0xa0,
    0x0e,0x00,0x7f,0x00,0xf6,0x01,0xd0,0x0b,0x00,0x00,0x00,0x00,0x00,0x00,0x00,0x00,
    0x00,0x00,0x00,0x00,0x00,0x00,0x00,0x00,0x00,0x00,0x00,0x00,0x00,0x00,0x00,0x00,
    0x00,0x00,0x00,0x00,0x00,0xe3,0xff,0x07,0xf0,0x3d,0xf7,0x43,0x4f,0x00,0xae,0xf6,
    0x01,0xb0,0x7d,0x0f,0x00,0xfa,0xf6,0x01,0xb0,0x3e,0x4f,0x00,0xbe,0xe0,0x3d,0xf7,
    0x05,0xe2,0xff,0x07,0x00,0x00,0x00,0x00,0x00,0x00,0x00,0x00,0x00,0x00,0x00,0x00,
    0x00,0x00,0x00,0x00,0x00,0x00,0x00,0x00,0x00,0x00,0x00,0x00,0x00,0x00,0x00,0x00,
    0x00,0x00,0x00,0x00,0x30,0xff,0x00,0x60,0xff,0x0f,0x00,0x5a,0xf9,0x00,0x00,0xa0,
    0x0f,0x00,0x00,0xfa,0x00,0x00,0xa0,0x0f,0x00,0x00,0xfa,0x00,0x00,0xa0,0x0f,0x00,
    0x00,0xfa,0x00,0x00,0x00,0x00,0x00,0x00,0x00,0x00,0x00,0x00,0x00,0x00,0x00,0x00,
    0x00,0x00,0x00,0x00,0x00,0x00,0x00,0x00,0x00,0x00,0x00,0x00,0x00,0x00,0x00,0x00,
    0x00,0x00,0x00,0xf7,0xff,0x08,0xf2,0x37,0xf7,0x05,0x00,0x00,0x8f,0x00,0x00,0xf4,
    0x05,0x00,0xf1,0x0c,0x00,0xe1,0x1e,0x00,0xe1,0x1e,0x00,0xe1,0x2e,0x22,0x71,0xff,
    0xff,0xff,0x00,0x00,0x00,0x00,0x00,0x00,0x00,0x00,0x00,0x00,0x00,0x00,0x00,0x00,
    0x00,0x00,0x00,0x00,0x00,0x00,0x00,0x00,0x00,0x00,0x00,0x00,0x00,0x00,0x00,0x00,
    0x00,0x10,0xfa,0xff,0x08,0xc1,0x25,0xf7,0x05,0x00,0x00,0x7f,0x00,0x10,0xf8,0x02,
    0xf0,0xff,0x06,0x00,0x33,0xf8,0x07,0x00,0x00,0xdd,0x64,0x23,0xf7,0x59,0xfe,0xff,
    0x09,0x00,0x00,0x00,0x00,0x00,0x00,0x00,0x00,0x00,0x00,0x00,0x00,0x00,0x00,0x00,
    0x00,0x00,0x00,0x00,0x00,0x00,0x00,0x00,0x00,0x00,0x00,0x00,0x00,0x00,0x00,0x00,
    0x00,0x00,0xe0,0x0f,0x00,0x90,0xff,0x00,0x40,0x9f,0x0f,0x10,0x6f,0xf8,0x00,0xcb,
    0x80,0x0f,0xf6,0x01,0xf8,0xd0,0xff,0xff,0xff,0x32,0x33,0xf9,0x03,0x00,0x80,0x0f,
    0x00,0x00,0x00,0x00,0x00,0x00,0x00,0x00,0x00,0x00,0x00,0x00,0x00,0x00,0x00,0x00,
    0x00,0x00,0x00,0x00,0x00,0x00,0x00,0x00,0x00,0x00,0x00,0x00,0x00,0x00,0x00,0x00,
    0xfd,0xff,0x2f,0xf0,0x29,0x22,0x00,0x7f,0x00,0x00,0xf0,0xff,0x8f,0x00,0x44,0x93,
    0x7f,0x00,0x00,0xe0,0x0c,0x00,0x00,0xbe,0x83,0x23,0xf8,0x25,0xfe,0xef,0x06,0x00,
    0x00,0x00,0x00,0x00,0x00,0x00,0x00,0x00,0x00,0x00,0x00,0x00,0x00,0x00,0x00,0x00,
    0x00,0x00,0x00,0x00,0x00,0x00,0x00,0x00,0x00,0x00,0x00,0x00,0x00,0x00,0x00,0x50,
    0xfe,0x3f,0x70,0x8f,0x33,0x01,0x7f,0x00,0x00,0xf4,0xf7,0xbf,0x61,0xdf,0x54,0xaf,
    0xf6,0x02,0xa0,0x3f,0x4f,0x00,0xea,0xe0,0x3e,0xf5,0x08,0xc2,0xff,0x0a,0x00,0x00,
    0x00,0x00,0x00,0x00,0x00,0x00,0x00,0x00,0x00,0x00,0x00,0x00,0x00,0x00,0x00,0x00,
    0x00,0x00,0x00,0x00,0x00,0x00,0x00,0x00,0x00,0x00,0x00,0x00,0x00,0x90,0xff,0xff,
    0xff,0x21,0x22,0xf2,0x0a,0x00,0x50,0x2f,0x00,0x00,0xce,0x00,0x00,0xf4,0x04,0x00,
    0xc0,0x0e,0x00,0x30,0x6f,0x00,0x00,0xfb,0x00,0x00,0xf2,0x07,0x00,0x00,0x00,0x00,
    0x00,0x00,0x00,0x00,0x00,0x00,0x00,0x00,0x00,0x00,0x00,0x00,0x00,0x00,0x00,0x00,
    0x00,0x00,0x00,0x00,0x00,0x00,0x00,0x00,0x00,0x00,0x00,0x00,0x00,0xe4,0xff,0x0a,
    0xf0,0x2b,0xf5,0x17,0x5f,0x00,0x8f,0x90,0x8f,0xec,0x01,0xf2,0xff,0x06,0xf2,0x08,
    0xf5,0x77,0x0f,0x00,0xfa,0xf4,0x28,0xf4,0x0b,0xf7,0xff,0x1b,0x00,0x00,0x00,0x00,
    0x00,0x00,0x00,0x00,0x00,0x00,0x00,0x00,0x00,0x00,0x00,0x00,0x00,0x00,0x00,0x00,
    0x00,0x00,0x00,0x00,0x00,0x00,0x00,0x00,0x00,0x00,0x00,0x00,0xf5,0xff,0x06,0xf2,
    0x29,0xf6,0x75,0x0f,0x00,0xcc,0xf5,0x05,0xf3,0x0e,0xfa,0xff,0xec,0x00,0x21,0xd0,
    0x0c,0x00,0x20,0x7f,0x30,0x52,0xff,0x00,0xfd,0xbf,0x01,0x00,0x00,0x00,0x00,0x00,
    0x00,0x00,0x00,0x00,0x00,0x00,0x00,0x00,0x00,0x00,0x00,0x00,0x00,0x00,0x00,0x00,
    0x00,0x00,0x00,0x00,0x00,0x00,0x00,0xf1,0x09,0xd1,0x07,0x00,0x00,0x00,0x00,0x00,
    0x00,0xd1,0x07,0xf1,0x09,0x00,0x00,0x00,0x00,0x00,0x00,0x00,0x00,0x00,0x00,0x00,
    0x00,0x00,0x00,0x00,0x00,0x00,0x00,0x00,0x00,0x00,0x00,0xf1,0x09,0xd1,0x07,0x00,
    0x00,0x00,0x00,0x00,0x00,0x00,0x00,0xf1,0x07,0xf4,0x01,0xc8,0x00,0x00,0x00,0x00,
    0x00,0x00,0x00,0x00,0x00,0x00,0x00,0x00,0x00,0x00,0x00,0x00,0x00,0x00,0x00,0x00,
    0x00,0x00,0x00,0x00,0x00,0x00,0x00,0x00,0x60,0x0b,0x00,0xf6,0x5e,0x60,0xdf,0x05,
    0x60,0xbf,0x01,0x00,0x40,0xfc,0x3a,0x00,0x00,0xa2,0xbf,0x00,0x00,0x10,0x06,0x00,
    0x00,0x00,0x00,0x00,0x00,0x00,0x00,0x00,0x00,0x00,0x00,0x00,0x00,0x00,0x00,0x00,
    0x00,0x00,0x00,0x00,0x00,0x00,0x00,0x00,0x00,0x00,0x00,0x00,0x00,0x00,0x00,0x00,
    0x00,0x00,0x00,0x00,0x00,0x00,0x00,0x00,0x00,0x00,0x00,0x00,0xf6,0xff,0xff,0x1d,
    0x33,0x33,0x23,0xf6,0xff,0xff,0x1d,0x33,0x33,0x23,0x00,0x00,0x00,0x00,0x00,0x00,
    0x00,0x00,0x00,0x00,0x00,0x00,0x00,0x00,0x00,0x00,0x00,0x00,0x00,0x00,0x00,0x00,
    0x00,0x00,0x00,0x00,0x00,0x00,0x00,0x00,0x00,0x00,0x00,0x00,0x00,0x00,0x00,0x00,
    0x00,0x00,0x00,0x00,0xa6,0x01,0x00,0x20,0xfb,0x1a,0x00,0x00,0xa2,0xaf,0x01,0x00,
    0x50,0xef,0x10,0xe7,0x7f,0x51,0xdf,0x05,0x00,0x33,0x00,0x00,0x00,0x00,0x00,0x00,
    0x00,0x00,0x00,0x00,0x00,0x00,0x00,0x00,0x00,0x00,0x00,0x00,0x00,0x00,0x00,0x00,
    0x00,0x00,0x00,0x00,0x00,0x00,0x00,0x00,0x00,0x00,0x00,0x00,0x00,0xf8,0xff,0x0a,
    0x66,0x52,0x6f,0x00,0x00,0x7f,0x00,0xb0,0x1f,0x00,0xed,0x01,0x20,0x1f,0x00,0x10,
    0x03,0x00,0x40,0x3e,0x00,0x60,0x3f,0x00,0x00,0x00,0x00,0x00,0x00,0x00,0x00,0x00,
    0x00,0x00,0x00,0x00,0x00,0x00,0x00,0x00,0x00,0x00,0x00,0x00,0x00,0x00,0x00,0x00,
    0x00,0x00,0x00,0x00,0x00,0x00,0x00,0x00,0x00,0x00,0x00,0x00,0x00,0x00,0x00,0x00,
    0x00,0x00,0x00,0x60,0xfd,0xff,0x1a,0x00,0x00,0xfc,0x37,0x52,0xfc,0x02,0x90,0x1e,
    0xf9,0xef,0xb2,0x0b,0xf0,0x74,0x5f,0xf3,0x32,0x0f,0xf3,0xc0,0x09,0xf1,0x21,0x0f,
    0xf5,0xb0,0x0c,0xf7,0x92,0x0d,0xf3,0x30,0xff,0x8d,0xff,0x03,0xf0,0x07,0x20,0x00,
    0x01,0x00,0x60,0x8f,0x02,0x51,0x05,0x00,0x00,0xe5,0xff,0xff,0x06,0x00,0x00,0x00,
    0x21,0x01,0x00,0x00,0x00,0x00,0x00,0x00,0x00,0x00,0x00,0x00,0x00,0x00,0x00,0x00,
    0x00,0x00,0x00,0x00,0x00,0x00,0x00,0x00,0x00,0x00,0x00,0x00,0x00,0x00,0x00,0x00,
    0x00,0x00,0x00,0x00,0x00,0x00,0x00,0x00,0xfc,0x03,0x00,0x00,0xf2,0xaf,0x00,0x00,
    0x80,0x6f,0x0f,0x00,0x00,0x8f,0xf1,0x06,0x00,0xf4,0x02,0xda,0x00,0xc0,0xff,0xff,
    0x2f,0x10,0x8f,0x33,0xf3,0x09,0xf8,0x01,0x00,0xf9,0xf0,0x0c,0x00,0x30,0x5f,0x00,
    0x00,0x00,0x00,0x00,0x00,0x00,0x00,0x00,0x00,0x00,0x00,0x00,0x00,0x00,0x00,0x00,
    0x00,0x00,0x00,0x00,0x00,0x00,0x00,0x00,0x00,0x00,0x00,0x00,0x00,0x00,0x00,0x00,
    0x00,0x00,0x00,0x00,0x00,0xe0,0xff,0xff,0x08,0xe0,0x2c,0x92,0x6f,0xe0,0x0b,0x00,
    0x9f,0xe0,0x0b,0x60,0x4f,0xe0,0xff,0xff,0x08,0xe0,0x3c,0x73,0x8f,0xe0,0x0b,0x00,
    0xed,0xe0,0x2c,0x62,0xaf,0xe0,0xff,0xff,0x1a,0x00,0x00,0x00,0x00,0x00,0x00,0x00,
    0x00,0x00,0x00,0x00,0x00,0x00,0x00,0x00,0x00,0x00,0x00,0x00,0x00,0x00,0x00,0x00,
    0x00,0x00,0x00,0x00,0x00,0x00,0x00,0x00,0x00,0x00,0x00,0x00,0x00,0x00,0xc4,0xff,
    0x8f,0x50,0xcf,0x34,0x56,0xf0,0x0e,0x00,0x00,0xf2,0x07,0x00,0x00,0xf4,0x05,0x00,
    0x00,0xf2,0x07,0x00,0x00,0xf0,0x0d,0x00,0x00,0x60,0xcf,0x24,0x44,0x00,0xe6,0xff,
    0x6f,0x00,0x00,0x00,0x00,0x00,0x00,0x00,0x00,0x00,0x00,0x00,0x00,0x00,0x00,0x00,
    0x00,0x00,0x00,0x00,0x00,0x00,0x00,0x00,0x00,0x00,0x00,0x00,0x00,0x00,0x00,0x00,
    0x00,0x00,0x00,0x00,0x00,0x00,0x00,0x00,0x00,0x00,0xe0,0xff,0xff,0x19,0x00,0xe0,
    0x2c,0x73,0xef,0x00,0xe0,0x0b,0x00,0xf4,0x07,0xe0,0x0b,0x00,0xf0,0x0b,0xe0,0x0b,
    0x00,0xe0,0x0d,0xe0,0x0b,0x00,0xf0,0x0b,0xe0,0x0b,0x00,0xf5,0x06,0xe0,0x2c,0x84,
    0xdf,0x00,0xe0,0xff,0xff,0x08,0x00,0x00,0x00,0x00,0x00,0x00,0x00,0x00,0x00,0x00,
    0x00,0x00,0x00,0x00,0x00,0x00,0x00,0x00,0x00,0x00,0x00,0x00,0x00,0x00,0x00,0x00,
    0x00,0x00,0x00,0x00,0x00,0x00,0x00,0x00,0x00,0x00,0x00,0x00,0x00,0xfe,0xff,0x8f,
    0xe0,0x2c,0x22,0x01,0xce,0x00,0x00,0xe0,0x0c,0x00,0x00,0xfe,0xff,0x4f,0xe0,0x3c,
    0x33,0x01,0xce,0x00,0x00,0xe0,0x2c,0x22,0x01,0xfe,0xff,0x8f,0x00,0x00,0x00,0x00,
    0x00,0x00,0x00,0x00,0x00,0x00,0x00,0x00,0x00,0x00,0x00,0x00,0x00,0x00,0x00,0x00,
    0x00,0x00,0x00,0x00,0x00,0x00,0x00,0x00,0x00,0x00,0x00,0x00,0xfe,0xff,0x8f,0xe0,
    0x2c,0x22,0x01,0xbe,0x00,0x00,0xe0,0x0b,0x00,0x00,0xfe,0xff,0x4f,0xe0,0x3c,0x33,
    0x00,0xbe,0x00,0x00,0xe0,0x0b,0x00,0x00,0xbe,0x00,0x00,0x00,0x00,0x00,0x00,0x00,
    0x00,0x00,0x00,0x00,0x00,0x00,0x00,0x00,0x00,0x00,0x00,0x00,0x00,0x00,0x00,0x00,
    0x00,0x00,0x00,0x00,0x00,0x00,0x00,0x00,0x00,0x00,0x00,0x00,0x00,0x00,0x00,0x00,
    0x30,0xfb,0xff,0x3d,0x40,0xef,0x25,0x84,0x00,0xee,0x00,0x00,0x00,0xf2,0x07,0x00,
    0x00,0x40,0x5f,0x00,0xff,0x8f,0xf2,0x06,0x20,0xf3,0x08,0xdf,0x00,0x00,0x8f,0x60,
    0xcf,0x24,0xf3,0x08,0x50,0xfd,0xff,0x5e,0x00,0x00,0x00,0x00,0x00,0x00,0x00,0x00,
    0x00,0x00,0x00,0x00,0x00,0x00,0x00,0x00,0x00,0x00,0x00,0x00,0x00,0x00,0x00,0x00,
    0x00,0x00,0x00,0x00,0x00,0x00,0x00,0x00,0x00,0x00,0x00,0x00,0x00,0x00,0x00,0x00,
    0x00,0x00,0x00,0xe0,0x0c,0x00,0xf0,0x08,0xe0,0x0c,0x00,0xf0,0x08,0xe0,0x0c,0x00,
    0xf0,0x08,0xe0,0x0c,0x00,0xf0,0x08,0xe0,0xff,0xff,0xff,0x08,0xe0,0x3c,0x33,0xf3,
    0x08,0xe0,0x0c,0x00,0xf0,0x08,0xe0,0x0c,0x00,0xf0,0x08,0xe0,0x0c,0x00,0xf0,0x08,
    0x00,0x00,0x00,0x00,0x00,0x00,0x00,0x00,0x00,0x00,0x00,0x00,0x00,0x00,0x00,0x00,
    0x00,0x00,0x00,0x00,0x00,0x00,0x00,0x00,0x00,0x00,0x00,0x00,0x00,0x00,0x00,0x00,
    0x80,0xff,0x1f,0x80,0x1f,0x00,0xf7,0x00,0x70,0x0f,0x00,0xf7,0x00,0x70,0x0f,0x00,
    0xf7,0x00,0x80,0x0f,0x80,0xff,0x1f,0x00,0x00,0x00,0x00,0x00,0x00,0x00,0x00,0x00,
    0x00,0x00,0x00,0x00,0x00,0x00,0x00,0x00,0x00,0x00,0x00,0xf0,0x0b,0xf0,0x0b,0xf0,
    0x0b,0xf0,0x0b,0xf0,0x0b,0xf0,0x0b,0xf0,0x0b,0xf0,0x0b,0xf0,0x0a,0xf3,0x07,0xdf,
    0x01,0x01,0x00,0x00,0x00,0x00,0x00,0x00,0x00,0x00,0x00,0x00,0x00,0x00,0x00,0x00,
    0x00,0x00,0x00,0x00,0x00,0x00,0x00,0x00,0x00,0xe0,0x0c,0x10,0xcf,0xe0,0x0c,0xe1,
    0x0d,0xe0,0x0c,0xfd,0x01,0xe0,0xbc,0x2f,0x00,0xe0,0xff,0x1f,0x00,0xe0,0x2e,0xcf,
    0x00,0xe0,0x0c,0xf5,0x07,0xe0,0x0c,0x90,0x3f,0xe0,0x0c,0x00,0xfe,0x00,0x00,0x00,
    0x00,0x00,0x00,0x00,0x00,0x00,0x00,0x00,0x00,0x00,0x00,0x00,0x00,0x00,0x00,0x00,
    0x00,0x00,0x00,0x00,0x00,0x00,0x00,0x00,0x00,0x00,0x00,0x00,0x00,0x00,0x00,0xbe,
    0x00,0x00,0xe0,0x0b,0x00,0x00,0xbe,0x00,0x00,0xe0,0x0b,0x00,0x00,0xbe,0x00,0x00,
    0xe0,0x0b,0x00,0x00,0xbe,0x00,0x00,0xe0,0x4d,0x44,0x02,0xfe,0xff,0xbf,0x00,0x00,
    0x00,0x00,0x00,0x00,0x00,0x00,0x00,0x00,0x00,0x00,0x00,0x00,0x00,0x00,0x00,0x00,
    0x00,0x00,0x00,0x00,0x00,0x00,0x00,0x00,0x00,0x00,0x00,0x00,0x00,0x00,0x00,0x00,
    0x00,0x00,0x00,0x00,0x00,0x00,0x00,0x00,0x00,0x00,0xe0,0x7f,0x00,0x00,0xf9,0x0d,
    0xe0,0xef,0x00,0x00,0xff,0x0d,0xe0,0xfa,0x03,0x40,0xcf,0x0d,0xe0,0xc9,0x09,0xb0,
    0xca,0x0d,0xe0,0x69,0x0f,0xf1,0xc3,0x0d,0xe0,0x09,0x5f,0xf7,0xc0,0x0d,0xe0,0x09,
    0xbb,0x8e,0xc0,0x0d,0xe0,0x09,0xf5,0x1f,0xc0,0x0d,0xe0,0x09,0xf0,0x0c,0xc0,0x0d,
    0x00,0x00,0x00,0x00,0x00,0x00,0x00,0x00,0x00,0x00,0x00,0x00,0x00,0x00,0x00,0x00,
    0x00,0x00,0x00,0x00,0x00,0x00,0x00,0x00,0x00,0x00,0x00,0x00,0x00,0x00,0x00,0x00,
    0x00,0x00,0x00,0x00,0x00,0x00,0x00,0x00,0x00,0x00,0x00,0x00,0x00,0x00,0x00,0x00,
    0x00,0xe0,0x4f,0x00,0x80,0x0f,0xe0,0xff,0x00,0x80,0x0f,0xe0,0xfa,0x09,0x80,0x0f,
    0xe0,0x79,0x3f,0x80,0x0f,0xe0,0x09,0xde,0x80,0x0f,0xe0,0x09,0xf3,0x87,0x0f,0xe0,
    0x09,0x80,0x9f,0x0f,0xe0,0x09,0x00,0xfe,0x0f,0xe0,0x09,0x00,0xf3,0x0f,0x00,0x00,
    0x00,0x00,0x00,0x00,0x00,0x00,0x00,0x00,0x00,0x00,0x00,0x00,0x00,0x00,0x00,0x00,
    0x00,0x00,0x00,0x00,0x00,0x00,0x00,0x00,0x00,0x00,0x00,0x00,0x00,0x00,0x00,0x00,
    0x00,0x00,0x00,0x00,0x00,0x00,0x00,0x00,0x00,0x00,0x00,0x00,0xd5,0xff,0x7e,0x00,
    0x60,0xaf,0x34,0xf8,0x09,0xf0,0x0d,0x00,0x90,0x1f,0xf2,0x07,0x00,0x30,0x6f,0xf4,
    0x05,0x00,0x20,0x7f,0xf2,0x07,0x00,0x30,0x6f,0xf0,0x0d,0x00,0x90,0x1f,0x60,0xaf,
    0x34,0xf8,0x09,0x00,0xe5,0xff,0x7e,0x00,0x00,0x00,0x00,0x00,0x00,0x00,0x00,0x00,
    0x00,0x00,0x00,0x00,0x00,0x00,0x00,0x00,0x00,0x00,0x00,0x00,0x00,0x00,0x00,0x00,
    0x00,0x00,0x00,0x00,0x00,0x00,0x00,0x00,0x00,0x00,0x00,0x00,0x00,0x00,0x00,0x00,
    0xe0,0xff,0xef,0x04,0xe0,0x2c,0xc3,0x1f,0xe0,0x0b,0x40,0x5f,0xe0,0x0b,0xb1,0x2f,
    0xe0,0xff,0xff,0x05,0xe0,0x2c,0x01,0x00,0xe0,0x0b,0x00,0x00,0xe0,0x0b,0x00,0x00,
    0xe0,0x0b,0x00,0x00,0x00,0x00,0x00,0x00,0x00,0x00,0x00,0x00,0x00,0x00,0x00,0x00,
    0x00,0x00,0x00,0x00,0x00,0x00,0x00,0x00,0x00,0x00,0x00,0x00,0x00,0x00,0x00,0x00,
    0x00,0x00,0x00,0x00,0x00,0x00,0x00,0x00,0x00,0x00,0x00,0x00,0x00,0x00,0xd5,0xff,
    0x7e,0x00,0x60,0xaf,0x34,0xf8,0x09,0xf0,0x0d,0x00,0x90,0x1f,0xf2,0x07,0x00,0x30,
    0x6f,0xf4,0x05,0x00,0x20,0x7f,0xf2,0x07,0x00,0x30,0x6f,0xf0,0x0d,0x00,0x90,0x1f,
    0x60,0xaf,0x34,0xf8,0x09,0x00,0xe5,0xff,0x7f,0x00,0x00,0x00,0x40,0xbf,0x00,0x00,
    0x00,0x00,0xf6,0x0a,0x00,0x00,0x00,0x00,0x00,0x00,0x00,0x00,0x00,0x00,0x00,0x00,
    0x00,0x00,0x00,0x00,0x00,0x00,0x00,0x00,0x00,0x00,0x00,0x00,0x00,0x00,0x00,0x00,
    0x00,0x00,0xe0,0xff,0xef,0x05,0xe0,0x2c,0xc3,0x2f,0xe0,0x0b,0x30,0x5f,0xe0,0x0b,
    0xa1,0x2f,0xe0,0xff,0xff,0x04,0xe0,0x3c,0xfa,0x01,0xe0,0x0b,0xf1,0x0a,0xe0,0x0b,
    0x70,0x3f,0xe0,0x0b,0x00,0xef,0x00,0x00,0x00,0x00,0x00,0x00,0x00,0x00,0x00,0x00,
    0x00,0x00,0x00,0x00,0x00,0x00,0x00,0x00,0x00,0x00,0x00,0x00,0x00,0x00,0x00,0x00,
    0x00,0x00,0x00,0x00,0x00,0x00,0x00,0x00,0xe5,0xff,0x3e,0xf1,0x2a,0x83,0x41,0x4f,
    0x00,0x00,0xf1,0x6f,0x00,0x00,0xc2,0xff,0x07,0x00,0x20,0xfb,0x06,0x00,0x00,0x9f,
    0x74,0x23,0xf7,0x45,0xff,0xff,0x07,0x00,0x00,0x00,0x00,0x00,0x00,0x00,0x00,0x00,
    0x00,0x00,0x00,0x00,0x00,0x00,0x00,0x00,0x00,0x00,0x00,0x00,0x00,0x00,0x00,0x00,
    0x00,0x00,0x00,0x00,0x00,0x00,0xf0,0xff,0xff,0xff,0x21,0xf2,0x28,0x02,0x10,0x6f,
    0x00,0x00,0xf1,0x06,0x00,0x10,0x6f,0x00,0x00,0xf1,0x06,0x00,0x10,0x6f,0x00,0x00,
    0xf1,0x06,0x00,0x10,0x6f,0x00,0x00,0x00,0x00,0x00,0x00,0x00,0x00,0x00,0x00,0x00,
    0x00,0x00,0x00,0x00,0x00,0x00,0x00,0x00,0x00,0x00,0x00,0x00,0x00,0x00,0x00,0x00,
    0x00,0x00,0x00,0x00,0x00,0x00,0x00,0x00,0x00,0x00,0x00,0x00,0x00,0xf0,0x0a,0x00,
    0xf0,0x08,0xf0,0x0a,0x00,0xf0,0x08,0xf0,0x0a,0x00,0xf0,0x08,0xf0,0x0a,0x00,0xf0,
    0x08,0xf0,0x0a,0x00,0xf0,0x08,0xf0,0x0a,0x00,0xf0,0x08,0xd0,0x0d,0x00,0xf2,0x06,
    0x60,0x8f,0x43,0xfd,0x01,0x00,0xf7,0xff,0x2c,0x00,0x00,0x00,0x00,0x00,0x00,0x00,
    0x00,0x00,0x00,0x00,0x00,0x00,0x00,0x00,0x00,0x00,0x00,0x00,0x00,0x00,0x00,0x00,
    0x00,0x00,0x00,0x00,0x00,0x00,0x00,0x00,0x00,0x00,0x00,0x00,0x00,0x00,0x00,0x00,
    0x00,0x00,0xbf,0x00,0x00,0xfc,0xf8,0x00,0x10,0x8f,0xf2,0x06,0x60,0x2f,0xd0,0x0c,
    0xd0,0x0d,0x70,0x1f,0xf1,0x06,0x10,0x7f,0xf7,0x01,0x00,0xdc,0xbd,0x00,0x00,0xf5,
    0x5f,0x00,0x00,0xf0,0x0f,0x00,0x00,0x00,0x00,0x00,0x00,0x00,0x00,0x00,0x00,0x00,
    0x00,0x00,0x00,0x00,0x00,0x00,0x00,0x00,0x00,0x00,0x00,0x00,0x00,0x00,0x00,0x00,
    0x00,0x00,0x00,0x00,0x00,0x00,0x00,0x00,0x00,0x00,0x00,0x00,0x00,0x00,0x00,0x00,
    0x00,0x00,0x00,0x00,0xce,0x00,0xe0,0x0f,0x00,0xf8,0xf9,0x00,0xf1,0x4f,0x00,0xdd,
    0xf4,0x03,0xf6,0xad,0x00,0x8f,0xf0,0x08,0xcc,0xf8,0x40,0x3f,0xc0,0x0d,0x6f,0xf3,
    0x82,0x0f,0x70,0x4f,0x1f,0xf0,0xd8,0x0b,0x30,0xbf,0x0e,0xa0,0xfc,0x06,0x00,0xff,
    0x08,0x50,0xff,0x01,0x00,0xfb,0x03,0x00,0xff,0x00,0x00,0x00,0x00,0x00,0x00,0x00,
    0x00,0x00,0x00,0x00,0x00,0x00,0x00,0x00,0x00,0x00,0x00,0x00,0x00,0x00,0x00,0x00,
    0x00,0x00,0x00,0x00,0x00,0x00,0x00,0x00,0x00,0x00,0x00,0x00,0x00,0x00,0x00,0x00,
    0x00,0x00,0x00,0x00,0x00,0x00,0xf8,0x03,0x30,0x6f,0xe0,0x0e,0xe0,0x0c,0x20,0x7f,
    0xf8,0x02,0x00,0xf8,0x6f,0x00,0x00,0xf1,0x1f,0x00,0x00,0xeb,0xaf,0x00,0x50,0x3f,
    0xf5,0x04,0xf1,0x0a,0xc0,0x1f,0xfb,0x01,0x20,0xaf,0x00,0x00,0x00,0x00,0x00,0x00,
    0x00,0x00,0x00,0x00,0x00,0x00,0x00,0x00,0x00,0x00,0x00,0x00,0x00,0x00,0x00,0x00,
    0x00,0x00,0x00,0x00,0x00,0x00,0x00,0x00,0x00,0x00,0x00,0x00,0x00,0x00,0xed,0x00,
    0x40,0x6f,0xf3,0x06,0xd0,0x0e,0xb0,0x0f,0xf4,0x04,0x20,0x6f,0xbe,0x00,0x00,0xf9,
    0x2f,0x00,0x00,0xf1,0x0a,0x00,0x00,0xf0,0x09,0x00,0x00,0xf0,0x09,0x00,0x00,0xf0,
    0x09,0x00,0x00,0x00,0x00,0x00,0x00,0x00,0x00,0x00,0x00,0x00,0x00,0x00,0x00,0x00,
    0x00,0x00,0x00,0x00,0x00,0x00,0x00,0x00,0x00,0x00,0x00,0x00,0x00,0x00,0x00,0x00,
    0x00,0x00,0x00,0x80,0xff,0xff,0xff,0x21,0x22,0xf4,0x09,0x00,0xd0,0x0e,0x00,0x80,
    0x3f,0x00,0x30,0x8f,0x00,0x00,0xee,0x00,0x00,0xf9,0x02,0x00,0xf3,0x29,0x22,0xa2,
    0xff,0xff,0xff,0x00,0x00,0x00,0x00,0x00,0x00,0x00,0x00,0x00,0x00,0x00,0x00,0x00,
    0x00,0x00,0x00,0x00,0x00,0x00,0x00,0x00,0x00,0x00,0x00,0xf0,0xff,0xf0,0x26,0xf0,
    0x05,0xf0,0x05,0xf0,0x05,0xf0,0x05,0xf0,0x05,0xf0,0x05,0xf0,0x05,0xf0,0x05,0xf0,
    0xff,0x30,0x23,0x00,0x00,0x00,0x00,0x00,0x00,0x00,0x00,0x00,0x00,0x00,0x00,0x00,
    0x00,0xd0,0x0b,0x00,0xf6,0x01,0x00,0x7f,0x00,0xa0,0x0e,0x00,0xf3,0x03,0x00,0xae,
    0x00,0x70,0x0f,0x00,0xf1,0x06,0x00,0xdb,0x00,0x00,0x00,0x00,0x00,0x00,0x00,0x00,
    0x00,0x00,0x00,0x00,0x00,0x00,0x00,0x00,0x00,0x00,0x00,0x00,0xfc,0x5f,0x21,0x5f,
    0x00,0x5f,0x00,0x5f,0x00,0x5f,0x00,0x5f,0x00,0x5f,0x00,0x5f,0x00,0x5f,0x00,0x5f,
    0xfc,0x5f,0x32,0x13,0x00,0x00,0x00,0x00,0x00,0x00,0x00,0x00,0x00,0x00,0x00,0x00,
    0x00,0x00,0x00,0x00,0x00,0x00,0x00,0x00,0x10,0x3f,0x00,0x00,0xf9,0x0c,0x00,0xf1,
    0xf3,0x04,0x70,0x0c,0xd7,0x00,0x5f,0x00,0x4f,0xf6,0x00,0x70,0x0d,0x00,0x00,0x00,
    0x00,0x00,0x00,0x00,0x00,0x00,0x00,0x00,0x00,0x00,0x00,0x00,0x00,0x00,0x00,0x00,
    0x00,0x00,0x00,0x00,0x00,0x00,0x00,0x00,0x00,0x00,0x00,0x00,0x00,0x00,0x00,0x00,
    0x00,0x00,0x00,0x00,0x00,0x00,0x00,0x00,0x00,0x00,0x00,0x00,0x00,0x00,0x00,0x00,
    0x00,0x00,0x00,0x00,0x00,0x00,0x00,0x00,0x00,0x00,0x00,0x00,0x00,0x00,0x00,0x00,
    0x00,0x00,0xff,0xff,0xcf,0x33,0x33,0x23,0x00,0x00,0x00,0x00,0x00,0x00,0x00,0x00,
    0x00,0x00,0x00,0xf3,0x08,0x40,0x3f,0x00,0x00,0x00,0x00,0x00,0x00,0x00,0x00,0x00,
    0x00,0x00,0x00,0x00,0x00,0x00,0x00,0x00,0x00,0x00,0x00,0x00,0x00,0x00,0x00,0x00,
    0x00,0x00,0x00,0x00,0x00,0x00,0x00,0x00,0x00,0x00,0x00,0x00,0x00,0x00,0x00,0x00,
    0x00,0x00,0x00,0x00,0x00,0x00,0x00,0x00,0xe5,0xff,0x0a,0x40,0x37,0xf7,0x05,0x00,
    0x00,0x7f,0x70,0xfe,0xff,0x58,0x8f,0x33,0x8f,0xf6,0x25,0xf9,0x08,0xfc,0x8f,0x8c,
    0x00,0x00,0x00,0x00,0x00,0x00,0x00,0x00,0x00,0x00,0x00,0x00,0x00,0x00,0x00,0x00,
    0x00,0x00,0x00,0x00,0x00,0x00,0x00,0x00,0x00,0x00,0x00,0x00,0x00,0x00,0xf0,0x08,
    0x00,0x00,0xf0,0x08,0x00,0x00,0xf0,0x08,0x00,0x00,0xf0,0xea,0xef,0x04,0xf0,0x5f,
    0xd3,0x1f,0xf0,0x0a,0x30,0x4f,0xf0,0x08,0x10,0x6f,0xf0,0x0a,0x30,0x4f,0xf0,0x5f,
    0xd3,0x1f,0xf0,0xf7,0xef,0x04,0x00,0x00,0x00,0x00,0x00,0x00,0x00,0x00,0x00,0x00,
    0x00,0x00,0x00,0x00,0x00,0x00,0x00,0x00,0x00,0x00,0x00,0x00,0x00,0x00,0x00,0x00,
    0x00,0x00,0x00,0x00,0x00,0x00,0x00,0x00,0x00,0x00,0x00,0x20,0xfc,0xcf,0xf0,0x4e,
    0x53,0xf3,0x05,0x00,0xf5,0x02,0x00,0xf4,0x05,0x00,0xf0,0x3e,0x63,0x20,0xfd,0xbf,
    0x00,0x00,0x00,0x00,0x00,0x00,0x00,0x00,0x00,0x00,0x00,0x00,0x00,0x00,0x00,0x00,
    0x00,0x00,0x00,0x00,0x00,0x00,0x00,0x00,0x00,0x00,0x00,0x00,0x00,0x00,0x70,0x0f,
    0x00,0x00,0x70,0x0f,0x00,0x00,0x70,0x0f,0x30,0xfe,0x9e,0x0f,0xf0,0x3e,0xf4,0x0f,
    0xf3,0x05,0x90,0x0f,0xf5,0x02,0x60,0x0f,0xf3,0x04,0x80,0x0f,0xf0,0x3d,0xf4,0x0f,
    0x30,0xfe,0x6e,0x0f,0x00,0x00,0x00,0x00,0x00,0x00,0x00,0x00,0x00,0x00,0x00,0x00,
    0x00,0x00,0x00,0x00,0x00,0x00,0x00,0x00,0x00,0x00,0x00,0x00,0x00,0x00,0x00,0x00,
    0x00,0x00,0x00,0x00,0x00,0x00,0x00,0x00,0x00,0x00,0x00,0x00,0x00,0xd2,0xff,0x08,
    0xe0,0x3e,0xf5,0x36,0x5f,0x00,0xcc,0xf5,0xff,0xff,0x3e,0x6f,0x33,0x23,0xe0,0x4d,
    0x42,0x04,0xc2,0xff,0x5f,0x00,0x00,0x00,0x00,0x00,0x00,0x00,0x00,0x00,0x00,0x00,
    0x00,0x00,0x00,0x00,0x00,0x00,0x00,0x00,0x00,0x00,0x00,0x00,0x00,0x10,0xfd,0x0f,
    0xf8,0x34,0xb0,0x0e,0xa0,0xff,0x9f,0xc1,0x2e,0x01,0xeb,0x00,0xb0,0x0e,0x00,0xeb,
    0x00,0xb0,0x0e,0x00,0xeb,0x00,0x00,0x00,0x00,0x00,0x00,0x00,0x00,0x00,0x00,0x00,
    0x00,0x00,0x00,0x00,0x00,0x00,0x00,0x00,0x00,0x00,0x00,0x00,0x00,0x00,0x00,0x00,
    0x00,0x00,0x00,0x00,0x00,0x00,0x00,0x00,0x00,0x00,0x00,0x00,0x30,0xfe,0x7e,0x0f,
    0xf0,0x3e,0xf5,0x0f,0xf3,0x05,0x80,0x0f,0xf5,0x02,0x60,0x0f,0xf3,0x04,0x80,0x0f,
    0xf0,0x3d,0xf4,0x0f,0x30,0xfe,0xaf,0x0f,0x00,0x00,0x80,0x0f,0x70,0x24,0xf4,0x0c,
    0xa0,0xff,0xbf,0x01,0x00,0x00,0x00,0x00,0x00,0x00,0x00,0x00,0x00,0x00,0x00,0x00,
    0x00,0x00,0x00,0x00,0x00,0x00,0x00,0x00,0xf0,0x08,0x00,0x00,0xf0,0x08,0x00,0x00,
    0xf0,0x08,0x00,0x00,0xf0,0xda,0xff,0x06,0xf0,0x5f,0xc2,0x0f,0xf0,0x0a,0x50,0x2f,
    0xf0,0x08,0x40,0x3f,0xf0,0x08,0x40,0x3f,0xf0,0x08,0x40,0x3f,0xf0,0x08,0x40,0x3f,
    0x00,0x00,0x00,0x00,0x00,0x00,0x00,0x00,0x00,0x00,0x00,0x00,0x00,0x00,0x00,0x00,
    0x00,0x00,0x00,0x00,0x00,0x00,0x00,0x00,0xf0,0x07,0x10,0x00,0x00,0x00,0xf0,0x08,
    0xf0,0x08,0xf0,0x08,0xf0,0x08,0xf0,0x08,0xf0,0x08,0xf0,0x08,0x00,0x00,0x00,0x00,
    0x00,0x00,0x00,0x00,0x00,0x00,0x00,0x00,0x00,0x00,0x00,0x00,0xf0,0x07,0x10,0x00,
    0x00,0x00,0xf0,0x08,0xf0,0x08,0xf0,0x08,0xf0,0x08,0xf0,0x08,0xf0,0x08,0xf0,0x08,
    0xf0,0x08,0xf5,0x06,0xcf,0x00,0x00,0x00,0x00,0x00,0x00,0x00,0x00,0x00,0x00,0x00,
    0x00,0x00,0x00,0x00,0x00,0x00,0xf0,0x08,0x00,0x00,0x8f,0x00,0x00,0xf0,0x08,0x00,
    0x00,0x8f,0x30,0xaf,0xf0,0x28,0xbf,0x00,0x9f,0xcf,0x00,0xf0,0xff,0x0a,0x00,0xbf,
    0xf5,0x06,0xf0,0x08,0xfa,0x02,0x8f,0x00,0xee,0x00,0x00,0x00,0x00,0x00,0x00,0x00,
    0x00,0x00,0x00,0x00,0x00,0x00,0x00,0x00,0x00,0x00,0x00,0x00,0x00,0x00,0x00,0xf0,
    0x08,0xf0,0x08,0xf0,0x08,0xf0,0x08,0xf0,0x08,0xf0,0x08,0xf0,0x08,0xf0,0x08,0xf0,
    0x08,0xf0,0x08,0x00,0x00,0x00,0x00,0x00,0x00,0x00,0x00,0x00,0x00,0x00,0x00,0x00,
    0x00,0x00,0x00,0x00,0x00,0x00,0x00,0x00,0x00,0x00,0x00,0x00,0x00,0x00,0x00,0x00,
    0x00,0x00,0x00,0x00,0x00,0x00,0x00,0x00,0x00,0x00,0x00,0x00,0x00,0x00,0x00,0x00,
    0x00,0x00,0x00,0x00,0x00,0xf0,0xe7,0xff,0xb4,0xff,0x08,0xf0,0x5f,0xf3,0x9f,0x92,
    0x2f,0xf0,0x0a,0xa0,0x0f,0x20,0x5f,0xf0,0x08,0x90,0x0f,0x10,0x5f,0xf0,0x08,0x90,
    0x0f,0x10,0x5f,0xf0,0x08,0x90,0x0f,0x10,0x5f,0xf0,0x08,0x90,0x0f,0x10,0x5f,0x00,
    0x00,0x00,0x00,0x00,0x00,0x00,0x00,0x00,0x00,0x00,0x00,0x00,0x00,0x00,0x00,0x00,
    0x00,0x00,0x00,0x00,0x00,0x00,0x00,0x00,0x00,0x00,0x00,0x00,0x00,0x00,0x00,0x00,
    0x00,0x00,0x00,0x00,0x00,0x00,0x00,0x00,0x00,0x00,0x00,0x00,0x00,0x00,0x00,0x00,
    0x00,0x00,0x00,0xf0,0xe7,0xff,0x05,0xf0,0x5f,0xc2,0x0f,0xf0,0x0a,0x50,0x2f,0xf0,
    0x08,0x40,0x3f,0xf0,0x08,0x40,0x3f,0xf0,0x08,0x40,0x3f,0xf0,0x08,0x40,0x3f,0x00,
    0x00,0x00,0x00,0x00,0x00,0x00,0x00,0x00,0x00,0x00,0x00,0x00,0x00,0x00,0x00,0x00,
    0x00,0x00,0x00,0x00,0x00,0x00,0x00,0x00,0x00,0x00,0x00,0x00,0x00,0x00,0x00,0x00,
    0x00,0x00,0x00,0x00,0x00,0x00,0x00,0x00,0x00,0x00,0x00,0x20,0xfc,0xcf,0x01,0xe0,
    0x3e,0xf4,0x0d,0xf3,0x05,0x60,0x2f,0xf5,0x02,0x30,0x4f,0xf3,0x05,0x60,0x2f,0xe0,
    0x3e,0xf4,0x0d,0x20,0xfc,0xbf,0x01,0x00,0x00,0x00,0x00,0x00,0x00,0x00,0x00,0x00,
    0x00,0x00,0x00,0x00,0x00,0x00,0x00,0x00,0x00,0x00,0x00,0x00,0x00,0x00,0x00,0x00,
    0x00,0x00,0x00,0x00,0x00,0x00,0x00,0x00,0x00,0x00,0x00,0x00,0x00,0x00,0x00,0x00,
    0x00,0x00,0x00,0xf0,0xe7,0xef,0x04,0xf0,0x5f,0xd3,0x1f,0xf0,0x0a,0x30,0x5f,0xf0,
    0x08,0x10,0x6f,0xf0,0x0a,0x40,0x4f,0xf0,0x5f,0xd3,0x0f,0xf0,0xea,0xef,0x04,0xf0,
    0x08,0x00,0x00,0xf0,0x08,0x00,0x00,0xf0,0x08,0x00,0x00,0x00,0x00,0x00,0x00,0x00,
    0x00,0x00,0x00,0x00,0x00,0x00,0x00,0x00,0x00,0x00,0x00,0x00,0x00,0x00,0x00,0x00,
    0x00,0x00,0x00,0x00,0x00,0x00,0x00,0x00,0x00,0x00,0x00,0x30,0xfe,0x7e,0x0f,0xf0,
    0x3e,0xf4,0x0f,0xf3,0x05,0x90,0x0f,0xf5,0x02,0x60,0x0f,0xf3,0x04,0x80,0x0f,0xf0,
    0x3d,0xf4,0x0f,0x30,0xfe,0x9e,0x0f,0x00,0x00,0x70,0x0f,0x00,0x00,0x70,0x0f,0x00,
    0x00,0x70,0x0f,0x00,0x00,0x00,0x00,0x00,0x00,0x00,0x00,0x00,0x00,0x00,0x00,0x00,
    0x00,0x00,0x00,0x00,0x00,0x00,0x00,0x00,0x00,0x00,0x00,0x00,0xf0,0xd5,0x4f,0xf0,
    0x7f,0x12,0xf0,0x0b,0x00,0xf0,0x08,0x00,0xf0,0x08,0x00,0xf0,0x08,0x00,0xf0,0x08,
    0x00,0x00,0x00,0x00,0x00,0x00,0x00,0x00,0x00,0x00,0x00,0x00,0x00,0x00,0x00,0x00,
    0x00,0x00,0x00,0x00,0x00,0x00,0x00,0x00,0x00,0x00,0x00,0x00,0x00,0x00,0x00,0x00,
    0x00,0x00,0xa0,0xff,0x6f,0xf5,0x25,0x36,0xf3,0x2a,0x00,0x40,0xfd,0x1c,0x00,0x30,
    0xbf,0x63,0x33,0xbe,0xf4,0xff,0x2d,0x00,0x00,0x00,0x00,0x00,0x00,0x00,0x00,0x00,
    0x00,0x00,0x00,0x00,0x00,0x00,0x00,0x00,0x00,0x00,0x00,0x00,0x00,0x00,0x00,0x00,
    0x53,0x00,0xb0,0x0b,0xa0,0xff,0xbf,0xf1,0x2b,0x01,0xbe,0x00,0xe0,0x0b,0x00,0xbe,
    0x00,0xd0,0x2e,0x02,0xf4,0xaf,0x00,0x00,0x00,0x00,0x00,0x00,0x00,0x00,0x00,0x00,
    0x00,0x00,0x00,0x00,0x00,0x00,0x00,0x00,0x00,0x00,0x00,0x00,0x00,0x00,0x00,0x00,
    0x00,0x00,0x00,0x00,0x00,0x00,0x00,0x00,0x00,0x00,0x00,0x00,0xf0,0x07,0x50,0x2f,
    0xf0,0x07,0x50,0x2f,0xf0,0x07,0x50,0x2f,0xf0,0x07,0x60,0x2f,0xf0,0x07,0x70,0x2f,
    0xf0,0x1d,0xf2,0x2f,0x40,0xff,0x7f,0x2f,0x00,0x00,0x00,0x00,0x00,0x00,0x00,0x00,
    0x00,0x00,0x00,0x00,0x00,0x00,0x00,0x00,0x00,0x00,0x00,0x00,0x00,0x00,0x00,0x00,
    0x00,0x00,0x00,0x00,0x00,0x00,0x00,0x00,0x00,0x00,0x00,0x00,0x00,0x00,0x00,0x00,
    0xf0,0x0c,0x00,0xce,0xf8,0x01,0xf3,0x15,0x6f,0x90,0x0f,0xc0,0x0c,0x9f,0x00,0xf5,
    0xf4,0x02,0x00,0xef,0x0d,0x00,0xa0,0x6f,0x00,0x00,0x00,0x00,0x00,0x00,0x00,0x00,
    0x00,0x00,0x00,0x00,0x00,0x00,0x00,0x00,0x00,0x00,0x00,0x00,0x00,0x00,0x00,0x00,
    0x00,0x00,0x00,0x00,0x00,0x00,0x00,0x00,0x00,0x00,0x00,0x00,0x00,0x00,0x00,0x00,
    0x00,0x00,0x00,0x00,0x00,0x00,0x00,0x00,0x00,0x00,0xcd,0x00,0xfc,0x03,0xf3,0xf8,
    0x00,0xff,0x08,0xf8,0xf3,0x43,0x8f,0x0d,0xcd,0xf0,0xa8,0x3c,0x1f,0x7f,0xb0,0xec,
    0x06,0x9f,0x2f,0x60,0xff,0x01,0xfb,0x0f,0x10,0xef,0x00,0xf6,0x0a,0x00,0x00,0x00,
    0x00,0x00,0x00,0x00,0x00,0x00,0x00,0x00,0x00,0x00,0x00,0x00,0x00,0x00,0x00,0x00,
    0x00,0x00,0x00,0x00,0x00,0x00,0x00,0x00,0x00,0x00,0x00,0x00,0x00,0x00,0x00,0x00,
    0x00,0x00,0x00,0x00,0x00,0x00,0x00,0x00,0x00,0x60,0x4f,0x30,0x7f,0xc0,0x1f,0xde,
    0x00,0xf1,0xff,0x02,0x00,0xf9,0x0a,0x00,0xf2,0xfd,0x03,0xe0,0x0d,0xec,0x80,0x2f,
    0x20,0x9f,0x00,0x00,0x00,0x00,0x00,0x00,0x00,0x00,0x00,0x00,0x00,0x00,0x00,0x00,
    0x00,0x00,0x00,0x00,0x00,0x00,0x00,0x00,0x00,0x00,0x00,0x00,0x00,0x00,0x00,0x00,
    0x00,0x00,0x00,0x00,0x00,0x00,0x00,0x00,0xe0,0x0c,0x00,0xce,0xf7,0x01,0xf3,0x15,
    0x7f,0x90,0x0f,0xa0,0x0e,0x9f,0x00,0xf3,0xf5,0x03,0x00,0xfe,0x0e,0x00,0x60,0x7f,
    0x00,0x00,0xf8,0x01,0x20,0xf4,0x0a,0x00,0xfd,0x0b,0x00,0x00,0x00,0x00,0x00,0x00,
    0x00,0x00,0x00,0x00,0x00,0x00,0x00,0x00,0x00,0x00,0x00,0x00,0x00,0x00,0x00,0x00,
    0x00,0x00,0x00,0x00,0xf6,0xff,0xbf,0x20,0x62,0x5f,0x00,0xf1,0x0a,0x00,0xec,0x00,
    0x70,0x3f,0x00,0xf3,0x28,0x12,0xf9,0xff,0xdf,0x00,0x00,0x00,0x00,0x00,0x00,0x00,
    0x00,0x00,0x00,0x00,0x00,0x00,0x00,0x00,0x00,0x00,0x00,0x00,0x00,0x00,0x00,0x00,
    0x00,0x00,0x70,0xaf,0x00,0xaf,0x01,0xf2,0x04,0x20,0x4f,0x00,0xf6,0x02,0xfc,0x07,
    0x20,0xf9,0x01,0x20,0x4f,0x00,0xf2,0x04,0x10,0x7f,0x00,0x90,0xaf,0x00,0x10,0x01,
    0x00,0x00,0x00,0x00,0x00,0x00,0x00,0x00,0x00,0x00,0x00,0x00,0x00,0x00,0x00,0x00,
    0x00,0xf0,0x02,0x00,0x00,0x2f,0x00,0x00,0xf0,0x02,0x00,0x00,0x2f,0x00,0x00,0xf0,
    0x02,0x00,0x00,0x2f,0x00,0x00,0xf0,0x02,0x00,0x00,0x2f,0x00,0x00,0xf0,0x02,0x00,
    0x00,0x2f,0x00,0x00,0xf0,0x02,0x00,0x00,0x2f,0x00,0x00,0xf0,0x02,0x00,0x00,0x00,
    0x00,0x00,0x00,0x00,0x00,0x00,0x00,0x00,0x00,0x00,0x00,0x00,0x00,0xa0,0x7f,0x00,
    0xa1,0x0f,0x00,0xf4,0x01,0x40,0x1f,0x00,0xf2,0x06,0x00,0xf7,0x0c,0xf1,0x29,0x40,
    0x2f,0x00,0xf4,0x01,0x80,0x1f,0xa0,0x9f,0x00,0x11,0x00,0x00,0x00,0x00,0x00,0x00,
    0x00,0x00,0x00,0x00,0x00,0x00,0x00,0x00,0x00,0x00,0x00,0x00,0x00,0x00,0x00,0x00,
    0x00,0x00,0x00,0x00,0x00,0x00,0x00,0x00,0x00,0x00,0xd1,0xbf,0x13,0x68,0x47,0xfb,
    0x9f,0x00,0x00,0x11,0x00,0x00,0x00,0x00,0x00,0x00,0x00,0x00,0x00,0x00,0x00,0x00,
    0x00,0x00,0x00,0x00,0x00,0x00,0x00,0x00,0x00,0x00,0x00,0x00,0x00,
};
const Font font_body = { 18, 14, 32, 95, font_body_widths, font_body_offsets, font_body_bits };
const u8 font_title_widths[95] __attribute__((aligned(4))) = {
    0x04,0x05,0x08,0x0b,0x0a,0x0f,0x0d,0x05,0x06,0x06,0x09,0x0a,0x05,0x05,0x05,0x07,
    0x0a,0x0a,0x0a,0x0a,0x0a,0x0a,0x0a,0x0a,0x0a,0x0a,0x05,0x05,0x0a,0x0a,0x0a,0x08,
    0x0f,0x0c,0x0b,0x0b,0x0c,0x0a,0x09,0x0c,0x0d,0x07,0x06,0x0b,0x0a,0x10,0x0e,0x0d,
    0x0b,0x0d,0x0b,0x09,0x0a,0x0d,0x0b,0x10,0x0b,0x0b,0x0a,0x06,0x07,0x06,0x0a,0x07,
    0x06,0x0a,0x0b,0x09,0x0b,0x0a,0x07,0x0b,0x0b,0x05,0x05,0x0b,0x05,0x11,0x0b,0x0b,
    0x0b,0x0b,0x08,0x09,0x07,0x0b,0x0a,0x0f,0x0a,0x0a,0x08,0x07,0x09,0x07,0x0a,
};
const u16 font_title_offsets[95] __attribute__((aligned(4))) = {
    0x0000,0x0030,0x006c,0x00cc,0x0150,0x01c8,0x027c,0x0318,0x0354,0x039c,0x03e4,0x0450,
    0x04c8,0x0504,0x0540,0x057c,0x05d0,0x0648,0x06c0,0x0738,0x07b0,0x0828,0x08a0,0x0918,
    0x0990,0x0a08,0x0a80,0x0abc,0x0af8,0x0b70,0x0be8,0x0c60,0x0cc0,0x0d74,0x0e04,0x0e88,
    0x0f0c,0x0f9c,0x1014,0x1080,0x1110,0x11ac,0x1200,0x1248,0x12cc,0x1344,0x1404,0x14ac,
    0x1548,0x15cc,0x1668,0x16ec,0x1758,0x17d0,0x186c,0x18f0,0x19b0,0x1a34,0x1ab8,0x1b30,
    0x1b78,0x1bcc,0x1c14,0x1c8c,0x1ce0,0x1d28,0x1da0,0x1e24,0x1e90,0x1f14,0x1f8c,0x1fe0,
    0x2064,0x20e8,0x2124,0x2160,0x21e4,0x2220,0x22ec,0x2370,0x23f4,0x2478,0x24fc,0x255c,
    0x25c8,0x261c,0x26a0,0x2718,0x27cc,0x2844,0x28bc,0x291c,0x2970,0x29dc,0x2a30,
};
const u8 font_title_bits[10920] __attribute__((aligned(4))) = {
    0x00,0x00,0x00,0x00,0x00,0x00,0x00,0x00,0x00,0x00,0x00,0x00,0x00,0x00,0x00,0x00,
    0x00,0x00,0x00,0x00,0x00,0x00,0x00,0x00,0x00,0x00,0x00,0x00,0x00,0x00,0x00,0x00,
    0x00,0x00,0x00,0x00,0x00,0x00,0x00,0x00,0x00,0x00,0x00,0x00,0x00,0x00,0x00,0x00,
    0x00,0x00,0x00,0x00,0x00,0x00,0x00,0x00,0x00,0x00,0x00,0x00,0x00,0x00,0x00,0xf0,
    0xff,0x00,0xff,0x0e,0xf0,0xdf,0x00,0xff,0x0c,0xf0,0xbf,0x00,0xfe,0x0b,0xd0,0xaf,
    0x00,0xfd,0x09,0xc0,0x8f,0x00,0x00,0x00,0xc0,0x8f,0x10,0xff,0x0f,0xc0,0x8f,0x00,
    0x00,0x00,0x00,0x00,0x00,0x00,0x00,0x00,0x00,0x00,0x00,0x00,0x00,0x00,0x00,0x00,
    0x00,0x00,0x00,0x00,0x00,0x00,0x00,0x00,0x00,0x00,0x00,0x00,0x00,0x00,0x00,0x00,
    0x00,0x00,0x00,0x00,0xf0,0x8f,0xf6,0x1f,0xf0,0x7f,0xf4,0x0f,0xe0,0x6f,0xf3,0x0f,
    0xd0,0x4f,0xf2,0x0f,0xc0,0x3f,0xf1,0x0e,0x00,0x00,0x00,0x00,0x00,0x00,0x00,0x00,
    0x00,0x00,0x00,0x00,0x00,0x00,0x00,0x00,0x00,0x00,0x00,0x00,0x00,0x00,0x00,0x00,
    0x00,0x00,0x00,0x00,0x00,0x00,0x00,0x00,0x00,0x00,0x00,0x00,0x00,0x00,0x00,0x00,
    0x00,0x00,0x00,0x00,0x00,0x00,0x00,0x00,0x00,0x00,0x00,0x00,0x00,0x00,0x00,0x00,
    0x00,0x00,0x00,0x00,0x00,0x00,0x00,0x00,0x00,0x00,0x00,0x00,0x00,0x00,0x00,0x00,
    0x00,0x00,0x00,0x00,0x00,0x00,0x00,0x00,0x00,0x00,0x00,0x00,0x00,0x00,0x10,0xdf,
    0xb0,0x3f,0x00,0x00,0xf4,0x0b,0xfe,0x01,0x00,0x70,0x8f,0xf0,0x0f,0x00,0x11,0xfb,
    0x36,0xdf,0x11,0xf1,0xff,0xff,0xff,0xff,0x1b,0xff,0xff,0xff,0xff,0xbf,0x00,0xf1,
    0x0e,0xfb,0x04,0x00,0x40,0xaf,0xe0,0x0f,0x00,0xfb,0xff,0xff,0xff,0xff,0xb1,0xff,
    0xff,0xff,0xff,0x1f,0x11,0xfe,0x72,0x9f,0x11,0x00,0xf0,0x0f,0xfa,0x05,0x00,0x30,
    0xbf,0xe0,0x1f,0x00,0x00,0x00,0x00,0x00,0x00,0x00,0x00,0x00,0x00,0x00,0x00,0x00,
    0x00,0x00,0x00,0x00,0x00,0x00,0x00,0x00,0x00,0x00,0x00,0x00,0x00,0x00,0x00,0x00,
    0x00,0x00,0x00,0x00,0x00,0x00,0x00,0x00,0x00,0x00,0x00,0x00,0x00,0x00,0x00,0x00,
    0x00,0x00,0x00,0x00,0x00,0x00,0x00,0x00,0x00,0x00,0x00,0x8d,0x00,0x00,0x00,0x82,
    0xef,0x59,0x00,0x70,0xff,0xff,0xff,0x0c,0xf1,0xff,0xff,0xff,0x07,0xf4,0x6f,0x8d,
    0x20,0x01,0xf2,0xef,0x8e,0x00,0x00,0xb0,0xff,0xef,0x05,0x00,0x00,0xf7,0xff,0xef,
    0x02,0x00,0x00,0xfe,0xff,0x0e,0x00,0x00,0x8d,0xfc,0x0f,0xc4,0x15,0x9d,0xfd,0x0f,
    0xf5,0xff,0xff,0xff,0x09,0xb2,0xff,0xff,0x7f,0x00,0x00,0x00,0x8d,0x00,0x00,0x00,
    0x00,0x8d,0x00,0x00,0x00,0x00,0x00,0x00,0x00,0x00,0x00,0x00,0x00,0x00,0x00,0x00,
    0x00,0x00,0x00,0x00,0x00,0x00,0x00,0x00,0x00,0x00,0x00,0x00,0x00,0x00,0x00,0x00,
    0x00,0x00,0x00,0x00,0x00,0x00,0x00,0x00,0x00,0x00,0x00,0x00,0x00,0x00,0x00,0x00,
    0x00,0x00,0x00,0x00,0x00,0x00,0x00,0x00,0x00,0x00,0x00,0x00,0x00,0x00,0x00,0x00,
    0x00,0x00,0x00,0x00,0x00,0x50,0xff,0x2d,0x00,0x50,0xef,0x00,0x10,0xff,0xff,0x0d,
    0x00,0xfe,0x04,0x00,0xf6,0x3e,0xff,0x02,0xf5,0x0d,0x00,0x80,0xaf,0xe0,0x4f,0xf0,
    0x4f,0x00,0x00,0xf8,0x0a,0xfe,0x64,0xcf,0x00,0x00,0x50,0xef,0xf2,0x2f,0xff,0xc4,
    0xff,0x09,0xf0,0xff,0xef,0xf7,0x8c,0xff,0xff,0x05,0xf5,0xff,0xf3,0x3f,0xfe,0x96,
    0xcf,0x00,0x10,0x70,0xbf,0xf0,0x1f,0xf4,0x0e,0x00,0x10,0xff,0x02,0xff,0x41,0xef,
    0x00,0x00,0xf8,0x0a,0xe0,0x7f,0xf9,0x0c,0x00,0xf1,0x2f,0x00,0xf7,0xff,0x5f,0x00,
    0x90,0xaf,0x00,0x00,0xfa,0x9f,0x00,0x00,0x00,0x00,0x00,0x00,0x00,0x00,0x00,0x00,
    0x00,0x00,0x00,0x00,0x00,0x00,0x00,0x00,0x00,0x00,0x00,0x00,0x00,0x00,0x00,0x00,
    0x00,0x00,0x00,0x00,0x00,0x00,0x00,0x00,0x00,0x00,0x00,0x00,0x00,0x00,0x00,0x00,
    0x00,0x00,0x00,0x00,0x00,0x00,0x00,0x00,0x00,0x00,0x00,0x00,0x00,0x00,0x00,0x00,
    0x00,0x00,0x00,0x00,0x00,0x00,0x00,0x00,0x00,0x00,0x00,0x00,0x00,0x00,0x00,0x00,
    0x00,0x00,0x00,0x00,0xc2,0xff,0x7f,0x00,0x00,0x00,0xf0,0xff,0xff,0x6f,0x00,0x00,
    0x40,0xff,0x37,0xff,0x0b,0x00,0x00,0xf4,0x3f,0xf0,0xaf,0x00,0x00,0x00,0xff,0xcc,
    0xff,0x03,0x00,0x00,0x60,0xff,0xff,0x05,0x00,0x00,0x20,0xff,0xff,0x0a,0xa0,0xff,
    0x02,0xff,0xff,0xff,0x08,0xff,0x0d,0xf4,0xbf,0xd1,0xff,0xfb,0x6f,0x50,0xff,0x07,
    0xd0,0xff,0xff,0x00,0xf2,0xff,0x24,0xf6,0xff,0x08,0x00,0xfb,0xff,0xff,0xff,0xff,
    0x06,0x00,0xe7,0xff,0xaf,0xe3,0xff,0x05,0x00,0x00,0x00,0x00,0x00,0x00,0x00,0x00,
    0x00,0x00,0x00,0x00,0x00,0x00,0x00,0x00,0x00,0x00,0x00,0x00,0x00,0x00,0x00,0x00,
    0x00,0x00,0x00,0x00,0x00,0x00,0x00,0x00,0x00,0x00,0x00,0x00,0x00,0x00,0x00,0x00,
    0x00,0x00,0x00,0x00,0x00,0x00,0x00,0xf0,0x8f,0x00,0xff,0x07,0xe0,0x6f,0x00,0xfd,
    0x04,0xc0,0x3f,0x00,0x00,0x00,0x00,0x00,0x00,0x00,0x00,0x00,0x00,0x00,0x00,0x00,
    0x00,0x00,0x00,0x00,0x00,0x00,0x00,0x00,0x00,0x00,0x00,0x00,0x00,0x00,0x00,0x00,
    0x00,0x00,0x00,0x00,0x00,0x00,0x00,0x00,0x00,0x00,0x00,0x00,0x00,0x00,0x00,0x00,
    0x00,0x00,0x00,0x00,0x00,0x00,0x00,0xf3,0x1f,0x00,0xfe,0x07,0x40,0xff,0x01,0xb0,
    0xbf,0x00,0xf0,0x6f,0x00,0xf2,0x2f,0x00,0xf4,0x0f,0x00,0xf5,0x0f,0x00,0xf5,0x0f,
    0x00,0xf4,0x0f,0x00,0xf2,0x2f,0x00,0xf0,0x6f,0x00,0xc0,0xbf,0x00,0x50,0xff,0x00,
    0x00,0xfe,0x07,0x00,0xf3,0x1f,0x00,0x00,0x00,0x00,0x00,0x00,0x00,0x00,0x00,0x00,
    0x00,0x00,0x00,0x00,0x00,0x00,0x00,0x00,0x00,0x00,0x00,0x00,0x00,0x00,0xf4,0x1f,
    0x00,0xc0,0x9f,0x00,0x40,0xff,0x01,0x00,0xff,0x07,0x00,0xfb,0x0b,0x00,0xf7,0x0f,
    0x00,0xf4,0x0f,0x00,0xf3,0x1f,0x00,0xf3,0x1f,0x00,0xf4,0x0f,0x00,0xf6,0x0f,0x00,
    0xfa,0x0c,0x00,0xff,0x07,0x30,0xff,0x01,0xb0,0xaf,0x00,0xf3,0x1f,0x00,0x00,0x00,
    0x00,0x00,0x00,0x00,0x00,0x00,0x00,0x00,0x00,0x00,0x00,0x00,0x00,0x00,0x00,0x00,
    0x00,0x00,0x00,0x00,0x00,0x00,0x00,0x00,0x00,0x00,0x00,0x00,0xf8,0x0b,0x00,0x00,
    0x60,0xaf,0x00,0x30,0x39,0xf4,0x28,0x57,0xf6,0xff,0xff,0xff,0x4b,0xcb,0xff,0xdf,
    0x7c,0x00,0xf4,0xff,0x08,0x00,0xf1,0x6f,0xff,0x03,0x40,0xff,0xa0,0x7f,0x00,0x00,
    0x03,0x22,0x00,0x00,0x00,0x00,0x00,0x00,0x00,0x00,0x00,0x00,0x00,0x00,0x00,0x00,
    0x00,0x00,0x00,0x00,0x00,0x00,0x00,0x00,0x00,0x00,0x00,0x00,0x00,0x00,0x00,0x00,
    0x00,0x00,0x00,0x00,0x00,0x00,0x00,0x00,0x00,0x00,0x00,0x00,0x00,0x00,0x00,0x00,
    0x00,0x00,0x00,0x00,0x00,0x00,0x00,0x00,0x00,0x00,0x00,0x00,0x00,0x00,0x00,0x00,
    0x00,0x00,0x00,0x00,0x00,0x00,0x00,0x00,0x00,0x00,0x00,0x00,0x00,0x00,0x00,0x00,
    0x00,0x00,0x00,0x00,0x00,0x00,0x00,0x00,0x00,0x10,0xef,0x00,0x00,0x00,0x10,0xef,
    0x00,0x00,0x00,0x10,0xef,0x00,0x00,0x10,0x21,0xef,0x11,0x01,0xf5,0xff,0xff,0xff,
    0x0f,0xf5,0xff,0xff,0xff,0x0f,0x00,0x10,0xef,0x00,0x00,0x00,0x10,0xef,0x00,0x00,
    0x00,0x10,0xef,0x00,0x00,0x00,0x00,0x00,0x00,0x00,0x00,0x00,0x00,0x00,0x00,0x00,
    0x00,0x00,0x00,0x00,0x00,0x00,0x00,0x00,0x00,0x00,0x00,0x00,0x00,0x00,0x00,0x00,
    0x00,0x00,0x00,0x00,0x00,0x00,0x00,0x00,0x00,0x00,0x00,0x00,0x00,0x00,0x00,0x00,
    0x00,0x00,0x00,0x00,0x00,0x00,0x00,0x00,0x00,0x00,0x00,0x00,0x00,0x00,0x00,0x00,
    0x00,0x00,0x00,0x00,0x00,0x00,0x00,0x00,0x00,0x00,0x00,0x00,0x00,0x00,0x00,0x00,
    0x00,0x00,0x00,0xfd,0x0c,0xf0,0x7f,0x20,0xff,0x01,0xf6,0x0a,0x00,0x00,0x00,0x00,
    0x00,0x00,0x00,0x00,0x00,0x00,0x00,0x00,0x00,0x00,0x00,0x00,0x00,0x00,0x00,0x00,
    0x00,0x00,0x00,0x00,0x00,0x00,0x00,0x00,0x00,0x00,0x00,0x00,0x00,0x00,0x00,0x00,
    0x00,0x00,0x11,0x11,0xa1,0xff,0xff,0xfa,0xff,0x0f,0x00,0x00,0x00,0x00,0x00,0x00,
    0x00,0x00,0x00,0x00,0x00,0x00,0x00,0x00,0x00,0x00,0x00,0x00,0x00,0x00,0x00,0x00,
    0x00,0x00,0x00,0x00,0x00,0x00,0x00,0x00,0x00,0x00,0x00,0x00,0x00,0x00,0x00,0x00,
    0x00,0x00,0x00,0x00,0x00,0x00,0x00,0x00,0x00,0x00,0x00,0x00,0x00,0x00,0x00,0x00,
    0x00,0x00,0x00,0x00,0x00,0x00,0x00,0x00,0xc0,0x8f,0x10,0xff,0x0f,0xc0,0x8f,0x00,
    0x00,0x00,0x00,0x00,0x00,0x00,0x00,0x00,0x00,0x00,0x00,0x00,0x00,0x00,0x00,0x00,
    0x00,0x00,0x00,0x00,0x00,0x00,0x00,0x00,0x00,0x00,0x00,0x00,0x00,0x00,0x00,0x00,
    0x00,0x00,0x00,0xfa,0x0e,0x00,0xf0,0x8f,0x00,0x40,0xff,0x02,0x00,0xfa,0x0e,0x00,
    0xf0,0x7f,0x00,0x50,0xff,0x01,0x00,0xfb,0x0d,0x00,0xf0,0x6f,0x00,0x60,0xff,0x01,
    0x00,0xfc,0x0c,0x00,0xf1,0x6f,0x00,0x60,0xff,0x00,0x00,0xfd,0x0b,0x00,0x00,0x00,
    0x00,0x00,0x00,0x00,0x00,0x00,0x00,0x00,0x00,0x00,0x00,0x00,0x00,0x00,0x00,0x00,
    0x00,0x00,0x00,0x00,0x00,0x00,0x00,0x00,0x00,0x00,0x00,0x00,0x00,0x00,0x00,0x00,
    0x00,0x00,0x00,0x00,0x00,0x00,0x00,0x00,0x00,0x00,0x00,0x00,0x00,0x00,0x00,0xe5,
    0xff,0x2c,0x00,0x50,0xff,0xff,0xff,0x01,0xe0,0xff,0x63,0xff,0x07,0xf1,0x8f,0x00,
    0xfe,0x0d,0xf5,0x5f,0x00,0xfa,0x0f,0xf6,0x3f,0x00,0xf9,0x1f,0xf7,0x3f,0x00,0xf8,
    0x1f,0xf6,0x3f,0x00,0xf9,0x1f,0xf4,0x5f,0x00,0xfa,0x0f,0xf1,0x8f,0x00,0xfd,0x0e,
    0xd0,0xff,0x63,0xff,0x08,0x40,0xff,0xff,0xff,0x01,0x00,0xe5,0xff,0x2c,0x00,0x00,
    0x00,0x00,0x00,0x00,0x00,0x00,0x00,0x00,0x00,0x00,0x00,0x00,0x00,0x00,0x00,0x00,
    0x00,0x00,0x00,0x00,0x00,0x00,0x00,0x00,0x00,0x00,0x00,0x00,0x00,0x00,0x00,0x00,
    0x00,0x00,0x00,0x00,0x00,0x00,0x00,0x00,0x00,0x00,0x00,0x00,0x00,0x00,0x00,0x00,
    0x00,0x00,0x00,0x00,0x00,0x00,0x00,0x00,0xfc,0x0f,0x00,0x00,0xd1,0xff,0x0f,0x00,
    0x20,0xff,0xff,0x0f,0x00,0xe0,0xff,0xfc,0x0f,0x00,0x40,0x2f,0xfa,0x0f,0x00,0x00,
    0x00,0xfa,0x0f,0x00,0x00,0x00,0xfa,0x0f,0x00,0x00,0x00,0xfa,0x0f,0x00,0x00,0x00,
    0xfa,0x0f,0x00,0x00,0x00,0xfa,0x0f,0x00,0x00,0x00,0xfa,0x0f,0x00,0x00,0x00,0xfa,
    0x0f,0x00,0x00,0x00,0xfa,0x0f,0x00,0x00,0x00,0x00,0x00,0x00,0x00,0x00,0x00,0x00,
    0x00,0x00,0x00,0x00,0x00,0x00,0x00,0x00,0x00,0x00,0x00,0x00,0x00,0x00,0x00,0x00,
    0x00,0x00,0x00,0x00,0x00,0x00,0x00,0x00,0x00,0x00,0x00,0x00,0x00,0x00,0x00,0x00,
    0x00,0x00,0x00,0x00,0x00,0x00,0x00,0x00,0x00,0x00,0x00,0x00,0x00,0x00,0x10,0xf9,
    0xff,0x4d,0x00,0xf2,0xff,0xff,0xff,0x03,0xd0,0x8f,0x52,0xff,0x0c,0x10,0x03,0x00,
    0xfe,0x0e,0x00,0x00,0x00,0xff,0x0d,0x00,0x00,0x60,0xff,0x08,0x00,0x00,0xf2,0xff,
    0x01,0x00,0x10,0xff,0x3f,0x00,0x00,0xd0,0xff,0x05,0x00,0x00,0xfc,0x6f,0x00,0x00,
    0xa0,0xff,0x17,0x11,0x01,0xf5,0xff,0xff,0xff,0x3f,0xf6,0xff,0xff,0xff,0x3f,0x00,
    0x00,0x00,0x00,0x00,0x00,0x00,0x00,0x00,0x00,0x00,0x00,0x00,0x00,0x00,0x00,0x00,
    0x00,0x00,0x00,0x00,0x00,0x00,0x00,0x00,0x00,0x00,0x00,0x00,0x00,0x00,0x00,0x00,
    0x00,0x00,0x00,0x00,0x00,0x00,0x00,0x00,0x00,0x00,0x00,0x00,0x00,0x00,0x00,0x00,
    0x00,0x00,0x00,0x00,0x00,0x00,0x40,0xfc,0xff,0x5d,0x00,0xf2,0xff,0xff,0xff,0x05,
    0x80,0x3b,0x62,0xff,0x0c,0x00,0x00,0x00,0xff,0x0a,0x00,0x00,0x71,0xff,0x03,0x00,
    0xf9,0xff,0x4d,0x00,0x00,0xf9,0xff,0xbf,0x01,0x00,0x10,0x82,0xff,0x0c,0x00,0x00,
    0x00,0xfd,0x0f,0x00,0x00,0x00,0xfe,0x0f,0xb6,0x25,0x82,0xff,0x0d,0xf6,0xff,0xff,
    0xff,0x03,0xb3,0xff,0xff,0x2b,0x00,0x00,0x00,0x00,0x00,0x00,0x00,0x00,0x00,0x00,
    0x00,0x00,0x00,0x00,0x00,0x00,0x00,0x00,0x00,0x00,0x00,0x00,0x00,0x00,0x00,0x00,
    0x00,0x00,0x00,0x00,0x00,0x00,0x00,0x00,0x00,0x00,0x00,0x00,0x00,0x00,0x00,0x00,
    0x00,0x00,0x00,0x00,0x00,0x00,0x00,0x00,0x00,0x00,0x00,0x00,0x00,0x00,0x00,0x00,
    0xd0,0xff,0x00,0x00,0x00,0xf7,0xff,0x00,0x00,0x20,0xff,0xff,0x00,0x00,0xc0,0xff,
    0xff,0x00,0x00,0xf6,0x9f,0xff,0x00,0x10,0xff,0x94,0xff,0x00,0xb0,0xaf,0xa0,0xff,
    0x00,0xf5,0x1f,0xa0,0xff,0x00,0xfd,0xff,0xff,0xff,0x8f,0xfd,0xff,0xff,0xff,0x8f,
    0x11,0x11,0xa1,0xff,0x01,0x00,0x00,0xa0,0xff,0x00,0x00,0x00,0xa0,0xff,0x00,0x00,
    0x00,0x00,0x00,0x00,0x00,0x00,0x00,0x00,0x00,0x00,0x00,0x00,0x00,0x00,0x00,0x00,
    0x00,0x00,0x00,0x00,0x00,0x00,0x00,0x00,0x00,0x00,0x00,0x00,0x00,0x00,0x00,0x00,
    0x00,0x00,0x00,0x00,0x00,0x00,0x00,0x00,0x00,0x00,0x00,0x00,0x00,0x00,0x00,0x00,
    0x00,0x00,0x00,0x00,0x00,0x00,0x90,0xff,0xff,0xff,0x02,0xa0,0xff,0xff,0xff,0x02,
    0xc0,0xef,0x11,0x11,0x00,0xd0,0xcf,0x00,0x00,0x00,0xe0,0xbf,0x01,0x00,0x00,0xf0,
    0xff,0xff,0x6f,0x00,0xf0,0xff,0xff,0xff,0x05,0x10,0x14,0x71,0xff,0x0e,0x00,0x00,
    0x00,0xfd,0x0f,0x00,0x00,0x00,0xfd,0x0f,0xb3,0x25,0x82,0xff,0x0b,0xf3,0xff,0xff,
    0xff,0x02,0xb1,0xff,0xff,0x2b,0x00,0x00,0x00,0x00,0x00,0x00,0x00,0x00,0x00,0x00,
    0x00,0x00,0x00,0x00,0x00,0x00,0x00,0x00,0x00,0x00,0x00,0x00,0x00,0x00,0x00,0x00,
    0x00,0x00,0x00,0x00,0x00,0x00,0x00,0x00,0x00,0x00,0x00,0x00,0x00,0x00,0x00,0x00,
    0x00,0x00,0x00,0x00,0x00,0x00,0x00,0x00,0x00,0x00,0x00,0x00,0x00,0x00,0x00,0x50,
    0xfc,0xff,0x05,0x00,0xf9,0xff,0xff,0x06,0x60,0xff,0x4c,0x22,0x01,0xe0,0xdf,0x00,
    0x00,0x00,0xf1,0x5f,0x00,0x00,0x00,0xf5,0x5f,0xff,0xaf,0x00,0xf6,0xff,0xff,0xff,
    0x0a,0xf7,0xdf,0x22,0xfe,0x0f,0xf6,0x4f,0x00,0xf7,0x2f,0xf3,0x6f,0x00,0xf7,0x2f,
    0xf0,0xff,0x33,0xff,0x0f,0x40,0xff,0xff,0xff,0x06,0x00,0xd4,0xff,0x5e,0x00,0x00,
    0x00,0x00,0x00,0x00,0x00,0x00,0x00,0x00,0x00,0x00,0x00,0x00,0x00,0x00,0x00,0x00,
    0x00,0x00,0x00,0x00,0x00,0x00,0x00,0x00,0x00,0x00,0x00,0x00,0x00,0x00,0x00,0x00,
    0x00,0x00,0x00,0x00,0x00,0x00,0x00,0x00,0x00,0x00,0x00,0x00,0x00,0x00,0x00,0x00,
    0x00,0x00,0x00,0x00,0x00,0x00,0xfa,0xff,0xff,0xff,0x3f,0xfa,0xff,0xff,0xff,0x2f,
    0x11,0x11,0x11,0xfe,0x0e,0x00,0x00,0x30,0xff,0x07,0x00,0x00,0xa0,0xff,0x01,0x00,
    0x00,0xf1,0xaf,0x00,0x00,0x00,0xf7,0x3f,0x00,0x00,0x00,0xff,0x0e,0x00,0x00,0x40,
    0xff,0x07,0x00,0x00,0xc0,0xff,0x01,0x00,0x00,0xf2,0xaf,0x00,0x00,0x00,0xf9,0x3f,
    0x00,0x00,0x00,0xff,0x0e,0x00,0x00,0x00,0x00,0x00,0x00,0x00,0x00,0x00,0x00,0x00,
    0x00,0x00,0x00,0x00,0x00,0x00,0x00,0x00,0x00,0x00,0x00,0x00,0x00,0x00,0x00,0x00,
    0x00,0x00,0x00,0x00,0x00,0x00,0x00,0x00,0x00,0x00,0x00,0x00,0x00,0x00,0x00,0x00,
    0x00,0x00,0x00,0x00,0x00,0x00,0x00,0x00,0x00,0x00,0x00,0x00,0x00,0x00,0x00,0xf7,
    0xff,0x5d,0x00,0x90,0xff,0xff,0xff,0x04,0xf0,0xdf,0x42,0xff,0x0c,0xf0,0x8f,0x00,
    0xfd,0x0c,0xd0,0xff,0x63,0xff,0x07,0x20,0xff,0xff,0xaf,0x00,0x00,0xf9,0xff,0x3f,
    0x00,0xb0,0xff,0xe9,0xff,0x04,0xf4,0x5f,0x00,0xfc,0x0f,0xf7,0x0f,0x00,0xf6,0x1f,
    0xf5,0xaf,0x32,0xfd,0x0f,0xf0,0xff,0xff,0xff,0x08,0x10,0xf9,0xff,0x6e,0x00,0x00,
    0x00,0x00,0x00,0x00,0x00,0x00,0x00,0x00,0x00,0x00,0x00,0x00,0x00,0x00,0x00,0x00,
    0x00,0x00,0x00,0x00,0x00,0x00,0x00,0x00,0x00,0x00,0x00,0x00,0x00,0x00,0x00,0x00,
    0x00,0x00,0x00,0x00,0x00,0x00,0x00,0x00,0x00,0x00,0x00,0x00,0x00,0x00,0x00,0x00,
    0x00,0x00,0x00,0x00,0x00,0x00,0x00,0xf9,0xff,0x1a,0x00,0xb0,0xff,0xff,0xff,0x01,
    0xf3,0xcf,0x62,0xff,0x09,0xf7,0x2f,0x00,0xfb,0x0f,0xf7,0x1f,0x00,0xf9,0x0f,0xf5,
    0xaf,0x41,0xff,0x2f,0xf0,0xff,0xff,0xff,0x1f,0x20,0xfd,0xdf,0xf7,0x0f,0x00,0x00,
    0x00,0xfa,0x0d,0x00,0x00,0x10,0xff,0x09,0x20,0x22,0xf6,0xff,0x01,0xb0,0xff,0xff,
    0x5f,0x00,0xa0,0xff,0xbf,0x02,0x00,0x00,0x00,0x00,0x00,0x00,0x00,0x00,0x00,0x00,
    0x00,0x00,0x00,0x00,0x00,0x00,0x00,0x00,0x00,0x00,0x00,0x00,0x00,0x00,0x00,0x00,
    0x00,0x00,0x00,0x00,0x00,0x00,0x00,0x00,0x00,0x00,0x00,0x00,0x00,0x00,0x00,0x00,
    0x00,0x00,0x00,0x00,0x00,0x00,0x00,0xfc,0x09,0xf1,0xff,0x00,0xfc,0x08,0x00,0x00,
    0x00,0x00,0x00,0x00,0x00,0x00,0x00,0x00,0xc0,0x8f,0x10,0xff,0x0f,0xc0,0x8f,0x00,
    0x00,0x00,0x00,0x00,0x00,0x00,0x00,0x00,0x00,0x00,0x00,0x00,0x00,0x00,0x00,0x00,
    0x00,0x00,0x00,0x00,0x00,0x00,0x00,0x00,0x00,0x00,0x00,0x00,0x00,0x00,0x00,0x00,
    0x00,0x00,0x00,0xfc,0x09,0xf0,0xff,0x00,0xfb,0x09,0x00,0x00,0x00,0x00,0x00,0x00,
    0x00,0x00,0x00,0x00,0x00,0x00,0x00,0xfd,0x0c,0xf0,0x7f,0x20,0xff,0x01,0xf6,0x0a,
    0x00,0x00,0x00,0x00,0x00,0x00,0x00,0x00,0x00,0x00,0x00,0x00,0x00,0x00,0x00,0x00,
    0x00,0x00,0x00,0x00,0x00,0x00,0x00,0x00,0x00,0x00,0x00,0x00,0x00,0x00,0x00,0x00,
    0x00,0x00,0x00,0x00,0x00,0x00,0x00,0x00,0x00,0x00,0x00,0x00,0x00,0x00,0x00,0x00,
    0x00,0x00,0x00,0x00,0x07,0x00,0x00,0x00,0xf7,0x0f,0x00,0x00,0xf7,0xff,0x0a,0x00,
    0xf7,0xff,0x19,0x00,0xf3,0xff,0x18,0x00,0x00,0xf3,0xff,0x29,0x00,0x00,0x10,0xf8,
    0xff,0x5c,0x00,0x00,0x00,0xe6,0xff,0x0f,0x00,0x00,0x00,0xc4,0x0f,0x00,0x00,0x00,
    0x00,0x02,0x00,0x00,0x00,0x00,0x00,0x00,0x00,0x00,0x00,0x00,0x00,0x00,0x00,0x00,
    0x00,0x00,0x00,0x00,0x00,0x00,0x00,0x00,0x00,0x00,0x00,0x00,0x00,0x00,0x00,0x00,
    0x00,0x00,0x00,0x00,0x00,0x00,0x00,0x00,0x00,0x00,0x00,0x00,0x00,0x00,0x00,0x00,
    0x00,0x00,0x00,0x00,0x00,0x00,0x00,0x00,0x00,0x00,0x00,0x00,0x00,0x00,0x00,0x00,
    0x00,0x00,0x00,0x00,0x00,0x00,0x00,0x00,0x00,0x00,0x00,0x00,0x00,0x10,0x11,0x11,
    0x11,0x01,0xf5,0xff,0xff,0xff,0x0f,0xf5,0xff,0xff,0xff,0x0f,0x10,0x11,0x11,0x11,
    0x01,0xf5,0xff,0xff,0xff,0x0f,0xf5,0xff,0xff,0xff,0x0f,0x00,0x00,0x00,0x00,0x00,
    0x00,0x00,0x00,0x00,0x00,0x00,0x00,0x00,0x00,0x00,0x00,0x00,0x00,0x00,0x00,0x00,
    0x00,0x00,0x00,0x00,0x00,0x00,0x00,0x00,0x00,0x00,0x00,0x00,0x00,0x00,0x00,0x00,
    0x00,0x00,0x00,0x00,0x00,0x00,0x00,0x00,0x00,0x00,0x00,0x00,0x00,0x00,0x00,0x00,
    0x00,0x00,0x00,0x00,0x00,0x00,0x00,0x00,0x00,0x00,0x00,0x00,0x00,0x00,0x00,0x00,
    0x00,0x00,0x00,0x00,0x00,0x00,0x00,0x00,0x00,0x00,0x00,0x00,0x00,0x00,0x00,0x00,
    0x43,0x00,0x00,0x00,0x00,0xf5,0x4d,0x00,0x00,0x00,0xd2,0xff,0x4d,0x00,0x00,0x00,
    0xc3,0xff,0x4d,0x00,0x00,0x00,0xa2,0xff,0x0d,0x00,0x00,0xb4,0xff,0x0f,0x10,0xf7,
    0xff,0x6e,0x00,0xf3,0xff,0x4c,0x00,0x00,0xf5,0x2a,0x00,0x00,0x00,0x11,0x00,0x00,
    0x00,0x00,0x00,0x00,0x00,0x00,0x00,0x00,0x00,0x00,0x00,0x00,0x00,0x00,0x00,0x00,
    0x00,0x00,0x00,0x00,0x00,0x00,0x00,0x00,0x00,0x00,0x00,0x00,0x00,0x00,0x00,0x00,
    0x00,0x00,0x00,0x00,0x00,0x00,0x00,0x00,0x00,0x00,0x00,0x00,0x00,0x00,0x00,0x00,
    0x00,0x00,0x00,0x00,0x00,0x00,0x00,0x00,0xa2,0xff,0xef,0x05,0xfd,0xff,0xff,0x5f,
    0xd4,0x26,0xf4,0xbf,0x00,0x00,0xd0,0xdf,0x00,0x00,0xf5,0x8f,0x00,0x70,0xff,0x0d,
    0x00,0xf4,0xbf,0x00,0x00,0xfa,0x0c,0x00,0x00,0xc7,0x05,0x00,0x00,0x00,0x00,0x00,
    0x00,0xf9,0x0a,0x00,0x00,0xff,0x0f,0x00,0x00,0xfa,0x0b,0x00,0x00,0x00,0x00,0x00,
    0x00,0x00,0x00,0x00,0x00,0x00,0x00,0x00,0x00,0x00,0x00,0x00,0x00,0x00,0x00,0x00,
    0x00,0x00,0x00,0x00,0x00,0x00,0x00,0x00,0x00,0x00,0x00,0x00,0x00,0x00,0x00,0x00,
    0x00,0x00,0x00,0x00,0x00,0x00,0x00,0x00,0x00,0x00,0x00,0x00,0x00,0x00,0x00,0x00,
    0x00,0x00,0x00,0x00,0x00,0x00,0x00,0x00,0x00,0x00,0x00,0x00,0x00,0x00,0x00,0xa2,
    0xff,0xff,0x3a,0x00,0x00,0x00,0xf7,0xff,0xff,0xff,0x7f,0x00,0x00,0xf6,0xcf,0x25,
    0x42,0xfa,0x5f,0x00,0xf2,0x7f,0xc2,0xff,0x9f,0xf6,0x0f,0x90,0xaf,0xf1,0xff,0xff,
    0x0f,0xfc,0x04,0xff,0x92,0xff,0x23,0xff,0x70,0x6f,0xf1,0x0f,0xfe,0x04,0xf1,0x0f,
    0xf6,0x38,0xdf,0xf0,0x2f,0x40,0xef,0x90,0x6f,0xf3,0x0c,0xfd,0x18,0xfb,0x2f,0xff,
    0x12,0xff,0x70,0xff,0xff,0xfe,0xff,0x0d,0xf0,0x2f,0xa0,0xff,0x19,0xfe,0x2e,0x00,
    0xf9,0x0d,0x00,0x00,0x00,0x00,0x00,0x10,0xff,0x5e,0x01,0x52,0x7a,0x00,0x00,0x30,
    0xff,0xff,0xff,0xff,0x08,0x00,0x00,0x10,0xf8,0xff,0xff,0x18,0x00,0x00,0x00,0x00,
    0x00,0x01,0x00,0x00,0x00,0x00,0x00,0x00,0x00,0x00,0x00,0x00,0x00,0x00,0x00,0x00,
    0x00,0x00,0x00,0x00,0x00,0x00,0x00,0x00,0x00,0x00,0x00,0x00,0x00,0x00,0x00,0x00,
    0x00,0x00,0x00,0x00,0x00,0x00,0x00,0x00,0x00,0x00,0x00,0x00,0x00,0x00,0x00,0x00,
    0x00,0x00,0x00,0x00,0x00,0x00,0x00,0x00,0x00,0x00,0xff,0xbf,0x00,0x00,0x00,0x40,
    0xff,0xff,0x00,0x00,0x00,0xa0,0xef,0xff,0x05,0x00,0x00,0xf0,0xaf,0xfe,0x0b,0x00,
    0x00,0xf4,0x5f,0xf9,0x0f,0x00,0x00,0xfa,0x1f,0xf4,0x5f,0x00,0x00,0xff,0x0d,0xf0,
    0xbf,0x00,0x40,0xff,0x5b,0xe5,0xff,0x00,0xa0,0xff,0xff,0xff,0xff,0x05,0xf0,0xff,
    0xff,0xff,0xff,0x0b,0xf3,0xaf,0x00,0x00,0xff,0x0f,0xf9,0x5f,0x00,0x00,0xf9,0x5f,
    0xff,0x0f,0x00,0x00,0xf4,0xbf,0x00,0x00,0x00,0x00,0x00,0x00,0x00,0x00,0x00,0x00,
    0x00,0x00,0x00,0x00,0x00,0x00,0x00,0x00,0x00,0x00,0x00,0x00,0x00,0x00,0x00,0x00,
    0x00,0x00,0x00,0x00,0x00,0x00,0x00,0x00,0x00,0x00,0x00,0x00,0x00,0x00,0x00,0x00,
    0x00,0x00,0x00,0x00,0x00,0x00,0x00,0x00,0x00,0x00,0x00,0x00,0x00,0x00,0x00,0x00,
    0x00,0x00,0x00,0x00,0x00,0xa0,0xff,0xff,0xef,0x19,0x00,0xfa,0xff,0xff,0xff,0x0c,
    0xa0,0xff,0x12,0xf4,0xff,0x01,0xfa,0x1f,0x00,0xfa,0x2f,0xa0,0xff,0x01,0xf3,0xff,
    0x00,0xfa,0xff,0xff,0xdf,0x02,0xa0,0xff,0xff,0xff,0x6f,0x00,0xfa,0x2f,0x41,0xff,
    0x2f,0xa0,0xff,0x01,0x60,0xff,0x07,0xfa,0x1f,0x00,0xf6,0x7f,0xa0,0xff,0x12,0xf4,
    0xff,0x04,0xfa,0xff,0xff,0xff,0x0c,0xa0,0xff,0xff,0xff,0x08,0x00,0x00,0x00,0x00,
    0x00,0x00,0x00,0x00,0x00,0x00,0x00,0x00,0x00,0x00,0x00,0x00,0x00,0x00,0x00,0x00,
    0x00,0x00,0x00,0x00,0x00,0x00,0x00,0x00,0x00,0x00,0x00,0x00,0x00,0x00,0x00,0x00,
    0x00,0x00,0x00,0x00,0x00,0x00,0x00,0x00,0x00,0x00,0x00,0x00,0x00,0x00,0x00,0x00,
    0x00,0x00,0x00,0x00,0x00,0x00,0x00,0x00,0x00,0x00,0x20,0xfa,0xff,0x9f,0x02,0x40,
    0xff,0xff,0xff,0x2f,0x10,0xff,0x7f,0x32,0xb8,0x00,0xf9,0x7f,0x00,0x00,0x00,0xf0,
    0xff,0x00,0x00,0x00,0x00,0xff,0x0d,0x00,0x00,0x00,0xf1,0xcf,0x00,0x00,0x00,0x00,
    0xff,0x0d,0x00,0x00,0x00,0xf0,0xff,0x00,0x00,0x00,0x00,0xfb,0x6f,0x00,0x00,0x00,
    0x30,0xff,0x6f,0x32,0xa6,0x00,0x70,0xff,0xff,0xff,0x0f,0x00,0x40,0xfc,0xff,0x9f,
    0x00,0x00,0x00,0x00,0x00,0x00,0x00,0x00,0x00,0x00,0x00,0x00,0x00,0x00,0x00,0x00,
    0x00,0x00,0x00,0x00,0x00,0x00,0x00,0x00,0x00,0x00,0x00,0x00,0x00,0x00,0x00,0x00,
    0x00,0x00,0x00,0x00,0x00,0x00,0x00,0x00,0x00,0x00,0x00,0x00,0x00,0x00,0x00,0x00,
    0x00,0x00,0x00,0x00,0x00,0x00,0x00,0x00,0x00,0x00,0x00,0x00,0x00,0x00,0x00,0x00,
    0xa0,0xff,0xff,0xdf,0x06,0x00,0xa0,0xff,0xff,0xff,0xdf,0x01,0xa0,0xff,0x12,0xd4,
    0xff,0x0a,0xa0,0xff,0x01,0x00,0xff,0x2f,0xa0,0xff,0x01,0x00,0xf8,0x6f,0xa0,0xff,
    0x01,0x00,0xf4,0x9f,0xa0,0xff,0x01,0x00,0xf4,0x9f,0xa0,0xff,0x01,0x00,0xf5,0x7f,
    0xa0,0xff,0x01,0x00,0xf9,0x5f,0xa0,0xff,0x01,0x10,0xff,0x0f,0xa0,0xff,0x22,0xe5,
    0xff,0x07,0xa0,0xff,0xff,0xff,0xaf,0x00,0xa0,0xff,0xff,0xbf,0x04,0x00,0x00,0x00,
    0x00,0x00,0x00,0x00,0x00,0x00,0x00,0x00,0x00,0x00,0x00,0x00,0x00,0x00,0x00,0x00,
    0x00,0x00,0x00,0x00,0x00,0x00,0x00,0x00,0x00,0x00,0x00,0x00,0x00,0x00,0x00,0x00,
    0x00,0x00,0x00,0x00,0x00,0x00,0x00,0x00,0x00,0x00,0x00,0x00,0x00,0x00,0x00,0x00,
    0x00,0x00,0x00,0x00,0x00,0x00,0x00,0x00,0x00,0x00,0x80,0xff,0xff,0xff,0x09,0x80,
    0xff,0xff,0xff,0x09,0x80,0xff,0x13,0x11,0x01,0x80,0xff,0x02,0x00,0x00,0x80,0xff,
    0x02,0x00,0x00,0x80,0xff,0xff,0xff,0x04,0x80,0xff,0xff,0xff,0x04,0x80,0xff,0x13,
    0x11,0x00,0x80,0xff,0x02,0x00,0x00,0x80,0xff,0x02,0x00,0x00,0x80,0xff,0x13,0x11,
    0x01,0x80,0xff,0xff,0xff,0x09,0x80,0xff,0xff,0xff,0x09,0x00,0x00,0x00,0x00,0x00,
    0x00,0x00,0x00,0x00,0x00,0x00,0x00,0x00,0x00,0x00,0x00,0x00,0x00,0x00,0x00,0x00,
    0x00,0x00,0x00,0x00,0x00,0x00,0x00,0x00,0x00,0x00,0x00,0x00,0x00,0x00,0x00,0x00,
    0x00,0x00,0x00,0x00,0x00,0x00,0x00,0x00,0x00,0x00,0x00,0x00,0x00,0x00,0x00,0x80,
    0xff,0xff,0xff,0x09,0xf8,0xff,0xff,0x9f,0x80,0xff,0x12,0x11,0x00,0xf8,0x1f,0x00,
    0x00,0x80,0xff,0x01,0x00,0x00,0xf8,0x2f,0x11,0x01,0x80,0xff,0xff,0xff,0x03,0xf8,
    0xff,0xff,0x3f,0x80,0xff,0x01,0x00,0x00,0xf8,0x1f,0x00,0x00,0x80,0xff,0x01,0x00,
    0x00,0xf8,0x1f,0x00,0x00,0x80,0xff,0x01,0x00,0x00,0x00,0x00,0x00,0x00,0x00,0x00,
    0x00,0x00,0x00,0x00,0x00,0x00,0x00,0x00,0x00,0x00,0x00,0x00,0x00,0x00,0x00,0x00,
    0x00,0x00,0x00,0x00,0x00,0x00,0x00,0x00,0x00,0x00,0x00,0x00,0x00,0x00,0x00,0x00,
    0x00,0x00,0x00,0x00,0x00,0x00,0x00,0x00,0x00,0x00,0x00,0x00,0x00,0x00,0x00,0x00,
    0x00,0x00,0x00,0x00,0x00,0x10,0xe8,0xff,0xdf,0x07,0x00,0xf3,0xff,0xff,0xff,0x0b,
    0x10,0xff,0xbf,0x23,0xb5,0x04,0x80,0xff,0x09,0x00,0x00,0x00,0xe0,0xff,0x01,0x00,
    0x00,0x00,0xf0,0xdf,0x00,0x11,0x11,0x01,0xf0,0xcf,0x00,0xff,0xff,0x0f,0xf0,0xdf,
    0x00,0xff,0xff,0x0f,0xf0,0xff,0x00,0x00,0xfa,0x0f,0xa0,0xff,0x05,0x00,0xfa,0x0f,
    0x30,0xff,0x6f,0x22,0xfc,0x0f,0x00,0xf7,0xff,0xff,0xff,0x0f,0x00,0x40,0xfc,0xff,
    0xdf,0x08,0x00,0x00,0x00,0x00,0x00,0x00,0x00,0x00,0x00,0x00,0x00,0x00,0x00,0x00,
    0x00,0x00,0x00,0x00,0x00,0x00,0x00,0x00,0x00,0x00,0x00,0x00,0x00,0x00,0x00,0x00,
    0x00,0x00,0x00,0x00,0x00,0x00,0x00,0x00,0x00,0x00,0x00,0x00,0x00,0x00,0x00,0x00,
    0x00,0x00,0x00,0x00,0x00,0x00,0x00,0x00,0x00,0x00,0x00,0x00,0x00,0x00,0x00,0x00,
    0x00,0x00,0x00,0x00,0x00,0x00,0x00,0x80,0xff,0x02,0x00,0xf2,0x8f,0x00,0xf8,0x2f,
    0x00,0x20,0xff,0x08,0x80,0xff,0x02,0x00,0xf2,0x8f,0x00,0xf8,0x2f,0x00,0x20,0xff,
    0x08,0x80,0xff,0x02,0x00,0xf2,0x8f,0x00,0xf8,0xff,0xff,0xff,0xff,0x08,0x80,0xff,
    0xff,0xff,0xff,0x8f,0x00,0xf8,0x3f,0x11,0x31,0xff,0x08,0x80,0xff,0x02,0x00,0xf2,
    0x8f,0x00,0xf8,0x2f,0x00,0x20,0xff,0x08,0x80,0xff,0x02,0x00,0xf2,0x8f,0x00,0xf8,
    0x2f,0x00,0x20,0xff,0x08,0x80,0xff,0x02,0x00,0xf2,0x8f,0x00,0x00,0x00,0x00,0x00,
    0x00,0x00,0x00,0x00,0x00,0x00,0x00,0x00,0x00,0x00,0x00,0x00,0x00,0x00,0x00,0x00,
    0x00,0x00,0x00,0x00,0x00,0x00,0x00,0x00,0x00,0x00,0x00,0x00,0x00,0x00,0x00,0x00,
    0x00,0x00,0x00,0x00,0x00,0x00,0x00,0x00,0x00,0x00,0x00,0x00,0x00,0x00,0x00,0x00,
    0x00,0xf8,0xff,0xff,0x71,0xff,0xff,0x1f,0x30,0xff,0x1d,0x00,0xf0,0xbf,0x00,0x00,
    0xff,0x0b,0x00,0xf0,0xbf,0x00,0x00,0xff,0x0b,0x00,0xf0,0xbf,0x00,0x00,0xff,0x0b,
    0x00,0xf0,0xbf,0x00,0x10,0xff,0x0c,0x50,0xff,0xff,0x1f,0xf8,0xff,0xff,0x01,0x00,
    0x00,0x00,0x00,0x00,0x00,0x00,0x00,0x00,0x00,0x00,0x00,0x00,0x00,0x00,0x00,0x00,
    0x00,0x00,0x00,0x00,0x00,0x00,0x00,0x00,0x00,0x00,0x00,0x00,0x00,0x00,0x00,0x00,
    0x00,0x00,0x80,0xff,0x02,0x80,0xff,0x02,0x80,0xff,0x02,0x80,0xff,0x02,0x80,0xff,
    0x02,0x80,0xff,0x02,0x80,0xff,0x02,0x80,0xff,0x02,0x80,0xff,0x02,0x80,0xff,0x02,
    0x80,0xff,0x02,0x80,0xff,0x02,0xa0,0xff,0x00,0xf2,0xff,0x00,0xff,0x7f,0x00,0xff,
    0x08,0x00,0x01,0x00,0x00,0x00,0x00,0x00,0x00,0x00,0x00,0x00,0x00,0x00,0x00,0x00,
    0x00,0x00,0x00,0x00,0x00,0x00,0x00,0x00,0x00,0x00,0x00,0x00,0x00,0x00,0x00,0x00,
    0x00,0x00,0x00,0x00,0x00,0x00,0x00,0x00,0x00,0x80,0xff,0x02,0x10,0xff,0x0f,0xf8,
    0x2f,0x00,0xfd,0x3f,0x80,0xff,0x02,0xf8,0x8f,0x00,0xf8,0x2f,0xf3,0xdf,0x00,0x80,
    0xff,0xf2,0xff,0x01,0x00,0xf8,0xcf,0xff,0x05,0x00,0x80,0xff,0xff,0x7f,0x00,0x00,
    0xf8,0xff,0xff,0x1f,0x00,0x80,0xff,0x54,0xff,0x0b,0x00,0xf8,0x2f,0xd0,0xff,0x04,
    0x80,0xff,0x02,0xf2,0xef,0x00,0xf8,0x2f,0x00,0xf9,0x7f,0x80,0xff,0x02,0x10,0xff,
    0x0f,0x00,0x00,0x00,0x00,0x00,0x00,0x00,0x00,0x00,0x00,0x00,0x00,0x00,0x00,0x00,
    0x00,0x00,0x00,0x00,0x00,0x00,0x00,0x00,0x00,0x00,0x00,0x00,0x00,0x00,0x00,0x00,
    0x00,0x00,0x00,0x00,0x00,0x00,0x00,0x00,0x00,0x00,0x00,0x00,0x00,0x00,0x00,0x00,
    0x00,0x00,0x00,0x00,0x00,0x00,0x00,0x00,0x00,0x00,0xa0,0xff,0x01,0x00,0x00,0xa0,
    0xff,0x01,0x00,0x00,0xa0,0xff,0x01,0x00,0x00,0xa0,0xff,0x01,0x00,0x00,0xa0,0xff,
    0x01,0x00,0x00,0xa0,0xff,0x01,0x00,0x00,0xa0,0xff,0x01,0x00,0x00,0xa0,0xff,0x01,
    0x00,0x00,0xa0,0xff,0x01,0x00,0x00,0xa0,0xff,0x01,0x00,0x00,0xa0,0xff,0x55,0x55,
    0x04,0xa0,0xff,0xff,0xff,0x0f,0xa0,0xff,0xff,0xff,0x0f,0x00,0x00,0x00,0x00,0x00,
    0x00,0x00,0x00,0x00,0x00,0x00,0x00,0x00,0x00,0x00,0x00,0x00,0x00,0x00,0x00,0x00,
    0x00,0x00,0x00,0x00,0x00,0x00,0x00,0x00,0x00,0x00,0x00,0x00,0x00,0x00,0x00,0x00,
    0x00,0x00,0x00,0x00,0x00,0x00,0x00,0x00,0x00,0x00,0x00,0x00,0x00,0x00,0x00,0x00,
    0x00,0x00,0x00,0x00,0x00,0x00,0x00,0x00,0x00,0x00,0x00,0x00,0x00,0x00,0x00,0x00,
    0x00,0x00,0x00,0x00,0x80,0xff,0x3f,0x00,0x00,0xf3,0xff,0x09,0x80,0xff,0x8f,0x00,
    0x00,0xf8,0xff,0x09,0x80,0xff,0xef,0x00,0x00,0xfe,0xff,0x09,0x80,0xff,0xff,0x01,
    0x10,0xff,0xff,0x09,0x80,0xdf,0xff,0x06,0x70,0xcf,0xff,0x09,0x80,0xef,0xfc,0x0b,
    0xc0,0x7f,0xff,0x09,0x80,0xef,0xf6,0x0f,0xf0,0x1f,0xff,0x09,0x80,0xff,0xf1,0x3f,
    0xf5,0x0d,0xff,0x09,0x80,0xff,0xd0,0x9f,0xfb,0x08,0xff,0x09,0x80,0xff,0x80,0xef,
    0xff,0x02,0xff,0x09,0x80,0xff,0x20,0xff,0xff,0x00,0xff,0x09,0x80,0xff,0x00,0xff,
    0x9f,0x00,0xff,0x09,0x80,0xff,0x00,0xf9,0x3f,0x00,0xff,0x09,0x00,0x00,0x00,0x00,
    0x00,0x00,0x00,0x00,0x00,0x00,0x00,0x00,0x00,0x00,0x00,0x00,0x00,0x00,0x00,0x00,
    0x00,0x00,0x00,0x00,0x00,0x00,0x00,0x00,0x00,0x00,0x00,0x00,0x00,0x00,0x00,0x00,
    0x00,0x00,0x00,0x00,0x00,0x00,0x00,0x00,0x00,0x00,0x00,0x00,0x00,0x00,0x00,0x00,
    0x00,0x00,0x00,0x00,0x00,0x00,0x00,0x00,0x00,0x00,0x00,0x00,0x00,0x00,0x00,0x00,
    0x00,0x00,0x00,0x00,0x00,0x00,0x00,0x00,0x00,0x00,0x00,0x00,0x00,0x00,0x80,0xff,
    0x2f,0x00,0x00,0xff,0x05,0x80,0xff,0xbf,0x00,0x00,0xff,0x05,0x80,0xff,0xff,0x03,
    0x00,0xff,0x05,0x80,0xff,0xff,0x0c,0x00,0xff,0x05,0x80,0xdf,0xfb,0x4f,0x00,0xff,
    0x05,0x80,0xef,0xf2,0xdf,0x00,0xff,0x05,0x80,0xff,0x90,0xff,0x05,0xff,0x05,0x80,
    0xff,0x10,0xff,0x0f,0xff,0x05,0x80,0xff,0x00,0xf8,0x6f,0xff,0x05,0x80,0xff,0x00,
    0xf0,0xff,0xff,0x05,0x80,0xff,0x00,0x60,0xff,0xff,0x05,0x80,0xff,0x00,0x00,0xfe,
    0xff,0x05,0x80,0xff,0x00,0x00,0xf4,0xff,0x05,0x00,0x00,0x00,0x00,0x00,0x00,0x00,
    0x00,0x00,0x00,0x00,0x00,0x00,0x00,0x00,0x00,0x00,0x00,0x00,0x00,0x00,0x00,0x00,
    0x00,0x00,0x00,0x00,0x00,0x00,0x00,0x00,0x00,0x00,0x00,0x00,0x00,0x00,0x00,0x00,
    0x00,0x00,0x00,0x00,0x00,0x00,0x00,0x00,0x00,0x00,0x00,0x00,0x00,0x00,0x00,0x00,
    0x00,0x00,0x00,0x00,0x00,0x00,0x00,0x00,0x00,0x00,0x00,0x00,0x00,0x00,0x00,0x00,
    0x00,0x00,0x00,0x00,0x30,0xfb,0xff,0x7e,0x00,0x00,0x60,0xff,0xff,0xff,0xdf,0x01,
    0x20,0xff,0x6f,0x32,0xfc,0xaf,0x00,0xfa,0x6f,0x00,0x00,0xff,0x1f,0xf0,0xff,0x00,
    0x00,0x90,0xff,0x05,0xff,0x0e,0x00,0x00,0xf6,0x7f,0xf1,0xdf,0x00,0x00,0x50,0xff,
    0x09,0xff,0x0e,0x00,0x00,0xf6,0x7f,0xf0,0xff,0x00,0x00,0x90,0xff,0x05,0xfa,0x5f,
    0x00,0x00,0xff,0x1f,0x20,0xff,0x6f,0x32,0xfc,0x9f,0x00,0x60,0xff,0xff,0xff,0xdf,
    0x01,0x00,0x30,0xfb,0xff,0x7e,0x00,0x00,0x00,0x00,0x00,0x00,0x00,0x00,0x00,0x00,
    0x00,0x00,0x00,0x00,0x00,0x00,0x00,0x00,0x00,0x00,0x00,0x00,0x00,0x00,0x00,0x00,
    0x00,0x00,0x00,0x00,0x00,0x00,0x00,0x00,0x00,0x00,0x00,0x00,0x00,0x00,0x00,0x00,
    0x00,0x00,0x00,0x00,0x00,0x00,0x00,0x00,0x00,0x00,0x00,0x00,0x00,0x00,0x00,0x00,
    0x00,0x00,0x00,0x00,0x00,0x00,0x00,0x00,0x00,0xa0,0xff,0xff,0xcf,0x03,0x00,0xfa,
    0xff,0xff,0xff,0x03,0xa0,0xff,0x22,0xf8,0xbf,0x00,0xfa,0x1f,0x00,0xff,0x0f,0xa0,
    0xff,0x01,0xf0,0xef,0x00,0xfa,0x1f,0x91,0xff,0x0a,0xa0,0xff,0xff,0xff,0x1f,0x00,
    0xfa,0xff,0xff,0x2b,0x00,0xa0,0xff,0x02,0x00,0x00,0x00,0xfa,0x1f,0x00,0x00,0x00,
    0xa0,0xff,0x01,0x00,0x00,0x00,0xfa,0x1f,0x00,0x00,0x00,0xa0,0xff,0x01,0x00,0x00,
    0x00,0x00,0x00,0x00,0x00,0x00,0x00,0x00,0x00,0x00,0x00,0x00,0x00,0x00,0x00,0x00,
    0x00,0x00,0x00,0x00,0x00,0x00,0x00,0x00,0x00,0x00,0x00,0x00,0x00,0x00,0x00,0x00,
    0x00,0x00,0x00,0x00,0x00,0x00,0x00,0x00,0x00,0x00,0x00,0x00,0x00,0x00,0x00,0x00,
    0x00,0x00,0x00,0x00,0x00,0x00,0x00,0x00,0x00,0x00,0x00,0x00,0x00,0x00,0x00,0x00,
    0x00,0x00,0x00,0x00,0x30,0xfb,0xff,0x7e,0x00,0x00,0x60,0xff,0xff,0xff,0xdf,0x01,
    0x20,0xff,0x6f,0x32,0xfc,0x9f,0x00,0xfa,0x6f,0x00,0x00,0xff,0x1f,0xf0,0xff,0x00,
    0x00,0x90,0xff,0x05,0xff,0x0e,0x00,0x00,0xf6,0x7f,0xf1,0xdf,0x00,0x00,0x50,0xff,
    0x09,0xff,0x0e,0x00,0x00,0xf6,0x7f,0xf0,0xff,0x00,0x00,0x90,0xff,0x05,0xfa,0x5f,
    0x00,0x00,0xff,0x1f,0x20,0xff,0x6f,0x32,0xfc,0xaf,0x00,0x60,0xff,0xff,0xff,0xef,
    0x01,0x00,0x30,0xfb,0xff,0xef,0x00,0x00,0x00,0x00,0x00,0xfc,0x6f,0x00,0x00,0x00,
    0x00,0x10,0xff,0x4f,0x00,0x00,0x00,0x00,0x50,0xff,0x2f,0x00,0x00,0x00,0x00,0x00,
    0x00,0x00,0x00,0x00,0x00,0x00,0x00,0x00,0x00,0x00,0x00,0x00,0x00,0x00,0x00,0x00,
    0x00,0x00,0x00,0x00,0x00,0x00,0x00,0x00,0x00,0x00,0x00,0x00,0x00,0x00,0x00,0x00,
    0x00,0x00,0x00,0x00,0x00,0x00,0x00,0x00,0x00,0xa0,0xff,0xff,0xcf,0x03,0x00,0xfa,
    0xff,0xff,0xff,0x04,0xa0,0xff,0x22,0xf8,0xdf,0x00,0xfa,0x1f,0x00,0xfe,0x0f,0xa0,
    0xff,0x01,0xf0,0xff,0x00,0xfa,0x1f,0x71,0xff,0x0a,0xa0,0xff,0xff,0xff,0x1e,0x00,
    0xfa,0xff,0xff,0x0f,0x00,0xa0,0xff,0x62,0xff,0x08,0x00,0xfa,0x1f,0xd0,0xff,0x02,
    0xa0,0xff,0x01,0xf3,0xcf,0x00,0xfa,0x1f,0x00,0xfc,0x5f,0xa0,0xff,0x01,0x20,0xff,
    0x0f,0x00,0x00,0x00,0x00,0x00,0x00,0x00,0x00,0x00,0x00,0x00,0x00,0x00,0x00,0x00,
    0x00,0x00,0x00,0x00,0x00,0x00,0x00,0x00,0x00,0x00,0x00,0x00,0x00,0x00,0x00,0x00,
    0x00,0x00,0x00,0x00,0x00,0x00,0x00,0x00,0x00,0x00,0x00,0x00,0x00,0x00,0x00,0x00,
    0x00,0x00,0x00,0x00,0x00,0x00,0x00,0x00,0xe5,0xff,0xaf,0x03,0xf8,0xff,0xff,0x7f,
    0xf0,0xef,0x33,0xd7,0x11,0xff,0x09,0x00,0x00,0xf0,0xff,0x05,0x00,0x00,0xfa,0xff,
    0x3d,0x00,0x10,0xfc,0xff,0x8f,0x00,0x00,0xf5,0xff,0x4f,0x00,0x00,0x90,0xff,0x0b,
    0x00,0x00,0xf0,0xcf,0xf4,0x38,0x62,0xff,0x49,0xff,0xff,0xff,0x1f,0xa1,0xff,0xff,
    0x1b,0x00,0x00,0x00,0x00,0x00,0x00,0x00,0x00,0x00,0x00,0x00,0x00,0x00,0x00,0x00,
    0x00,0x00,0x00,0x00,0x00,0x00,0x00,0x00,0x00,0x00,0x00,0x00,0x00,0x00,0x00,0x00,
    0x00,0x00,0x00,0x00,0x00,0x00,0x00,0x00,0x00,0x00,0x00,0x00,0x00,0x00,0x00,0x00,
    0x00,0x00,0x00,0x00,0x00,0x00,0xfc,0xff,0xff,0xff,0x9f,0xfc,0xff,0xff,0xff,0x9f,
    0x11,0x81,0xff,0x15,0x01,0x00,0x70,0xff,0x04,0x00,0x00,0x70,0xff,0x04,0x00,0x00,
    0x70,0xff,0x04,0x00,0x00,0x70,0xff,0x04,0x00,0x00,0x70,0xff,0x04,0x00,0x00,0x70,
    0xff,0x04,0x00,0x00,0x70,0xff,0x04,0x00,0x00,0x70,0xff,0x04,0x00,0x00,0x70,0xff,
    0x04,0x00,0x00,0x70,0xff,0x04,0x00,0x00,0x00,0x00,0x00,0x00,0x00,0x00,0x00,0x00,
    0x00,0x00,0x00,0x00,0x00,0x00,0x00,0x00,0x00,0x00,0x00,0x00,0x00,0x00,0x00,0x00,
    0x00,0x00,0x00,0x00,0x00,0x00,0x00,0x00,0x00,0x00,0x00,0x00,0x00,0x00,0x00,0x00,
    0x00,0x00,0x00,0x00,0x00,0x00,0x00,0x00,0x00,0x00,0x00,0x00,0x00,0x00,0x00,0x00,
    0x00,0x00,0x00,0x00,0x00,0x00,0x00,0xa0,0xff,0x00,0x00,0xf3,0x7f,0x00,0xfa,0x0f,
    0x00,0x30,0xff,0x07,0xa0,0xff,0x00,0x00,0xf3,0x7f,0x00,0xfa,0x0f,0x00,0x30,0xff,
    0x07,0xa0,0xff,0x00,0x00,0xf3,0x7f,0x00,0xfa,0x0f,0x00,0x30,0xff,0x07,0xa0,0xff,
    0x00,0x00,0xf3,0x7f,0x00,0xfa,0x0f,0x00,0x30,0xff,0x07,0xa0,0xff,0x01,0x00,0xf4,
    0x7f,0x00,0xf8,0x6f,0x00,0x90,0xff,0x04,0x20,0xff,0x8f,0x95,0xff,0x0f,0x00,0x80,
    0xff,0xff,0xff,0x5f,0x00,0x00,0x50,0xfd,0xff,0x3c,0x00,0x00,0x00,0x00,0x00,0x00,
    0x00,0x00,0x00,0x00,0x00,0x00,0x00,0x00,0x00,0x00,0x00,0x00,0x00,0x00,0x00,0x00,
    0x00,0x00,0x00,0x00,0x00,0x00,0x00,0x00,0x00,0x00,0x00,0x00,0x00,0x00,0x00,0x00,
    0x00,0x00,0x00,0x00,0x00,0x00,0x00,0x00,0x00,0x00,0x00,0x00,0x00,0x00,0x00,0x00,
    0x00,0x00,0x00,0x00,0x00,0x00,0x00,0x00,0x00,0x00,0x00,0x00,0x00,0xff,0x0d,0x00,
    0x00,0xfd,0xaf,0xff,0x01,0x00,0xf1,0xaf,0xf4,0x6f,0x00,0x50,0xff,0x05,0xff,0x0b,
    0x00,0xfb,0x0f,0xa0,0xff,0x00,0xf0,0xbf,0x00,0xf5,0x4f,0x30,0xff,0x05,0x00,0xff,
    0x09,0xf9,0x1f,0x00,0xb0,0xef,0xe0,0xcf,0x00,0x00,0xf6,0x2f,0xff,0x06,0x00,0x10,
    0xff,0xfa,0x1f,0x00,0x00,0xc0,0xff,0xdf,0x00,0x00,0x00,0xf7,0xff,0x07,0x00,0x00,
    0x10,0xff,0x2f,0x00,0x00,0x00,0x00,0x00,0x00,0x00,0x00,0x00,0x00,0x00,0x00,0x00,
    0x00,0x00,0x00,0x00,0x00,0x00,0x00,0x00,0x00,0x00,0x00,0x00,0x00,0x00,0x00,0x00,
    0x00,0x00,0x00,0x00,0x00,0x00,0x00,0x00,0x00,0x00,0x00,0x00,0x00,0x00,0x00,0x00,
    0x00,0x00,0x00,0x00,0x00,0x00,0x00,0x00,0x00,0x00,0x00,0x00,0x00,0x00,0x00,0x00,
    0x00,0x00,0x00,0x00,0x00,0x00,0x00,0x00,0x00,0x00,0x00,0x00,0x00,0x00,0x00,0x00,
    0xff,0x0c,0x00,0xf2,0xaf,0x00,0x40,0xff,0xfc,0x0f,0x00,0xf7,0xef,0x00,0x80,0xff,
    0xf7,0x1f,0x00,0xfb,0xff,0x01,0xc0,0xff,0xf3,0x5f,0x00,0xff,0xff,0x05,0xf0,0xbf,
    0xf0,0x9f,0x20,0xff,0xfb,0x09,0xf1,0x7f,0xc0,0xdf,0x60,0xff,0xf7,0x0e,0xf5,0x2f,
    0x80,0xff,0xa0,0xbf,0xf3,0x1f,0xf9,0x0f,0x40,0xff,0xf3,0x6f,0xf0,0x4f,0xfd,0x0c,
    0x00,0xff,0xf7,0x2f,0xc0,0x8f,0xff,0x07,0x00,0xfd,0xfc,0x0f,0x80,0xdf,0xff,0x03,
    0x00,0xf9,0xff,0x0b,0x30,0xff,0xff,0x00,0x00,0xf5,0xff,0x07,0x00,0xff,0xdf,0x00,
    0x00,0xf1,0xff,0x02,0x00,0xfd,0x8f,0x00,0x00,0x00,0x00,0x00,0x00,0x00,0x00,0x00,
    0x00,0x00,0x00,0x00,0x00,0x00,0x00,0x00,0x00,0x00,0x00,0x00,0x00,0x00,0x00,0x00,
    0x00,0x00,0x00,0x00,0x00,0x00,0x00,0x00,0x00,0x00,0x00,0x00,0x00,0x00,0x00,0x00,
    0x00,0x00,0x00,0x00,0x00,0x00,0x00,0x00,0x00,0x00,0x00,0x00,0x00,0x00,0x00,0x00,
    0x00,0x00,0x00,0x00,0x00,0x00,0x00,0x00,0x00,0x00,0x00,0x00,0x00,0x00,0x00,0x00,
    0x00,0xf8,0x8f,0x00,0x30,0xff,0x0d,0xff,0x1f,0x00,0xfc,0x3f,0x40,0xff,0x0a,0xf4,
    0xaf,0x00,0xc0,0xff,0xe2,0xff,0x01,0x00,0xf2,0xff,0xff,0x07,0x00,0x00,0xf8,0xff,
    0x0f,0x00,0x00,0x20,0xff,0x7f,0x00,0x00,0x00,0xfb,0xff,0x0f,0x00,0x00,0xf4,0xef,
    0xff,0x08,0x00,0xf0,0xff,0xd1,0xff,0x02,0x80,0xff,0x07,0xf3,0xdf,0x20,0xff,0x0e,
    0x00,0xfa,0x7f,0xfc,0x4f,0x00,0x10,0xff,0x0f,0x00,0x00,0x00,0x00,0x00,0x00,0x00,
    0x00,0x00,0x00,0x00,0x00,0x00,0x00,0x00,0x00,0x00,0x00,0x00,0x00,0x00,0x00,0x00,
    0x00,0x00,0x00,0x00,0x00,0x00,0x00,0x00,0x00,0x00,0x00,0x00,0x00,0x00,0x00,0x00,
    0x00,0x00,0x00,0x00,0x00,0x00,0x00,0x00,0x00,0x00,0x00,0x00,0x00,0x00,0x00,0x00,
    0x00,0x00,0x00,0x00,0x00,0xfe,0x2f,0x00,0x80,0xff,0x57,0xff,0x0a,0x00,0xff,0x0f,
    0xe0,0xff,0x02,0xf7,0x7f,0x00,0xf5,0xaf,0xf0,0xff,0x00,0x00,0xfe,0x9f,0xff,0x07,
    0x00,0x50,0xff,0xff,0x0f,0x00,0x00,0xe0,0xff,0x7f,0x00,0x00,0x00,0xf5,0xff,0x00,
    0x00,0x00,0x00,0xff,0x0b,0x00,0x00,0x00,0xf0,0xbf,0x00,0x00,0x00,0x00,0xff,0x0b,
    0x00,0x00,0x00,0xf0,0xbf,0x00,0x00,0x00,0x00,0xff,0x0b,0x00,0x00,0x00,0x00,0x00,
    0x00,0x00,0x00,0x00,0x00,0x00,0x00,0x00,0x00,0x00,0x00,0x00,0x00,0x00,0x00,0x00,
    0x00,0x00,0x00,0x00,0x00,0x00,0x00,0x00,0x00,0x00,0x00,0x00,0x00,0x00,0x00,0x00,
    0x00,0x00,0x00,0x00,0x00,0x00,0x00,0x00,0x00,0x00,0x00,0x00,0x00,0x00,0x00,0x00,
    0x00,0x00,0x00,0x00,0x00,0x00,0xf8,0xff,0xff,0xff,0x5f,0xf8,0xff,0xff,0xff,0x4f,
    0x10,0x11,0x31,0xff,0x0d,0x00,0x00,0xc0,0xff,0x03,0x00,0x00,0xf5,0x9f,0x00,0x00,
    0x10,0xff,0x0f,0x00,0x00,0xa0,0xff,0x04,0x00,0x00,0xf3,0xbf,0x00,0x00,0x00,0xfe,
    0x1f,0x00,0x00,0x80,0xff,0x07,0x00,0x00,0xf2,0xef,0x11,0x11,0x01,0xfa,0xff,0xff,
    0xff,0x8f,0xfb,0xff,0xff,0xff,0x8f,0x00,0x00,0x00,0x00,0x00,0x00,0x00,0x00,0x00,
    0x00,0x00,0x00,0x00,0x00,0x00,0x00,0x00,0x00,0x00,0x00,0x00,0x00,0x00,0x00,0x00,
    0x00,0x00,0x00,0x00,0x00,0x00,0x00,0x00,0x00,0x00,0x00,0x00,0x00,0x00,0x00,0x00,
    0x00,0x00,0xf0,0xff,0x4f,0xf0,0xff,0x4f,0xf0,0x7f,0x01,0xf0,0x6f,0x00,0xf0,0x6f,
    0x00,0xf0,0x6f,0x00,0xf0,0x6f,0x00,0xf0,0x6f,0x00,0xf0,0x6f,0x00,0xf0,0x6f,0x00,
    0xf0,0x6f,0x00,0xf0,0x6f,0x00,0xf0,0x6f,0x00,0xf0,0x7f,0x01,0xf0,0xff,0x4f,0xf0,
    0xff,0x4f,0x00,0x00,0x00,0x00,0x00,0x00,0x00,0x00,0x00,0x00,0x00,0x00,0x00,0x00,
    0x00,0x00,0x00,0x00,0x00,0x00,0x00,0x00,0x00,0x00,0x00,0x00,0x00,0xfd,0x0a,0x00,
    0x70,0xff,0x00,0x00,0xf1,0x5f,0x00,0x00,0xfc,0x0b,0x00,0x60,0xff,0x01,0x00,0xf1,
    0x6f,0x00,0x00,0xfb,0x0c,0x00,0x50,0xff,0x01,0x00,0xf0,0x7f,0x00,0x00,0xfb,0x0d,
    0x00,0x40,0xff,0x02,0x00,0xf0,0x8f,0x00,0x00,0xfa,0x0e,0x00,0x00,0x00,0x00,0x00,
    0x00,0x00,0x00,0x00,0x00,0x00,0x00,0x00,0x00,0x00,0x00,0x00,0x00,0x00,0x00,0x00,
    0x00,0x00,0x00,0x00,0x00,0x00,0x00,0x00,0x00,0x00,0x00,0x00,0x00,0x00,0xfa,0xff,
    0x08,0xfa,0xff,0x08,0x11,0xfd,0x08,0x00,0xfd,0x08,0x00,0xfd,0x08,0x00,0xfd,0x08,
    0x00,0xfd,0x08,0x00,0xfd,0x08,0x00,0xfd,0x08,0x00,0xfd,0x08,0x00,0xfd,0x08,0x00,
    0xfd,0x08,0x00,0xfd,0x08,0x11,0xfd,0x08,0xfa,0xff,0x08,0xfa,0xff,0x08,0x00,0x00,
    0x00,0x00,0x00,0x00,0x00,0x00,0x00,0x00,0x00,0x00,0x00,0x00,0x00,0x00,0x00,0x00,
    0x00,0x00,0x00,0x00,0x00,0x00,0x00,0x00,0x00,0x00,0x00,0x00,0x00,0x00,0x10,0x39,
    0x00,0x00,0x00,0x70,0xdf,0x00,0x00,0x00,0xf0,0xff,0x03,0x00,0x00,0xf5,0xfe,0x0c,
    0x00,0x00,0xfc,0xd3,0x3f,0x00,0x20,0xef,0x50,0xbf,0x00,0xa0,0x6f,0x00,0xff,0x02,
    0xf1,0x0f,0x00,0xf6,0x0b,0xf7,0x0a,0x00,0xf0,0x2f,0x00,0x00,0x00,0x00,0x00,0x00,
    0x00,0x00,0x00,0x00,0x00,0x00,0x00,0x00,0x00,0x00,0x00,0x00,0x00,0x00,0x00,0x00,
    0x00,0x00,0x00,0x00,0x00,0x00,0x00,0x00,0x00,0x00,0x00,0x00,0x00,0x00,0x00,0x00,
    0x00,0x00,0x00,0x00,0x00,0x00,0x00,0x00,0x00,0x00,0x00,0x00,0x00,0x00,0x00,0x00,
    0x00,0x00,0x00,0x00,0x00,0x00,0x00,0x00,0x00,0x00,0x00,0x00,0x00,0x00,0x00,0x00,
    0x00,0x00,0x00,0x00,0x00,0x00,0x00,0x00,0x00,0x00,0x00,0x00,0x00,0x00,0x00,0x00,
    0x00,0x00,0x00,0x00,0x00,0x00,0x00,0x00,0x00,0x00,0x00,0x00,0x00,0x00,0x00,0x00,
    0x00,0x00,0x00,0x00,0x00,0x00,0x00,0x00,0x00,0x00,0x00,0x00,0x00,0x00,0x00,0x00,
    0x00,0x00,0x00,0x00,0x00,0xf0,0xff,0xff,0xff,0x33,0x33,0x33,0x03,0x00,0x00,0x00,
    0x00,0x00,0x00,0x00,0x00,0x00,0x00,0x00,0x00,0x00,0x00,0x00,0x00,0x00,0x00,0xf2,
    0xff,0x00,0x20,0xff,0x0a,0x00,0xd1,0x5f,0x00,0x00,0x00,0x00,0x00,0x00,0x00,0x00,
    0x00,0x00,0x00,0x00,0x00,0x00,0x00,0x00,0x00,0x00,0x00,0x00,0x00,0x00,0x00,0x00,
    0x00,0x00,0x00,0x00,0x00,0x00,0x00,0x00,0x00,0x00,0x00,0x00,0x00,0x00,0x00,0x00,
    0x00,0x00,0x00,0x00,0x00,0x00,0x00,0x00,0x00,0x00,0x00,0x00,0x00,0x00,0x00,0x00,
    0x00,0x00,0x00,0x00,0x00,0x00,0x00,0x00,0x00,0x00,0x00,0x00,0x00,0x00,0x00,0x00,
    0x00,0x00,0x00,0x00,0x00,0x00,0x00,0x00,0x00,0x00,0x00,0x00,0x00,0x00,0x00,0x00,
    0x00,0x00,0x00,0x00,0x00,0x10,0xe8,0xff,0x8f,0x00,0x20,0xff,0xff,0xff,0x08,0x00,
    0x79,0x33,0xff,0x0f,0x00,0x00,0x11,0xfb,0x0f,0x30,0xfc,0xff,0xff,0x0f,0xf1,0xff,
    0xff,0xff,0x0f,0xf5,0xbf,0x02,0xfb,0x0f,0xf4,0xaf,0x52,0xff,0x0f,0xf1,0xff,0xff,
    0xfe,0x0f,0x40,0xfe,0x9f,0xf1,0x0f,0x00,0x00,0x00,0x00,0x00,0x00,0x00,0x00,0x00,
    0x00,0x00,0x00,0x00,0x00,0x00,0x00,0x00,0x00,0x00,0x00,0x00,0x00,0x00,0x00,0x00,
    0x00,0x00,0x00,0x00,0x00,0x00,0x00,0x00,0x00,0x00,0x00,0x00,0x00,0x00,0x00,0x00,
    0x00,0x00,0x00,0x00,0x00,0x00,0x00,0x00,0x00,0x00,0x00,0x00,0xfe,0x0f,0x00,0x00,
    0x00,0xe0,0xff,0x00,0x00,0x00,0x00,0xfe,0x0f,0x00,0x00,0x00,0xe0,0xef,0x00,0x00,
    0x00,0x00,0xfe,0x5e,0xff,0x4e,0x00,0xe0,0xff,0xff,0xff,0x2f,0x00,0xfe,0x9f,0x82,
    0xff,0x0a,0xe0,0xff,0x00,0xf0,0xef,0x00,0xfe,0x0f,0x00,0xfd,0x0f,0xe0,0xff,0x00,
    0xd0,0xff,0x00,0xfe,0x0f,0x00,0xff,0x0e,0xe0,0xff,0x2a,0xf8,0xaf,0x00,0xfe,0xff,
    0xff,0xff,0x02,0xe0,0x8f,0xf9,0xef,0x04,0x00,0x00,0x00,0x00,0x00,0x00,0x00,0x00,
    0x00,0x00,0x00,0x00,0x00,0x00,0x00,0x00,0x00,0x00,0x00,0x00,0x00,0x00,0x00,0x00,
    0x00,0x00,0x00,0x00,0x00,0x00,0x00,0x00,0x00,0x00,0x00,0x00,0x00,0x00,0x00,0x00,
    0x00,0x00,0x00,0x00,0x00,0x00,0x00,0x00,0x00,0x00,0x00,0x00,0x00,0x00,0x00,0x00,
    0x00,0x00,0x00,0x00,0x00,0x00,0x00,0x00,0x00,0x00,0x00,0x00,0x00,0x20,0xfb,0xff,
    0x2c,0x30,0xff,0xff,0xff,0x01,0xfd,0x7f,0x52,0x07,0xf1,0xcf,0x00,0x00,0x30,0xff,
    0x09,0x00,0x00,0xf3,0x8f,0x00,0x00,0x10,0xff,0x0c,0x00,0x00,0xe0,0xff,0x27,0xa4,
    0x01,0xf4,0xff,0xff,0x1f,0x00,0xc3,0xff,0xaf,0x00,0x00,0x00,0x00,0x00,0x00,0x00,
    0x00,0x00,0x00,0x00,0x00,0x00,0x00,0x00,0x00,0x00,0x00,0x00,0x00,0x00,0x00,0x00,
    0x00,0x00,0x00,0x00,0x00,0x00,0x00,0x00,0x00,0x00,0x00,0x00,0x00,0x00,0x00,0x00,
    0x00,0x00,0x00,0x00,0x00,0x00,0x00,0x00,0x00,0x00,0x00,0x00,0x00,0x00,0x10,0xff,
    0x09,0x00,0x00,0x00,0xf1,0x9f,0x00,0x00,0x00,0x10,0xff,0x09,0x00,0x00,0x00,0xf1,
    0x9f,0x00,0x70,0xff,0x4e,0xff,0x09,0x60,0xff,0xff,0xff,0x9f,0x00,0xff,0x5f,0xc2,
    0xff,0x09,0xf1,0xbf,0x00,0xf2,0x9f,0x30,0xff,0x08,0x00,0xff,0x09,0xf3,0x8f,0x00,
    0xf0,0x9f,0x10,0xff,0x0b,0x10,0xff,0x09,0xf0,0xff,0x25,0xfb,0x9f,0x00,0xf7,0xff,
    0xff,0xff,0x09,0x00,0xf7,0xef,0xc3,0x9f,0x00,0x00,0x00,0x00,0x00,0x00,0x00,0x00,
    0x00,0x00,0x00,0x00,0x00,0x00,0x00,0x00,0x00,0x00,0x00,0x00,0x00,0x00,0x00,0x00,
    0x00,0x00,0x00,0x00,0x00,0x00,0x00,0x00,0x00,0x00,0x00,0x00,0x00,0x00,0x00,0x00,
    0x00,0x00,0x00,0x00,0x00,0x00,0x00,0x00,0x00,0x00,0x00,0x00,0x00,0x00,0x00,0x00,
    0x00,0x00,0x00,0x00,0x00,0x00,0x00,0x00,0x00,0x00,0x00,0x00,0x00,0x00,0x00,0x00,
    0x00,0x00,0xc3,0xff,0x7f,0x00,0x30,0xff,0xff,0xff,0x08,0xd0,0xff,0x25,0xfb,0x1f,
    0xf1,0xbf,0x11,0xf3,0x5f,0xf3,0xff,0xff,0xff,0x6f,0xf3,0xff,0xff,0xff,0x6f,0xf1,
    0xaf,0x00,0x00,0x00,0xd0,0xff,0x26,0x52,0x08,0x30,0xff,0xff,0xff,0x0f,0x00,0xb2,
    0xff,0xef,0x07,0x00,0x00,0x00,0x00,0x00,0x00,0x00,0x00,0x00,0x00,0x00,0x00,0x00,
    0x00,0x00,0x00,0x00,0x00,0x00,0x00,0x00,0x00,0x00,0x00,0x00,0x00,0x00,0x00,0x00,
    0x00,0x00,0x00,0x00,0x00,0x00,0x00,0x00,0x00,0x00,0x00,0x00,0x00,0x00,0x40,0xfe,
    0xff,0x00,0xff,0xff,0x0f,0xf4,0xbf,0x32,0x50,0xff,0x05,0x50,0xff,0xff,0x8f,0xfc,
    0xff,0xff,0x18,0xf6,0x6f,0x01,0x50,0xff,0x05,0x00,0xf5,0x5f,0x00,0x50,0xff,0x05,
    0x00,0xf5,0x5f,0x00,0x50,0xff,0x05,0x00,0xf5,0x5f,0x00,0x50,0xff,0x05,0x00,0x00,
    0x00,0x00,0x00,0x00,0x00,0x00,0x00,0x00,0x00,0x00,0x00,0x00,0x00,0x00,0x00,0x00,
    0x00,0x00,0x00,0x00,0x00,0x00,0x00,0x00,0x00,0x00,0x00,0x00,0x00,0x00,0x00,0x00,
    0x00,0x00,0x00,0x00,0x00,0x00,0x00,0x00,0x00,0x00,0x00,0x00,0x00,0x00,0x00,0x00,
    0x00,0x00,0x00,0x00,0x00,0x00,0x00,0x00,0x00,0x00,0x00,0x00,0x00,0x00,0x00,0x00,
    0x00,0x00,0x70,0xff,0x4e,0xfe,0x09,0x60,0xff,0xff,0xff,0x9f,0x00,0xff,0x5f,0xc2,
    0xff,0x09,0xf1,0xbf,0x00,0xf2,0x9f,0x30,0xff,0x08,0x00,0xff,0x09,0xf3,0x8f,0x00,
    0xf0,0x9f,0x10,0xff,0x0b,0x10,0xff,0x09,0xf0,0xff,0x25,0xfb,0x9f,0x00,0xf7,0xff,
    0xff,0xff,0x09,0x00,0xf8,0xef,0xf4,0x9f,0x00,0x00,0x00,0x30,0xff,0x08,0x80,0x37,
    0x31,0xfd,0x4f,0x00,0xfc,0xff,0xff,0xdf,0x00,0x70,0xfe,0xff,0x9f,0x00,0x00,0x00,
    0x00,0x00,0x00,0x00,0x00,0x00,0x00,0x00,0x00,0x00,0x00,0x00,0x00,0x00,0x00,0x00,
    0x00,0x00,0x00,0x00,0x00,0x00,0x00,0x00,0x00,0x00,0x00,0x00,0x00,0x00,0x00,0x00,
    0xfe,0x0f,0x00,0x00,0x00,0xe0,0xff,0x00,0x00,0x00,0x00,0xfe,0x0f,0x00,0x00,0x00,
    0xe0,0xef,0x00,0x00,0x00,0x00,0xfe,0x6e,0xff,0x7f,0x00,0xe0,0xff,0xff,0xff,0x7f,
    0x00,0xfe,0xbf,0x62,0xff,0x0d,0xe0,0xff,0x01,0xe0,0xff,0x00,0xfe,0x0f,0x00,0xfd,
    0x0f,0xe0,0xff,0x00,0xd0,0xff,0x00,0xfe,0x0f,0x00,0xfd,0x0f,0xe0,0xff,0x00,0xd0,
    0xff,0x00,0xfe,0x0f,0x00,0xfd,0x0f,0xe0,0xff,0x00,0xd0,0xff,0x00,0x00,0x00,0x00,
    0x00,0x00,0x00,0x00,0x00,0x00,0x00,0x00,0x00,0x00,0x00,0x00,0x00,0x00,0x00,0x00,
    0x00,0x00,0x00,0x00,0x00,0x00,0x00,0x00,0x00,0x00,0x00,0x00,0x00,0x00,0x00,0x00,
    0x00,0x00,0x00,0x00,0x00,0xfa,0x0c,0xb0,0xdf,0x00,0x00,0x00,0x00,0x00,0x00,0xfd,
    0x0f,0xd0,0xff,0x00,0xfd,0x0f,0xd0,0xff,0x00,0xfd,0x0f,0xd0,0xff,0x00,0xfd,0x0f,
    0xd0,0xff,0x00,0xfd,0x0f,0xd0,0xff,0x00,0x00,0x00,0x00,0x00,0x00,0x00,0x00,0x00,
    0x00,0x00,0x00,0x00,0x00,0x00,0x00,0x00,0x00,0x00,0x00,0x00,0x00,0x00,0x00,0x00,
    0x00,0xfa,0x0c,0xb0,0xdf,0x00,0x00,0x00,0x00,0x00,0x00,0xfe,0x0f,0xe0,0xff,0x00,
    0xfe,0x0f,0xe0,0xff,0x00,0xfe,0x0f,0xe0,0xff,0x00,0xfe,0x0f,0xe0,0xff,0x00,0xfe,
    0x0f,0xe0,0xff,0x00,0xfe,0x0f,0xf5,0xdf,0xf0,0xff,0x07,0xff,0x09,0x00,0x00,0x00,
    0x00,0x00,0x00,0x00,0x00,0x00,0x00,0x00,0x00,0x00,0x00,0x00,0x00,0x00,0x00,0x00,
    0x00,0x00,0x00,0x00,0x00,0x00,0x00,0x00,0x00,0x00,0x00,0x00,0xfc,0x0f,0x00,0x00,
    0x00,0xc0,0xff,0x00,0x00,0x00,0x00,0xfc,0x0f,0x00,0x00,0x00,0xc0,0xff,0x00,0x00,
    0x00,0x00,0xfc,0x0f,0x20,0xff,0x1f,0xc0,0xff,0x10,0xfe,0x2f,0x00,0xfc,0x0f,0xfc,
    0x4f,0x00,0xc0,0xef,0xf9,0x6f,0x00,0x00,0xfc,0xff,0xff,0x00,0x00,0xc0,0xff,0xff,
    0x8f,0x00,0x00,0xfc,0x7f,0xfd,0x3f,0x00,0xc0,0xff,0x20,0xff,0x0e,0x00,0xfc,0x0f,
    0x70,0xff,0x09,0xc0,0xff,0x00,0xd0,0xff,0x04,0x00,0x00,0x00,0x00,0x00,0x00,0x00,
    0x00,0x00,0x00,0x00,0x00,0x00,0x00,0x00,0x00,0x00,0x00,0x00,0x00,0x00,0x00,0x00,
    0x00,0x00,0x00,0x00,0x00,0x00,0x00,0x00,0x00,0x00,0x00,0x00,0x00,0x00,0x00,0x00,
    0x00,0xfe,0x0f,0xe0,0xff,0x00,0xfe,0x0f,0xe0,0xff,0x00,0xfe,0x0f,0xe0,0xff,0x00,
    0xfe,0x0f,0xe0,0xff,0x00,0xfe,0x0f,0xe0,0xff,0x00,0xfe,0x0f,0xe0,0xff,0x00,0xfe,
    0x0f,0xe0,0xff,0x00,0x00,0x00,0x00,0x00,0x00,0x00,0x00,0x00,0x00,0x00,0x00,0x00,
    0x00,0x00,0x00,0x00,0x00,0x00,0x00,0x00,0x00,0x00,0x00,0x00,0x00,0x00,0x00,0x00,
    0x00,0x00,0x00,0x00,0x00,0x00,0x00,0x00,0x00,0x00,0x00,0x00,0x00,0x00,0x00,0x00,
    0x00,0x00,0x00,0x00,0x00,0x00,0x00,0x00,0x00,0x00,0x00,0x00,0x00,0x00,0x00,0x00,
    0x00,0x00,0x00,0x00,0x00,0x00,0x00,0x00,0x00,0x00,0x00,0x00,0x00,0x00,0x00,0x00,
    0x00,0x00,0x00,0x00,0x00,0x00,0x00,0x00,0x00,0x00,0x00,0x00,0x00,0xfe,0x86,0xff,
    0x7f,0xb1,0xff,0x3d,0x00,0xe0,0xff,0xff,0xff,0xff,0xff,0xff,0x1f,0x00,0xfe,0xaf,
    0x92,0xff,0x7f,0xc2,0xff,0x05,0xe0,0xff,0x01,0xf1,0xef,0x00,0xf5,0x7f,0x00,0xfe,
    0x0f,0x00,0xff,0x0b,0x30,0xff,0x07,0xe0,0xff,0x00,0xf0,0xbf,0x00,0xf3,0x7f,0x00,
    0xfe,0x0f,0x00,0xff,0x0b,0x30,0xff,0x07,0xe0,0xff,0x00,0xf0,0xbf,0x00,0xf3,0x7f,
    0x00,0xfe,0x0f,0x00,0xff,0x0b,0x30,0xff,0x07,0xe0,0xff,0x00,0xf0,0xbf,0x00,0xf3,
    0x7f,0x00,0x00,0x00,0x00,0x00,0x00,0x00,0x00,0x00,0x00,0x00,0x00,0x00,0x00,0x00,
    0x00,0x00,0x00,0x00,0x00,0x00,0x00,0x00,0x00,0x00,0x00,0x00,0x00,0x00,0x00,0x00,
    0x00,0x00,0x00,0x00,0x00,0x00,0x00,0x00,0x00,0x00,0x00,0x00,0x00,0x00,0x00,0x00,
    0x00,0x00,0x00,0x00,0x00,0x00,0x00,0x00,0x00,0x00,0x00,0x00,0x00,0x00,0x00,0x00,
    0x00,0x00,0x00,0x00,0x00,0x00,0x00,0x00,0x00,0x00,0x00,0x00,0x00,0x00,0x00,0x00,
    0x00,0x00,0x00,0x00,0x00,0x00,0x00,0x00,0x00,0x00,0x00,0x00,0x00,0x00,0xfe,0x76,
    0xff,0x8f,0x00,0xe0,0xff,0xff,0xff,0x7f,0x00,0xfe,0xbf,0x62,0xff,0x0d,0xe0,0xff,
    0x01,0xe0,0xff,0x00,0xfe,0x0f,0x00,0xfd,0x0f,0xe0,0xff,0x00,0xd0,0xff,0x00,0xfe,
    0x0f,0x00,0xfd,0x0f,0xe0,0xff,0x00,0xd0,0xff,0x00,0xfe,0x0f,0x00,0xfd,0x0f,0xe0,
    0xff,0x00,0xd0,0xff,0x00,0x00,0x00,0x00,0x00,0x00,0x00,0x00,0x00,0x00,0x00,0x00,
    0x00,0x00,0x00,0x00,0x00,0x00,0x00,0x00,0x00,0x00,0x00,0x00,0x00,0x00,0x00,0x00,
    0x00,0x00,0x00,0x00,0x00,0x00,0x00,0x00,0x00,0x00,0x00,0x00,0x00,0x00,0x00,0x00,
    0x00,0x00,0x00,0x00,0x00,0x00,0x00,0x00,0x00,0x00,0x00,0x00,0x00,0x00,0x00,0x00,
    0x00,0x00,0x00,0x00,0x00,0x00,0x00,0x00,0x00,0x00,0x00,0x00,0x00,0x00,0x00,0x00,
    0x00,0x00,0x30,0xfc,0xff,0x08,0x00,0x30,0xff,0xff,0xff,0x0c,0x00,0xfd,0x6f,0xb2,
    0xff,0x05,0xf1,0xbf,0x00,0xf1,0xbf,0x30,0xff,0x08,0x00,0xff,0x0e,0xf3,0x8f,0x00,
    0xf0,0xef,0x10,0xff,0x0b,0x10,0xff,0x0c,0xc0,0xff,0x26,0xfb,0x6f,0x00,0xf2,0xff,
    0xff,0xdf,0x00,0x00,0xc2,0xff,0x9f,0x00,0x00,0x00,0x00,0x00,0x00,0x00,0x00,0x00,
    0x00,0x00,0x00,0x00,0x00,0x00,0x00,0x00,0x00,0x00,0x00,0x00,0x00,0x00,0x00,0x00,
    0x00,0x00,0x00,0x00,0x00,0x00,0x00,0x00,0x00,0x00,0x00,0x00,0x00,0x00,0x00,0x00,
    0x00,0x00,0x00,0x00,0x00,0x00,0x00,0x00,0x00,0x00,0x00,0x00,0x00,0x00,0x00,0x00,
    0x00,0x00,0x00,0x00,0x00,0x00,0x00,0x00,0x00,0x00,0x00,0x00,0x00,0x00,0x00,0x00,
    0x00,0x00,0x00,0x00,0x00,0x00,0xfe,0x58,0xff,0x4f,0x00,0xe0,0xff,0xff,0xff,0x3f,
    0x00,0xfe,0x9f,0x82,0xff,0x0a,0xe0,0xff,0x00,0xf0,0xef,0x00,0xfe,0x0f,0x00,0xfd,
    0x0f,0xe0,0xff,0x00,0xd0,0xff,0x00,0xfe,0x0f,0x00,0xff,0x0e,0xe0,0xff,0x2a,0xf8,
    0xaf,0x00,0xfe,0xff,0xff,0xff,0x02,0xe0,0xef,0xf8,0xef,0x04,0x00,0xfe,0x0f,0x00,
    0x00,0x00,0xe0,0xff,0x00,0x00,0x00,0x00,0xfe,0x0f,0x00,0x00,0x00,0xe0,0xff,0x00,
    0x00,0x00,0x00,0x00,0x00,0x00,0x00,0x00,0x00,0x00,0x00,0x00,0x00,0x00,0x00,0x00,
    0x00,0x00,0x00,0x00,0x00,0x00,0x00,0x00,0x00,0x00,0x00,0x00,0x00,0x00,0x00,0x00,
    0x00,0x00,0x00,0x00,0x00,0x00,0x00,0x00,0x00,0x00,0x00,0x00,0x00,0x00,0x00,0x00,
    0x00,0x00,0x00,0x00,0x00,0x00,0x00,0x00,0x00,0x00,0x70,0xff,0x3e,0xfe,0x09,0x60,
    0xff,0xff,0xff,0x9f,0x00,0xff,0x5f,0xc2,0xff,0x09,0xf1,0xbf,0x00,0xf2,0x9f,0x30,
    0xff,0x08,0x00,0xff,0x09,0xf3,0x8f,0x00,0xf0,0x9f,0x10,0xff,0x0b,0x10,0xff,0x09,
    0xf0,0xff,0x25,0xfb,0x9f,0x00,0xf7,0xff,0xff,0xff,0x09,0x00,0xf7,0xef,0xf4,0x9f,
    0x00,0x00,0x00,0x10,0xff,0x09,0x00,0x00,0x00,0xf1,0x9f,0x00,0x00,0x00,0x10,0xff,
    0x09,0x00,0x00,0x00,0xf1,0x9f,0x00,0x00,0x00,0x00,0x00,0x00,0x00,0x00,0x00,0x00,
    0x00,0x00,0x00,0x00,0x00,0x00,0x00,0x00,0x00,0x00,0x00,0x00,0x00,0x00,0x00,0x00,
    0x00,0x00,0x00,0x00,0x00,0x00,0x00,0x00,0x00,0x00,0x00,0x00,0x00,0x00,0x00,0x00,
    0xe0,0x6f,0xf6,0x6f,0xe0,0xff,0xff,0x4f,0xe0,0xff,0x4d,0x02,0xe0,0xff,0x01,0x00,
    0xe0,0xff,0x00,0x00,0xe0,0xff,0x00,0x00,0xe0,0xff,0x00,0x00,0xe0,0xff,0x00,0x00,
    0xe0,0xff,0x00,0x00,0xe0,0xff,0x00,0x00,0x00,0x00,0x00,0x00,0x00,0x00,0x00,0x00,
    0x00,0x00,0x00,0x00,0x00,0x00,0x00,0x00,0x00,0x00,0x00,0x00,0x00,0x00,0x00,0x00,
    0x00,0x00,0x00,0x00,0x00,0x00,0x00,0x00,0x00,0x00,0x00,0x00,0x00,0x00,0x00,0x00,
    0x00,0x00,0x00,0x00,0x00,0x00,0x00,0x00,0x00,0x00,0x00,0x00,0x00,0x00,0x00,0x00,
    0x00,0x00,0x00,0x00,0x00,0xb2,0xff,0xcf,0x04,0xf0,0xff,0xff,0x8f,0x30,0xff,0x28,
    0xa4,0x01,0xf2,0xdf,0x04,0x00,0x00,0xf9,0xff,0x5e,0x00,0x00,0xd4,0xff,0x6f,0x00,
    0x00,0x30,0xff,0x0d,0xa3,0x25,0xe2,0xdf,0x40,0xff,0xff,0xff,0x07,0xc2,0xff,0xff,
    0x08,0x00,0x00,0x00,0x00,0x00,0x00,0x00,0x00,0x00,0x00,0x00,0x00,0x00,0x00,0x00,
    0x00,0x00,0x00,0x00,0x00,0x00,0x00,0x00,0x00,0x00,0x00,0x00,0x00,0x00,0x00,0x00,
    0x00,0x00,0x00,0x00,0x00,0x00,0x00,0x00,0x00,0x00,0x00,0x00,0x00,0x00,0x00,0x00,
    0x00,0xc0,0x2f,0x00,0x10,0xff,0x02,0x30,0xfe,0xff,0xdf,0xfb,0xff,0xff,0x1d,0xf8,
    0x3f,0x11,0x70,0xff,0x02,0x00,0xf7,0x2f,0x00,0x70,0xff,0x02,0x00,0xf7,0x2f,0x00,
    0x60,0xff,0x28,0x04,0xf2,0xff,0xff,0x00,0xf6,0xff,0x0b,0x00,0x00,0x00,0x00,0x00,
    0x00,0x00,0x00,0x00,0x00,0x00,0x00,0x00,0x00,0x00,0x00,0x00,0x00,0x00,0x00,0x00,
    0x00,0x00,0x00,0x00,0x00,0x00,0x00,0x00,0x00,0x00,0x00,0x00,0x00,0x00,0x00,0x00,
    0x00,0x00,0x00,0x00,0x00,0x00,0x00,0x00,0x00,0x00,0x00,0x00,0x00,0x00,0x00,0x00,
    0x00,0x00,0x00,0x00,0x00,0x00,0x00,0x00,0x00,0x00,0x00,0x00,0x00,0x00,0xff,0x0e,
    0x00,0xfe,0x0e,0xf0,0xef,0x00,0xe0,0xef,0x00,0xff,0x0e,0x00,0xfe,0x0e,0xf0,0xef,
    0x00,0xe0,0xef,0x00,0xff,0x0e,0x00,0xfe,0x0e,0xf0,0xef,0x00,0xf0,0xef,0x00,0xfe,
    0x0f,0x10,0xff,0x0e,0xd0,0xff,0x15,0xfa,0xef,0x00,0xf6,0xff,0xff,0xff,0x0e,0x00,
    0xf7,0xff,0x7b,0xef,0x00,0x00,0x00,0x00,0x00,0x00,0x00,0x00,0x00,0x00,0x00,0x00,
    0x00,0x00,0x00,0x00,0x00,0x00,0x00,0x00,0x00,0x00,0x00,0x00,0x00,0x00,0x00,0x00,
    0x00,0x00,0x00,0x00,0x00,0x00,0x00,0x00,0x00,0x00,0x00,0x00,0x00,0x00,0x00,0x00,
    0x00,0x00,0x00,0x00,0x00,0x00,0x00,0x00,0x00,0x00,0x00,0x00,0x00,0x00,0x00,0x00,
    0x00,0x00,0x00,0x00,0x00,0x00,0x00,0x00,0x00,0x00,0x00,0x00,0x00,0xff,0x0f,0x00,
    0xf2,0x9f,0xf9,0x2f,0x00,0xf8,0x3f,0xf2,0x8f,0x00,0xfd,0x0f,0xe0,0xdf,0x10,0xff,
    0x08,0x70,0xff,0x61,0xff,0x02,0x10,0xff,0xb5,0xef,0x00,0x00,0xfd,0xfa,0x7f,0x00,
    0x00,0xf6,0xff,0x1f,0x00,0x00,0xf1,0xff,0x0d,0x00,0x00,0xc0,0xff,0x06,0x00,0x00,
    0x00,0x00,0x00,0x00,0x00,0x00,0x00,0x00,0x00,0x00,0x00,0x00,0x00,0x00,0x00,0x00,
    0x00,0x00,0x00,0x00,0x00,0x00,0x00,0x00,0x00,0x00,0x00,0x00,0x00,0x00,0x00,0x00,
    0x00,0x00,0x00,0x00,0x00,0x00,0x00,0x00,0x00,0x00,0x00,0x00,0x00,0x00,0x00,0x00,
    0x00,0x00,0x00,0x00,0x00,0x00,0x00,0x00,0x00,0x00,0x00,0x00,0x00,0x00,0x00,0x00,
    0x00,0x00,0x00,0x00,0x00,0x00,0x00,0x00,0x00,0x00,0x00,0x00,0x00,0x00,0x00,0x00,
    0x00,0x00,0x00,0x00,0x00,0x00,0x00,0x00,0x00,0x00,0x00,0xd0,0xff,0x00,0xf4,0xef,
    0x00,0xf4,0x4f,0xf8,0x1f,0x80,0xff,0x1f,0x80,0xff,0x30,0xff,0x05,0xfc,0xfe,0x05,
    0xfd,0x0d,0xf0,0x9f,0xf0,0x8f,0x9f,0xf0,0x8f,0x00,0xfc,0x3e,0xdf,0xf3,0x4d,0xff,
    0x03,0x70,0xff,0xf7,0x09,0xff,0xf8,0x0f,0x00,0xf2,0xbf,0x5f,0xe0,0xcf,0xcf,0x00,
    0x00,0xff,0xff,0x01,0xfa,0xff,0x07,0x00,0xb0,0xff,0x0f,0x60,0xff,0x2f,0x00,0x00,
    0xf6,0xcf,0x00,0xf3,0xff,0x00,0x00,0x00,0x00,0x00,0x00,0x00,0x00,0x00,0x00,0x00,
    0x00,0x00,0x00,0x00,0x00,0x00,0x00,0x00,0x00,0x00,0x00,0x00,0x00,0x00,0x00,0x00,
    0x00,0x00,0x00,0x00,0x00,0x00,0x00,0x00,0x00,0x00,0x00,0x00,0x00,0x00,0x00,0x00,
    0x00,0x00,0x00,0x00,0x00,0x00,0x00,0x00,0x00,0x00,0x00,0x00,0x00,0x00,0x00,0x00,
    0x00,0x00,0x00,0x00,0x00,0x00,0x00,0x00,0x00,0x00,0x00,0x00,0x00,0x00,0x00,0x00,
    0x00,0x00,0x00,0x00,0x00,0x00,0x00,0x00,0x00,0xf8,0x7f,0x00,0xfa,0x5f,0xf0,0xff,
    0x31,0xff,0x0c,0x40,0xff,0xd9,0xff,0x02,0x00,0xfb,0xff,0x8f,0x00,0x00,0xf1,0xff,
    0x0f,0x00,0x00,0xf3,0xff,0x1f,0x00,0x00,0xfe,0xff,0xaf,0x00,0x70,0xff,0xa7,0xff,
    0x04,0xf1,0xff,0x10,0xff,0x0e,0xfb,0x4f,0x00,0xf7,0x8f,0x00,0x00,0x00,0x00,0x00,
    0x00,0x00,0x00,0x00,0x00,0x00,0x00,0x00,0x00,0x00,0x00,0x00,0x00,0x00,0x00,0x00,
    0x00,0x00,0x00,0x00,0x00,0x00,0x00,0x00,0x00,0x00,0x00,0x00,0x00,0x00,0x00,0x00,
    0x00,0x00,0x00,0x00,0x00,0x00,0x00,0x00,0x00,0x00,0x00,0x00,0x00,0x00,0x00,0x00,
    0x00,0x00,0x00,0x00,0x00,0x00,0x00,0x00,0x00,0x00,0x00,0x00,0x00,0x00,0x00,0x00,
    0x00,0xff,0x0f,0x00,0xf2,0x9f,0xf8,0x3f,0x00,0xf7,0x3f,0xf1,0x9f,0x00,0xfd,0x0f,
    0xc0,0xef,0x10,0xff,0x08,0x50,0xff,0x62,0xff,0x02,0x00,0xff,0xb8,0xdf,0x00,0x00,
    0xf9,0xfc,0x7f,0x00,0x00,0xf3,0xff,0x1f,0x00,0x00,0xe0,0xff,0x0c,0x00,0x00,0x80,
    0xff,0x05,0x00,0x00,0xc0,0xff,0x00,0x00,0x42,0xf9,0x9f,0x00,0x00,0xf7,0xff,0x1f,
    0x00,0x00,0xf7,0xcf,0x02,0x00,0x00,0x00,0x00,0x00,0x00,0x00,0x00,0x00,0x00,0x00,
    0x00,0x00,0x00,0x00,0x00,0x00,0x00,0x00,0x00,0x00,0x00,0x00,0x00,0x00,0x00,0x00,
    0x00,0x00,0x00,0x00,0x00,0x00,0x00,0x00,0x00,0x00,0x00,0x00,0x00,0x00,0x00,0x00,
    0xf5,0xff,0xff,0xdf,0xf5,0xff,0xff,0xcf,0x10,0x11,0xfa,0x4f,0x00,0x30,0xff,0x09,
    0x00,0xf0,0xff,0x00,0x00,0xf9,0x3f,0x00,0x40,0xff,0x09,0x00,0xf0,0xff,0x11,0x11,
    0xf8,0xff,0xff,0xff,0xf9,0xff,0xff,0xff,0x00,0x00,0x00,0x00,0x00,0x00,0x00,0x00,
    0x00,0x00,0x00,0x00,0x00,0x00,0x00,0x00,0x00,0x00,0x00,0x00,0x00,0x00,0x00,0x00,
    0x00,0x00,0x00,0x00,0x00,0x00,0x00,0x00,0x00,0x00,0x00,0x00,0x00,0x00,0x00,0x00,
    0x00,0x00,0xb1,0xff,0x00,0x80,0xff,0x0f,0x00,0xfb,0x2f,0x00,0xb0,0xbf,0x00,0x00,
    0xfb,0x0a,0x00,0xc0,0xaf,0x00,0x51,0xff,0x08,0xe0,0xff,0x1b,0x00,0xfe,0xcf,0x01,
    0x00,0xf5,0x9f,0x00,0x00,0xfc,0x0a,0x00,0xb0,0xaf,0x00,0x00,0xfb,0x0b,0x00,0xb0,
    0xff,0x02,0x00,0xf8,0xff,0x00,0x10,0xfb,0x0f,0x00,0x00,0x00,0x00,0x00,0x00,0x00,
    0x00,0x00,0x00,0x00,0x00,0x00,0x00,0x00,0x00,0x00,0x00,0x00,0x00,0x00,0x00,0x00,
    0x00,0x00,0x00,0x00,0x00,0x00,0x00,0x00,0xf4,0x0b,0x00,0x00,0x40,0xbf,0x00,0x00,
    0x00,0xf4,0x0b,0x00,0x00,0x40,0xbf,0x00,0x00,0x00,0xf4,0x0b,0x00,0x00,0x40,0xbf,
    0x00,0x00,0x00,0xf4,0x0b,0x00,0x00,0x40,0xbf,0x00,0x00,0x00,0xf4,0x0b,0x00,0x00,
    0x40,0xbf,0x00,0x00,0x00,0xf4,0x0b,0x00,0x00,0x40,0xbf,0x00,0x00,0x00,0xf4,0x0b,
    0x00,0x00,0x40,0xbf,0x00,0x00,0x00,0xf4,0x0b,0x00,0x00,0x40,0xbf,0x00,0x00,0x00,
    0xf4,0x0b,0x00,0x00,0x40,0xbf,0x00,0x00,0x00,0x00,0x00,0x00,0x00,0x00,0x00,0x00,
    0x00,0x00,0x00,0x00,0x00,0x00,0x00,0x00,0x00,0x00,0x00,0x00,0x00,0x00,0x00,0x00,
    0x00,0xf6,0x7f,0x00,0x60,0xff,0x3f,0x00,0x40,0xff,0x05,0x00,0xf0,0x6f,0x00,0x00,
    0xff,0x06,0x00,0xf0,0x6f,0x00,0x00,0xfe,0x4e,0x01,0x30,0xfd,0x8f,0x00,0xf4,0xff,
    0x08,0xe0,0xef,0x03,0x00,0xff,0x06,0x00,0xf0,0x6f,0x00,0x00,0xff,0x06,0x00,0xf4,
    0x5f,0x00,0xf6,0xff,0x03,0x60,0xff,0x07,0x00,0x00,0x00,0x00,0x00,0x00,0x00,0x00,
    0x00,0x00,0x00,0x00,0x00,0x00,0x00,0x00,0x00,0x00,0x00,0x00,0x00,0x00,0x00,0x00,
    0x00,0x00,0x00,0x00,0x00,0x00,0x00,0x00,0x00,0x00,0x00,0x00,0x00,0x00,0x00,0x00,
    0x00,0x00,0x00,0x00,0x00,0x00,0x00,0x00,0x00,0x00,0x00,0x00,0x00,0x00,0x00,0x00,
    0x00,0x00,0x00,0x00,0x00,0x00,0x00,0xc1,0xff,0x7d,0x32,0x0c,0xf5,0xff,0xff,0xff,
    0x0f,0x94,0x32,0xf9,0xff,0x08,0x00,0x00,0x00,0x00,0x00,0x00,0x00,0x00,0x00,0x00,
    0x00,0x00,0x00,0x00,0x00,0x00,0x00,0x00,0x00,0x00,0x00,0x00,0x00,0x00,0x00,0x00,
    0x00,0x00,0x00,0x00,0x00,0x00,0x00,0x00,0x00,0x00,0x00,0x00,0x00,0x00,0x00,0x00,
    0x00,0x00,0x00,0x00,0x00,0x00,0x00,0x00,
};
const Font font_title = { 24, 19, 32, 95, font_title_widths, font_title_offsets, font_title_bits };
const u16 bg_home_top[49152] __attribute__((aligned(4))) = {
    0xffff,0xffff,0xffff,0xffff,0xffff,0xffff,0xffff,0xffff,0xffff,0xffff,0xffff,0xffff,
    0xffff,0xffff,0xffff,0xffff,0xffff,0xffff,0xffff,0xffff,0xffff,0xffff,0xffff,0xffff,
    0xffff,0xffff,0xffff,0xffff,0xffff,0xffff,0xffff,0xffff,0xffff,0xffff,0xffff,0xffff,
    0xffff,0xffff,0xffff,0xffff,0xffff,0xffff,0xffff,0xffff,0xffff,0xffff,0xffff,0xffff,
    0xffff,0xffff,0xffff,0xffff,0xffff,0xffff,0xffff,0xffff,0xffff,0xffff,0xffff,0xffff,
    0xffff,0xffff,0xffff,0xffff,0xffff,0xffff,0xffff,0xffff,0xffff,0xffff,0xffff,0xffff,
    0xffff,0xffff,0xffff,0xffff,0xffff,0xffff,0xffff,0xffff,0xffff,0xffff,0xffff,0xffff,
    0xffff,0xffff,0xffff,0xffff,0xffff,0xffff,0xffff,0xffff,0xffff,0xffff,0xffff,0xffff,
    0xffff,0xffff,0xffff,0xffff,0xffff,0xffff,0xffff,0xffff,0xffff,0xffff,0xffff,0xffff,
    0xffff,0xffff,0xffff,0xffff,0xffff,0xffff,0xffff,0xffff,0xffff,0xffff,0xffff,0xffff,
    0xffff,0xffff,0xffff,0xffff,0xffff,0xffff,0xffff,0xffff,0xffff,0xffff,0xffff,0xffff,
    0xffff,0xffff,0xffff,0xffff,0xffff,0xffff,0xffff,0xffff,0xffff,0xffff,0xffff,0xffff,
    0xffff,0xffff,0xffff,0xffff,0xffff,0xffff,0xffff,0xffff,0xffff,0xffff,0xffff,0xffff,
    0xffff,0xffff,0xffff,0xffff,0xffff,0xffff,0xffff,0xffff,0xffff,0xffff,0xffff,0xffff,
    0xffff,0xffff,0xffff,0xffff,0xffff,0xffff,0xffff,0xffff,0xffff,0xffff,0xffff,0xffff,
    0xffff,0xffff,0xffff,0xffff,0xffff,0xffff,0xffff,0xffff,0xffff,0xffff,0xffff,0xffff,
    0xffff,0xffff,0xffff,0xffff,0xffff,0xffff,0xffff,0xffff,0xffff,0xffff,0xffff,0xffff,
    0xffff,0xffff,0xffff,0xffff,0xffff,0xffff,0xffff,0xffff,0xffff,0xffff,0xffff,0xffff,
    0xffff,0xffff,0xffff,0xffff,0xffff,0xffff,0xffff,0xffff,0xffff,0xffff,0xffff,0xffff,
    0xffff,0xffff,0xffff,0xffff,0xffff,0xffff,0xffff,0xffff,0xffff,0xffff,0xffff,0xffff,
    0xffff,0xffff,0xffff,0xffff,0xffff,0xffff,0xffff,0xffff,0xffff,0xffff,0xffff,0xffff,
    0xffff,0xffff,0xffff,0xffff,0xffff,0xffff,0xffff,0xffff,0xffff,0xffff,0xffff,0xffff,
    0xffff,0xffff,0xffff,0xffff,0xffff,0xffff,0xffff,0xffff,0xffff,0xffff,0xffff,0xffff,
    0xffff,0xffff,0xffff,0xffff,0xffff,0xffff,0xffff,0xffff,0xffff,0xffff,0xffff,0xffff,
    0xffff,0xffff,0xffff,0xffff,0xffff,0xffff,0xffff,0xffff,0xffff,0xffff,0xffff,0xffff,
    0xffff,0xffff,0xffff,0xffff,0xffff,0xffff,0xffff,0xffff,0xffff,0xffff,0xffff,0xffff,
    0xffff,0xffff,0xffff,0xffff,0xffff,0xffff,0xffff,0xffff,0xffff,0xffff,0xffff,0xffff,
    0xffff,0xffff,0xffff,0xffff,0xffff,0xffff,0xffff,0xffff,0xffff,0xffff,0xffff,0xffff,
    0xffff,0xffff,0xffff,0xffff,0xffff,0xffff,0xffff,0xffff,0xffff,0xffff,0xffff,0xffff,
    0xffff,0xffff,0xffff,0xffff,0xffff,0xffff,0xffff,0xffff,0xffff,0xffff,0xffff,0xffff,
    0xffff,0xffff,0xffff,0xffff,0xffff,0xffff,0xffff,0xffff,0xffff,0xffff,0xffff,0xffff,
    0xffff,0xffff,0xffff,0xffff,0xffff,0xffff,0xffff,0xffff,0xffff,0xffff,0xffff,0xffff,
    0xffff,0xffff,0xffff,0xffff,0xffff,0xffff,0xffff,0xffff,0xffff,0xffff,0xffff,0xffff,
    0xffff,0xffff,0xffff,0xffff,0xffff,0xffff,0xffff,0xffff,0xffff,0xffff,0xffff,0xffff,
    0xffff,0xffff,0xffff,0xffff,0xffff,0xffff,0xffff,0xffff,0xffff,0xffff,0xffff,0xffff,
    0xffff,0xffff,0xffff,0xffff,0xffff,0xffff,0xffff,0xffff,0xffff,0xffff,0xffff,0xffff,
    0xffff,0xffff,0xffff,0xffff,0xffff,0xffff,0xffff,0xffff,0xffff,0xffff,0xffff,0xffff,
    0xffff,0xffff,0xffff,0xffff,0xffff,0xffff,0xffff,0xffff,0xffff,0xffff,0xffff,0xffff,
    0xffff,0xffff,0xffff,0xffff,0xffff,0xffff,0xffff,0xffff,0xffff,0xffff,0xffff,0xffff,
    0xffff,0xffff,0xffff,0xffff,0xffff,0xffff,0xffff,0xffff,0xffff,0xffff,0xffff,0xffff,
    0xffff,0xffff,0xffff,0xffff,0xffff,0xffff,0xffff,0xffff,0xffff,0xffff,0xffff,0xffff,
    0xffff,0xffff,0xffff,0xffff,0xffff,0xffff,0xffff,0xffff,0xffff,0xffff,0xffff,0xffff,
    0xffff,0xffff,0xffff,0xffff,0xffff,0xffff,0xffff,0xffff,0xffff,0xffff,0xffff,0xffff,
    0xffff,0xffff,0xffff,0xffff,0xffff,0xffff,0xffff,0xffff,0xffff,0xffff,0xffff,0xffff,
    0xffff,0xffff,0xffff,0xffff,0xffff,0xffff,0xffff,0xffff,0xffff,0xffff,0xffff,0xffff,
    0xffff,0xffff,0xffff,0xffff,0xffff,0xffff,0xffff,0xffff,0xffff,0xffff,0xffff,0xffff,
    0xffff,0xffff,0xffff,0xffff,0xffff,0xffff,0xffff,0xffff,0xffff,0xffff,0xffff,0xffff,
    0xffff,0xffff,0xffff,0xffff,0xffff,0xffff,0xffff,0xffff,0xffff,0xffff,0xffff,0xffff,
    0xffff,0xffff,0xffff,0xffff,0xffff,0xffff,0xffff,0xffff,0xffff,0xffff,0xffff,0xffff,
    0xffff,0xffff,0xffff,0xffff,0xffff,0xffff,0xffff,0xffff,0xffff,0xffff,0xffff,0xffff,
    0xffff,0xffff,0xffff,0xffff,0xffff,0xffff,0xffff,0xffff,0xffff,0xffff,0xffff,0xffff,
    0xffff,0xffff,0xffff,0xffff,0xffff,0xffff,0xffff,0xffff,0xffff,0xffff,0xffff,0xffff,
    0xffff,0xffff,0xffff,0xffff,0xffff,0xffff,0xffff,0xffff,0xffff,0xffff,0xffff,0xffff,
    0xffff,0xffff,0xffff,0xffff,0xffff,0xffff,0xffff,0xffff,0xffff,0xffff,0xffff,0xffff,
    0xffff,0xffff,0xffff,0xffff,0xffff,0xffff,0xffff,0xffff,0xffff,0xffff,0xffff,0xffff,
    0xffff,0xffff,0xffff,0xffff,0xffff,0xffff,0xffff,0xffff,0xffff,0xffff,0xffff,0xffff,
    0xffff,0xffff,0xffff,0xffff,0xffff,0xffff,0xffff,0xffff,0xffff,0xffff,0xffff,0xffff,
    0xffff,0xffff,0xffff,0xffff,0xffff,0xffff,0xffff,0xffff,0xffff,0xffff,0xffff,0xffff,
    0xffff,0xffff,0xffff,0xffff,0xffff,0xffff,0xffff,0xffff,0xffff,0xffff,0xffff,0xffff,
    0xffff,0xffff,0xffff,0xffff,0xffff,0xffff,0xffff,0xffff,0xffff,0xffff,0xffff,0xffff,
    0xffff,0xffff,0xffff,0xffff,0xffff,0xffff,0xffff,0xffff,0xffff,0xffff,0xffff,0xffff,
    0xffff,0xffff,0xffff,0xffff,0xffff,0xffff,0xffff,0xffff,0xffff,0xffff,0xffff,0xffff,
    0xffff,0xffff,0xffff,0xffff,0xffff,0xffff,0xffff,0xffff,0xffff,0xffff,0xffff,0xffff,
    0xffff,0xffff,0xffff,0xffff,0xffff,0xffff,0xffff,0xffff,0xffff,0xffff,0xffff,0xffff,
    0xffff,0xffff,0xffff,0xffff,0xffff,0xffff,0xffff,0xffff,0xffff,0xffff,0xffff,0xffff,
    0xffff,0xffff,0xffff,0xffff,0xffff,0xffff,0xffff,0xffff,0xffff,0xffff,0xffff,0xffff,
    0xffff,0xffff,0xffff,0xffff,0xffff,0xffff,0xffff,0xffff,0xffff,0xffff,0xffff,0xffff,
    0xffff,0xffff,0xffff,0xffff,0xffff,0xffff,0xffff,0xffff,0xffff,0xffff,0xffff,0xffff,
    0xffff,0xffff,0xffff,0xffff,0xffff,0xffff,0xffff,0xffff,0xffff,0xffff,0xffff,0xffff,
    0xffff,0xffff,0xffff,0xffff,0xffff,0xffff,0xffff,0xffff,0xffff,0xffff,0xffff,0xffff,
    0xffff,0xffff,0xffff,0xffff,0xffff,0xffff,0xffff,0xffff,0xffff,0xffff,0xffff,0xffff,
    0xffff,0xffff,0xffff,0xffff,0xffff,0xffff,0xffff,0xffff,0xffff,0xffff,0xffff,0xffff,
    0xffff,0xffff,0xffff,0xffff,0xffff,0xffff,0xffff,0xffff,0xffff,0xffff,0xffff,0xffff,
    0xffff,0xffff,0xffff,0xffff,0xffff,0xffff,0xffff,0xffff,0xffff,0xffff,0xffff,0xffff,
    0xffff,0xffff,0xffff,0xffff,0xffff,0xffff,0xffff,0xffff,0xffff,0xffff,0xffff,0xffff,
    0xffff,0xffff,0xffff,0xffff,0xffff,0xffff,0xffff,0xffff,0xffff,0xffff,0xffff,0xffff,
    0xffff,0xffff,0xffff,0xffff,0xffff,0xffff,0xffff,0xffff,0xffff,0xffff,0xffff,0xffff,
    0xffff,0xffff,0xffff,0xffff,0xffff,0xffff,0xffff,0xffff,0xffff,0xffff,0xffff,0xffff,
    0xffff,0xffff,0xffff,0xffff,0xffff,0xffff,0xffff,0xffff,0xffff,0xffff,0xffff,0xffff,
    0xffff,0xffff,0xffff,0xffff,0xffff,0xffff,0xffff,0xffff,0xffff,0xffff,0xffff,0xffff,
    0xffff,0xffff,0xffff,0xffff,0xffff,0xffff,0xffff,0xffff,0xffff,0xffff,0xffff,0xffff,
    0xffff,0xffff,0xffff,0xffff,0xffff,0xffff,0xffff,0xffff,0xffff,0xffff,0xffff,0xffff,
    0xffff,0xffff,0xffff,0xffff,0xffff,0xffff,0xffff,0xffff,0xffff,0xffff,0xffff,0xffff,
    0xffff,0xffff,0xffff,0xffff,0xffff,0xffff,0xffff,0xffff,0xffff,0xffff,0xffff,0xffff,
    0xffff,0xffff,0xffff,0xffff,0xffff,0xffff,0xffff,0xffff,0xffff,0xffff,0xffff,0xffff,
    0xffff,0xffff,0xffff,0xffff,0xffff,0xffff,0xffff,0xffff,0xffff,0xffff,0xffff,0xffff,
    0xffff,0xffff,0xffff,0xffff,0xffff,0xffff,0xffff,0xffff,0xffff,0xffff,0xffff,0xffff,
    0xffff,0xffff,0xffff,0xffff,0xffff,0xffff,0xffff,0xffff,0xffff,0xffff,0xffff,0xffff,
    0xffff,0xffff,0xffff,0xffff,0xffff,0xffff,0xffff,0xffff,0xffff,0xffff,0xffff,0xffff,
    0xffff,0xffff,0xffff,0xffff,0xffff,0xffff,0xffff,0xffff,0xffff,0xffff,0xffff,0xffff,
    0xffff,0xffff,0xffff,0xffff,0xffff,0xffff,0xffff,0xffff,0xffff,0xffff,0xffff,0xffff,
    0xffff,0xffff,0xffff,0xffff,0xffff,0xffff,0xffff,0xffff,0xffff,0xffff,0xffff,0xffff,
    0xffff,0xffff,0xffff,0xffff,0xffff,0xffff,0xffff,0xffff,0xffff,0xffff,0xffff,0xffff,
    0xffff,0xffff,0xffff,0xffff,0xffff,0xffff,0xffff,0xffff,0xffff,0xffff,0xffff,0xffff,
    0xffff,0xffff,0xffff,0xffff,0xffff,0xffff,0xffff,0xffff,0xffff,0xffff,0xffff,0xffff,
    0xffff,0xffff,0xffff,0xffff,0xffff,0xffff,0xffff,0xffff,0xffff,0xffff,0xffff,0xffff,
    0xffff,0xffff,0xffff,0xffff,0xffff,0xffff,0xffff,0xffff,0xffff,0xffff,0xffff,0xffff,
    0xffff,0xffff,0xffff,0xffff,0xffff,0xffff,0xffff,0xffff,0xffff,0xffff,0xffff,0xffff,
    0xffff,0xffff,0xffff,0xffff,0xffff,0xffff,0xffff,0xffff,0xffff,0xffff,0xffff,0xffff,
    0xffff,0xffff,0xffff,0xffff,0xffff,0xffff,0xffff,0xffff,0xffff,0xffff,0xffff,0xffff,
    0xffff,0xffff,0xffff,0xffff,0xffff,0xffff,0xffff,0xffff,0xffff,0xffff,0xffff,0xffff,
    0xffff,0xffff,0xffff,0xffff,0xffff,0xffff,0xffff,0xffff,0xffff,0xffff,0xffff,0xffff,
    0xffff,0xffff,0xffff,0xffff,0xffff,0xffff,0xffff,0xffff,0xffff,0xffff,0xffff,0xffff,
    0xffff,0xffff,0xffff,0xffff,0xffff,0xffff,0xffff,0xffff,0xffff,0xffff,0xffff,0xffff,
    0xffff,0xffff,0xffff,0xffff,0xffff,0xffff,0xffff,0xffff,0xffff,0xffff,0xffff,0xffff,
    0xffff,0xffff,0xffff,0xffff,0xffff,0xffff,0xffff,0xffff,0xffff,0xffff,0xffff,0xffff,
    0xffff,0xffff,0xffff,0xffff,0xffff,0xffff,0xffff,0xffff,0xffff,0xffff,0xffff,0xffff,
    0xffff,0xffff,0xffff,0xffff,0xffff,0xffff,0xffff,0xffff,0xffff,0xffff,0xffff,0xffff,
    0xffff,0xffff,0xffff,0xffff,0xffff,0xffff,0xffff,0xffff,0xffff,0xffff,0xffff,0xffff,
    0xffff,0xffff,0xffff,0xffff,0xffff,0xffff,0xffff,0xffff,0xffff,0xffff,0xffff,0xffff,
    0xffff,0xffff,0xffff,0xffff,0xffff,0xffff,0xffff,0xffff,0xffff,0xffff,0xffff,0xffff,
    0xffff,0xffff,0xffff,0xffff,0xffff,0xffff,0xffff,0xffff,0xffff,0xffff,0xffff,0xffff,
    0xffff,0xffff,0xffff,0xffff,0xffff,0xffff,0xffff,0xffff,0xffff,0xffff,0xffff,0xffff,
    0xffff,0xffff,0xffff,0xffff,0xffff,0xffff,0xffff,0xffff,0xffff,0xffff,0xffff,0xffff,
    0xffff,0xffff,0xffff,0xffff,0xffff,0xffff,0xffff,0xffff,0xffff,0xffff,0xffff,0xffff,
    0xffff,0xffff,0xffff,0xffff,0xffff,0xffff,0xffff,0xffff,0xffff,0xffff,0xffff,0xffff,
    0xffff,0xffff,0xffff,0xffff,0xffff,0xffff,0xffff,0xffff,0xffff,0xffff,0xffff,0xffff,
    0xffff,0xffff,0xffff,0xffff,0xffff,0xffff,0xffff,0xffff,0xffff,0xffff,0xffff,0xffff,
    0xffff,0xffff,0xffff,0xffff,0xffff,0xffff,0xffff,0xffff,0xffff,0xffff,0xffff,0xffff,
    0xffff,0xffff,0xffff,0xffff,0xffff,0xffff,0xffff,0xffff,0xffff,0xffff,0xffff,0xffff,
    0xffff,0xffff,0xffff,0xffff,0xffff,0xffff,0xffff,0xffff,0xffff,0xffff,0xffff,0xffff,
    0xffff,0xffff,0xffff,0xffff,0xffff,0xffff,0xffff,0xffff,0xffff,0xffff,0xffff,0xffff,
    0xffff,0xffff,0xffff,0xffff,0xffff,0xffff,0xffff,0xffff,0xffff,0xffff,0xffff,0xffff,
    0xffff,0xffff,0xffff,0xffff,0xffff,0xffff,0xffff,0xffff,0xffff,0xffff,0xffff,0xffff,
    0xffff,0xffff,0xffff,0xffff,0xffff,0xffff,0xffff,0xffff,0xffff,0xffff,0xffff,0xffff,
    0xffff,0xffff,0xffff,0xffff,0xffff,0xffff,0xffff,0xffff,0xffff,0xffff,0xffff,0xffff,
    0xffff,0xffff,0xffff,0xffff,0xffff,0xffff,0xffff,0xffff,0xffff,0xffff,0xffff,0xffff,
    0xffff,0xffff,0xffff,0xffff,0xffff,0xffff,0xffff,0xffff,0xffff,0xffff,0xffff,0xffff,
    0xffff,0xffff,0xffff,0xffff,0xffff,0xffff,0xffff,0xffff,0xffff,0xffff,0xffff,0xffff,
    0xffff,0xffff,0xffff,0xffff,0xffff,0xffff,0xffff,0xffff,0xffff,0xffff,0xffff,0xffff,
    0xffff,0xffff,0xffff,0xffff,0xffff,0xffff,0xffff,0xffff,0xffff,0xffff,0xffff,0xffff,
    0xffff,0xffff,0xffff,0xffff,0xffff,0xffff,0xffff,0xffff,0xffff,0xffff,0xffff,0xffff,
    0xffff,0xffff,0xffff,0xffff,0xffff,0xffff,0xffff,0xffff,0xffff,0xffff,0xffff,0xffff,
    0xffff,0xffff,0xffff,0xffff,0xffff,0xffff,0xffff,0xffff,0xffff,0xffff,0xffff,0xffff,
    0xffff,0xffff,0xffff,0xffff,0xffff,0xffff,0xffff,0xffff,0xffff,0xffff,0xffff,0xffff,
    0xffff,0xffff,0xffff,0xffff,0xffff,0xffff,0xffff,0xffff,0xffff,0xffff,0xffff,0xffff,
    0xffff,0xffff,0xffff,0xffff,0xffff,0xffff,0xffff,0xffff,0xffff,0xffff,0xffff,0xffff,
    0xffff,0xffff,0xffff,0xffff,0xffff,0xffff,0xffff,0xffff,0xffff,0xffff,0xffff,0xffff,
    0xffff,0xffff,0xffff,0xffff,0xffff,0xffff,0xffff,0xffff,0xffff,0xffff,0xffff,0xffff,
    0xffff,0xffff,0xffff,0xffff,0xffff,0xffff,0xffff,0xffff,0xffff,0xffff,0xffff,0xffff,
    0xffff,0xffff,0xffff,0xffff,0xffff,0xffff,0xffff,0xffff,0xffff,0xffff,0xffff,0xffff,
    0xffff,0xffff,0xffff,0xffff,0xffff,0xffff,0xffff,0xffff,0xffff,0xffff,0xffff,0xffff,
    0xffff,0xffff,0xffff,0xffff,0xffff,0xffff,0xffff,0xffff,0xffff,0xffff,0xffff,0xffff,
    0xffff,0xffff,0xffff,0xffff,0xffff,0xffff,0xffff,0xffff,0xffff,0xffff,0xffff,0xffff,
    0xffff,0xffff,0xffff,0xffff,0xffff,0xffff,0xffff,0xffff,0xffff,0xffff,0xffff,0xffff,
    0xffff,0xffff,0xffff,0xffff,0xffff,0xffff,0xffff,0xffff,0xffff,0xffff,0xffff,0xffff,
    0xffff,0xffff,0xffff,0xffff,0xffff,0xffff,0xffff,0xffff,0xffff,0xffff,0xffff,0xffff,
    0xffff,0xffff,0xffff,0xffff,0xffff,0xffff,0xffff,0xffff,0xffff,0xffff,0xffff,0xffff,
    0xffff,0xffff,0xffff,0xffff,0xffff,0xffff,0xffff,0xffff,0xffff,0xffff,0xffff,0xffff,
    0xffff,0xffff,0xffff,0xffff,0xffff,0xffff,0xffff,0xffff,0xffff,0xffff,0xffff,0xffff,
    0xffff,0xffff,0xffff,0xffff,0xffff,0xffff,0xffff,0xffff,0xffff,0xffff,0xffff,0xffff,
    0xffff,0xffff,0xffff,0xffff,0xffff,0xffff,0xffff,0xffff,0xffff,0xffff,0xffff,0xffff,
    0xffff,0xffff,0xffff,0xffff,0xffff,0xffff,0xffff,0xffff,0xffff,0xffff,0xffff,0xffff,
    0xffff,0xffff,0xffff,0xffff,0xffff,0xffff,0xffff,0xffff,0xffff,0xffff,0xffff,0xffff,
    0xffff,0xffff,0xffff,0xffff,0xffff,0xffff,0xffff,0xffff,0xffff,0xffff,0xffff,0xffff,
    0xffff,0xffff,0xffff,0xffff,0xffff,0xffff,0xffff,0xffff,0xffff,0xffff,0xffff,0xffff,
    0xffff,0xffff,0xffff,0xffff,0xffff,0xffff,0xffff,0xffff,0xffff,0xffff,0xffff,0xffff,
    0xffff,0xffff,0xffff,0xffff,0xffff,0xffff,0xffff,0xffff,0xffff,0xffff,0xffff,0xffff,
    0xffff,0xffff,0xffff,0xffff,0xffff,0xffff,0xffff,0xffff,0xffff,0xffff,0xffff,0xffff,
    0xffff,0xffff,0xffff,0xffff,0xffff,0xffff,0xffff,0xffff,0xffff,0xffff,0xffff,0xffff,
    0xffff,0xffff,0xffff,0xffff,0xffff,0xffff,0xffff,0xffff,0xffff,0xffff,0xffff,0xffff,
    0xffff,0xffff,0xffff,0xffff,0xffff,0xffff,0xffff,0xffff,0xffff,0xffff,0xffff,0xffff,
    0xffff,0xffff,0xffff,0xffff,0xffff,0xffff,0xffff,0xffff,0xffff,0xffff,0xffff,0xffff,
    0xffff,0xffff,0xffff,0xffff,0xffff,0xffff,0xffff,0xffff,0xffff,0xffff,0xffff,0xffff,
    0xffff,0xffff,0xffff,0xffff,0xffff,0xffff,0xffff,0xffff,0xffff,0xffff,0xffff,0xffff,
    0xffff,0xffff,0xffff,0xffff,0xffff,0xffff,0xffff,0xffff,0xffff,0xffff,0xffff,0xffff,
    0xffff,0xffff,0xffff,0xffff,0xffff,0xffff,0xffff,0xffff,0xffff,0xffff,0xffff,0xffff,
    0xffff,0xffff,0xffff,0xffff,0xffff,0xffff,0xffff,0xffff,0xffff,0xffff,0xffff,0xffff,
    0xffff,0xffff,0xffff,0xffff,0xffff,0xffff,0xffff,0xffff,0xffff,0xffff,0xffff,0xffff,
    0xffff,0xffff,0xffff,0xffff,0xffff,0xffff,0xffff,0xffff,0xffff,0xffff,0xffff,0xffff,
    0xffff,0xffff,0xffff,0xffff,0xffff,0xffff,0xffff,0xffff,0xffff,0xffff,0xffff,0xffff,
    0xffff,0xffff,0xffff,0xffff,0xffff,0xffff,0xffff,0xffff,0xffff,0xffff,0xffff,0xffff,
    0xffff,0xffff,0xffff,0xffff,0xffff,0xffff,0xffff,0xffff,0xffff,0xffff,0xffff,0xffff,
    0xffff,0xffff,0xffff,0xffff,0xffff,0xffff,0xffff,0xffff,0xffff,0xffff,0xffff,0xffff,
    0xffff,0xffff,0xffff,0xffff,0xffff,0xffff,0xffff,0xffff,0xffff,0xffff,0xffff,0xffff,
    0xffff,0xffff,0xffff,0xffff,0xffff,0xffff,0xffff,0xffff,0xffff,0xffff,0xffff,0xffff,
    0xffff,0xffff,0xffff,0xffff,0xffff,0xffff,0xffff,0xffff,0xffff,0xffff,0xffff,0xffff,
    0xffff,0xffff,0xffff,0xffff,0xffff,0xffff,0xffff,0xffff,0xffff,0xffff,0xffff,0xffff,
    0xffff,0xffff,0xffff,0xffff,0xffff,0xffff,0xffff,0xffff,0xffff,0xffff,0xffff,0xffff,
    0xffff,0xffff,0xffff,0xffff,0xffff,0xffff,0xffff,0xffff,0xffff,0xffff,0xffff,0xffff,
    0xffff,0xffff,0xffff,0xffff,0xffff,0xffff,0xffff,0xffff,0xffff,0xffff,0xffff,0xffff,
    0xffff,0xffff,0xffff,0xffff,0xffff,0xffff,0xffff,0xffff,0xffff,0xffff,0xffff,0xffff,
    0xffff,0xffff,0xffff,0xffff,0xffff,0xffff,0xffff,0xffff,0xffff,0xffff,0xffff,0xffff,
    0xffff,0xffff,0xffff,0xffff,0xffff,0xffff,0xffff,0xffff,0xffff,0xffff,0xffff,0xffff,
    0xffff,0xffff,0xffff,0xffff,0xffff,0xffff,0xffff,0xffff,0xffff,0xffff,0xffff,0xffff,
    0xffff,0xffff,0xffff,0xffff,0xffff,0xffff,0xffff,0xffff,0xffff,0xffff,0xffff,0xffff,
    0xffff,0xffff,0xffff,0xffff,0xffff,0xffff,0xffff,0xffff,0xffff,0xffff,0xffff,0xffff,
    0xffff,0xffff,0xffff,0xffff,0xffff,0xffff,0xffff,0xffff,0xffff,0xffff,0xffff,0xffff,
    0xffff,0xffff,0xffff,0xffff,0xffff,0xffff,0xffff,0xffff,0xffff,0xffff,0xffff,0xffff,
    0xffff,0xffff,0xffff,0xffff,0xffff,0xffff,0xffff,0xffff,0xffff,0xffff,0xffff,0xffff,
    0xffff,0xffff,0xffff,0xffff,0xffff,0xffff,0xffff,0xffff,0xffff,0xffff,0xffff,0xffff,
    0xffff,0xffff,0xffff,0xffff,0xffff,0xffff,0xffff,0xffff,0xffff,0xffff,0xffff,0xffff,
    0xffff,0xffff,0xffff,0xffff,0xffff,0xffff,0xffff,0xffff,0xffff,0xffff,0xffff,0xffff,
    0xffff,0xffff,0xffff,0xffff,0xffff,0xffff,0xffff,0xffff,0xffff,0xffff,0xffff,0xffff,
    0xffff,0xffff,0xffff,0xffff,0xffff,0xffff,0xffff,0xffff,0xffff,0xffff,0xffff,0xffff,
    0xffff,0xffff,0xffff,0xffff,0xffff,0xffff,0xffff,0xffff,0xffff,0xffff,0xffff,0xffff,
    0xffff,0xffff,0xffff,0xffff,0xffff,0xffff,0xffff,0xffff,0xffff,0xffff,0xffff,0xffff,
    0xffff,0xffff,0xffff,0xffff,0xffff,0xffff,0xffff,0xffff,0xffff,0xffff,0xffff,0xffff,
    0xffff,0xffff,0xffff,0xffff,0xffff,0xffff,0xffff,0xffff,0xffff,0xffff,0xffff,0xffff,
    0xffff,0xffff,0xffff,0xffff,0xffff,0xffff,0xffff,0xffff,0xffff,0xffff,0xffff,0xffff,
    0xffff,0xffff,0xffff,0xffff,0xffff,0xffff,0xffff,0xffff,0xffff,0xffff,0xffff,0xffff,
    0xffff,0xffff,0xffff,0xffff,0xffff,0xffff,0xffff,0xffff,0xffff,0xffff,0xffff,0xffff,
    0xffff,0xffff,0xffff,0xffff,0xffff,0xffff,0xffff,0xffff,0xffff,0xffff,0xffff,0xffff,
    0xffff,0xffff,0xffff,0xffff,0xffff,0xffff,0xffff,0xffff,0xffff,0xffff,0xffff,0xffff,
    0xffff,0xffff,0xffff,0xffff,0xffff,0xffff,0xffff,0xffff,0xffff,0xffff,0xffff,0xffff,
    0xffff,0xffff,0xffff,0xffff,0xffff,0xffff,0xffff,0xffff,0xffff,0xffff,0xffff,0xffff,
    0xffff,0xffff,0xffff,0xffff,0xffff,0xffff,0xffff,0xffff,0xffff,0xffff,0xffff,0xffff,
    0xffff,0xffff,0xffff,0xffff,0xffff,0xffff,0xffff,0xffff,0xffff,0xffff,0xffff,0xffff,
    0xffff,0xffff,0xffff,0xffff,0xffff,0xffff,0xffff,0xffff,0xffff,0xffff,0xffff,0xffff,
    0xffff,0xffff,0xffff,0xffff,0xffff,0xffff,0xffff,0xffff,0xffff,0xffff,0xffff,0xffff,
    0xffff,0xffff,0xffff,0xffff,0xffff,0xffff,0xffff,0xffff,0xffff,0xffff,0xffff,0xffff,
    0xffff,0xffff,0xffff,0xffff,0xffff,0xffff,0xffff,0xffff,0xffff,0xffff,0xffff,0xffff,
    0xffff,0xffff,0xffff,0xffff,0xffff,0xffff,0xffff,0xffff,0xffff,0xffff,0xffff,0xffff,
    0xffff,0xffff,0xffff,0xffff,0xffff,0xffff,0xffff,0xffff,0xffff,0xffff,0xffff,0xffff,
    0xffff,0xffff,0xffff,0xffff,0xffff,0xffff,0xffff,0xffff,0xffff,0xffff,0xffff,0xffff,
    0xffff,0xffff,0xffff,0xffff,0xffff,0xffff,0xffff,0xffff,0xffff,0xffff,0xffff,0xffff,
    0xffff,0xffff,0xffff,0xffff,0xffff,0xffff,0xffff,0xffff,0xffff,0xffff,0xffff,0xffff,
    0xffff,0xffff,0xffff,0xffff,0xffff,0xffff,0xffff,0xffff,0xffff,0xffff,0xffff,0xffff,
    0xffff,0xffff,0xffff,0xffff,0xffff,0xffff,0xffff,0xffff,0xffff,0xffff,0xffff,0xffff,
    0xffff,0xffff,0xffff,0xffff,0xffff,0xffff,0xffff,0xffff,0xffff,0xffff,0xffff,0xffff,
    0xffff,0xffff,0xffff,0xffff,0xffff,0xffff,0xffff,0xffff,0xffff,0xffff,0xffff,0xffff,
    0xffff,0xffff,0xffff,0xffff,0xffff,0xffff,0xffff,0xffff,0xffff,0xffff,0xffff,0xffff,
    0xffff,0xffff,0xffff,0xffff,0xffff,0xffff,0xffff,0xffff,0xffff,0xffff,0xffff,0xffff,
    0xffff,0xffff,0xffff,0xffff,0xffff,0xffff,0xffff,0xffff,0xffff,0xffff,0xffff,0xffff,
    0xffff,0xffff,0xffff,0xffff,0xffff,0xffff,0xffff,0xffff,0xffff,0xffff,0xffff,0xffff,
    0xffff,0xffff,0xffff,0xffff,0xffff,0xffff,0xffff,0xffff,0xffff,0xffff,0xffff,0xffff,
    0xffff,0xffff,0xffff,0xffff,0xffff,0xffff,0xffff,0xffff,0xffff,0xffff,0xffff,0xffff,
    0xffff,0xffff,0xffff,0xffff,0xffff,0xffff,0xffff,0xffff,0xffff,0xffff,0xffff,0xffff,
    0xffff,0xffff,0xffff,0xffff,0xffff,0xffff,0xffff,0xffff,0xffff,0xffff,0xffff,0xffff,
    0xffff,0xffff,0xffff,0xffff,0xffff,0xffff,0xffff,0xffff,0xffff,0xffff,0xffff,0xffff,
    0xffff,0xffff,0xffff,0xffff,0xffff,0xffff,0xffff,0xffff,0xffff,0xffff,0xffff,0xffff,
    0xffff,0xffff,0xffff,0xffff,0xffff,0xffff,0xffff,0xffff,0xffff,0xffff,0xffff,0xffff,
    0xffff,0xffff,0xffff,0xffff,0xffff,0xffff,0xffff,0xffff,0xffff,0xffff,0xffff,0xffff,
    0xffff,0xffff,0xffff,0xffff,0xffff,0xffff,0xffff,0xffff,0xffff,0xffff,0xffff,0xffff,
    0xffff,0xffff,0xffff,0xffff,0xffff,0xffff,0xffff,0xffff,0xffff,0xffff,0xffff,0xffff,
    0xffff,0xffff,0xffff,0xffff,0xffff,0xffff,0xffff,0xffff,0xffff,0xffff,0xffff,0xffff,
    0xffff,0xffff,0xffff,0xffff,0xffff,0xffff,0xffff,0xffff,0xffff,0xffff,0xffff,0xffff,
    0xffff,0xffff,0xffff,0xffff,0xffff,0xffff,0xffff,0xffff,0xffff,0xffff,0xffff,0xffff,
    0xffff,0xffff,0xffff,0xffff,0xffff,0xffff,0xffff,0xffff,0xffff,0xffff,0xffff,0xffff,
    0xffff,0xffff,0xffff,0xffff,0xffff,0xffff,0xffff,0xffff,0xffff,0xffff,0xffff,0xffff,
    0xffff,0xffff,0xffff,0xffff,0xffff,0xffff,0xffff,0xffff,0xffff,0xffff,0xffff,0xffff,
    0xffff,0xffff,0xffff,0xffff,0xffff,0xffff,0xffff,0xffff,0xffff,0xffff,0xffff,0xffff,
    0xffff,0xffff,0xffff,0xffff,0xffff,0xffff,0xffff,0xffff,0xffff,0xffff,0xffff,0xffff,
    0xffff,0xffff,0xffff,0xffff,0xffff,0xffff,0xffff,0xffff,0xffff,0xffff,0xffff,0xffff,
    0xffff,0xffff,0xffff,0xffff,0xffff,0xffff,0xffff,0xffff,0xffff,0xffff,0xffff,0xffff,
    0xffff,0xffff,0xffff,0xffff,0xffff,0xffff,0xffff,0xffff,0xffff,0xffff,0xffff,0xffff,
    0xffff,0xffff,0xffff,0xffff,0xffff,0xffff,0xffff,0xffff,0xffff,0xffff,0xffff,0xffff,
    0xffff,0xffff,0xffff,0xffff,0xffff,0xffff,0xffff,0xffff,0xffff,0xffff,0xffff,0xffff,
    0xffff,0xffff,0xffff,0xffff,0xffff,0xffff,0xffff,0xffff,0xffff,0xffff,0xffff,0xffff,
    0xffff,0xffff,0xffff,0xffff,0xffff,0xffff,0xffff,0xffff,0xffff,0xffff,0xffff,0xffff,
    0xffff,0xffff,0xffff,0xffff,0xffff,0xffff,0xffff,0xffff,0xffff,0xffff,0xffff,0xffff,
    0xffff,0xffff,0xffff,0xffff,0xffff,0xffff,0xffff,0xffff,0xffff,0xffff,0xffff,0xffff,
    0xffff,0xffff,0xffff,0xffff,0xffff,0xffff,0xffff,0xffff,0xffff,0xffff,0xffff,0xffff,
    0xffff,0xffff,0xffff,0xffff,0xffff,0xffff,0xffff,0xffff,0xffff,0xffff,0xffff,0xffff,
    0xffff,0xffff,0xffff,0xffff,0xffff,0xffff,0xffff,0xffff,0xffff,0xffff,0xffff,0xffff,
    0xffff,0xffff,0xffff,0xffff,0xffff,0xffff,0xffff,0xffff,0xffff,0xffff,0xffff,0xffff,
    0xffff,0xffff,0xffff,0xffff,0xffff,0xffff,0xffff,0xffff,0xffff,0xffff,0xffff,0xffff,
    0xffff,0xffff,0xffff,0xffff,0xffff,0xffff,0xffff,0xffff,0xffff,0xffff,0xffff,0xffff,
    0xffff,0xffff,0xffff,0xffff,0xffff,0xffff,0xffff,0xffff,0xffff,0xffff,0xffff,0xffff,
    0xffdb,0xffb9,0xffdb,0xffff,0xffff,0xffff,0xffff,0xffff,0xffff,0xffff,0xffff,0xffff,
    0xffff,0xffff,0xffff,0xffff,0xffff,0xffff,0xffff,0xffff,0xffff,0xffff,0xffff,0xffff,
    0xffff,0xffff,0xffff,0xffff,0xffff,0xffff,0xffff,0xffff,0xffff,0xffff,0xffff,0xffff,
    0xffff,0xffff,0xffff,0xffff,0xffff,0xffff,0xffff,0xffff,0xffff,0xffff,0xffff,0xffff,
    0xffff,0xffff,0xffff,0xffff,0xffff,0xffff,0xffff,0xffff,0xffff,0xffff,0xffff,0xffff,
    0xffff,0xffff,0xffff,0xffff,0xffff,0xffff,0xffff,0xffff,0xffff,0xffff,0xffff,0xffff,
    0xffff,0xffff,0xffff,0xffff,0xffff,0xffff,0xffff,0xffff,0xffff,0xffff,0xffff,0xffff,
    0xffff,0xffff,0xffff,0xffff,0xffff,0xffff,0xffff,0xffff,0xffff,0xffff,0xffff,0xffff,
    0xffff,0xffff,0xffff,0xffff,0xffff,0xffff,0xffff,0xffff,0xffff,0xffff,0xffff,0xffff,
    0xffff,0xffff,0xffff,0xffff,0xffff,0xffff,0xffff,0xffff,0xffff,0xffff,0xffff,0xffff,
    0xffff,0xffff,0xffff,0xffff,0xffff,0xffff,0xffff,0xffff,0xffff,0xffff,0xffff,0xffff,
    0xffff,0xffff,0xffff,0xffff,0xffff,0xffff,0xffff,0xffff,0xffff,0xffff,0xffff,0xffff,
    0xffff,0xffff,0xffff,0xffff,0xffff,0xffff,0xffff,0xffff,0xffff,0xffff,0xffff,0xffff,
    0xffff,0xffff,0xffff,0xffff,0xffff,0xffff,0xffff,0xffff,0xffff,0xffff,0xffff,0xffff,
    0xffff,0xffff,0xffff,0xffff,0xffff,0xffff,0xffff,0xffff,0xffff,0xffff,0xffff,0xffff,
    0xffff,0xffff,0xffff,0xffff,0xffff,0xffff,0xffff,0xffff,0xffff,0xffff,0xffff,0xffff,
    0xffff,0xffff,0xffff,0xffff,0xffff,0xffff,0xffff,0xffff,0xffff,0xffff,0xffff,0xffff,
    0xffff,0xffff,0xffff,0xffff,0xffff,0xffff,0xffff,0xffff,0xffff,0xffff,0xffff,0xffff,
    0xffff,0xffff,0xffff,0xffff,0xffff,0xffff,0xffff,0xffff,0xffff,0xffff,0xffff,0xffff,
    0xffff,0xffff,0xffff,0xffff,0xffff,0xffff,0xffff,0xffff,0xffff,0xffff,0xffff,0xffff,
    0xffff,0xffff,0xffff,0xffff,0xffff,0xffff,0xffff,0xffff,0xffff,0xffff,0xffff,0xffff,
    0xffff,0xffff,0xffff,0xffdc,0xffb7,0xffb7,0xffb7,0xffdc,0xffff,0xffff,0xffff,0xffff,
    0xffff,0xffff,0xffff,0xffff,0xffff,0xffff,0xffff,0xffff,0xffff,0xffff,0xffff,0xffff,
    0xffff,0xffff,0xffff,0xffff,0xffff,0xffff,0xffff,0xffff,0xffff,0xffff,0xffff,0xffff,
    0xffff,0xffff,0xffff,0xffff,0xffff,0xffff,0xffff,0xffff,0xffff,0xffff,0xffff,0xffff,
    0xffff,0xffff,0xffff,0xffff,0xffff,0xffff,0xffff,0xffff,0xffff,0xffff,0xffff,0xffff,
    0xffff,0xffff,0xffff,0xffff,0xffff,0xffff,0xffff,0xffff,0xffff,0xffff,0xffff,0xffff,
    0xffff,0xffff,0xffff,0xffff,0xffff,0xffff,0xffff,0xffff,0xffff,0xffff,0xffff,0xffff,
    0xffff,0xffff,0xffff,0xffff,0xffff,0xffff,0xffff,0xffff,0xffff,0xffff,0xffff,0xffff,
    0xffff,0xffff,0xffff,0xffff,0xffff,0xffff,0xffff,0xffff,0xffff,0xffff,0xffff,0xffff,
    0xffff,0xffff,0xffff,0xffff,0xffff,0xffff,0xffff,0xffff,0xffff,0xffff,0xffff,0xffff,
    0xffff,0xffff,0xffff,0xffff,0xffff,0xffff,0xffff,0xffff,0xffff,0xffff,0xffff,0xffff,
    0xffff,0xffff,0xffff,0xffff,0xffff,0xffff,0xffff,0xffff,0xffff,0xffff,0xffff,0xffff,
    0xffff,0xffff,0xffff,0xffff,0xffff,0xffff,0xffff,0xffff,0xffff,0xffff,0xffff,0xffff,
    0xffff,0xffff,0xffff,0xffff,0xffff,0xffff,0xffff,0xffff,0xffff,0xffff,0xffff,0xffff,
    0xffff,0xffff,0xffff,0xffff,0xffff,0xffff,0xffff,0xffff,0xffff,0xffff,0xffff,0xffff,
    0xffff,0xffff,0xffff,0xffff,0xffff,0xffff,0xffff,0xffff,0xffff,0xffff,0xffff,0xffff,
    0xffff,0xffff,0xffff,0xffff,0xffff,0xffff,0xffff,0xffff,0xffff,0xffff,0xffff,0xffff,
    0xffff,0xffff,0xffff,0xffff,0xffff,0xffff,0xffff,0xffff,0xffff,0xffff,0xffff,0xffff,
    0xffff,0xffff,0xffff,0xffff,0xffff,0xffff,0xffff,0xffff,0xffff,0xffff,0xffff,0xffff,
    0xffff,0xffff,0xffff,0xffff,0xffff,0xffff,0xffff,0xffff,0xffff,0xffff,0xffff,0xffff,
    0xffff,0xffff,0xffff,0xffff,0xffff,0xffff,0xffff,0xffff,0xffff,0xffff,0xffff,0xffff,
    0xffff,0xffff,0xffff,0xffff,0xffff,0xffff,0xffff,0xffdb,0xffb7,0xffb7,0xffb7,0xffdb,
    0xffff,0xffff,0xffff,0xffff,0xffff,0xffff,0xffff,0xffff,0xffff,0xffff,0xffff,0xffff,
    0xffff,0xffff,0xffff,0xffff,0xffff,0xffff,0xffff,0xffff,0xffff,0xffff,0xffff,0xffff,
    0xffff,0xffff,0xffff,0xffff,0xffff,0xffff,0xffff,0xffff,0xffff,0xffff,0xffff,0xffff,
    0xffff,0xffff,0xffff,0xffff,0xffff,0xffff,0xffff,0xffff,0xffff,0xffff,0xffff,0xffff,
    0xffff,0xffff,0xffff,0xffff,0xffff,0xffff,0xffff,0xffff,0xffff,0xffff,0xffff,0xffff,
    0xffff,0xffff,0xffff,0xffff,0xffff,0xffff,0xffff,0xffff,0xffff,0xffff,0xffff,0xffff,
    0xffff,0xffff,0xffff,0xffff,0xffff,0xffff,0xffff,0xffff,0xffff,0xffff,0xffff,0xffff,
    0xffff,0xffff,0xffff,0xffff,0xffff,0xffff,0xffff,0xffff,0xffff,0xffff,0xffff,0xffff,
    0xffff,0xffff,0xffff,0xffff,0xffff,0xffff,0xffff,0xffff,0xffff,0xffff,0xffff,0xffff,
    0xffff,0xffff,0xffff,0xffff,0xffff,0xffff,0xffff,0xffff,0xffff,0xffff,0xffff,0xffff,
    0xffff,0xffff,0xffff,0xffff,0xffff,0xffff,0xffff,0xffff,0xffff,0xffff,0xffff,0xffff,
    0xffff,0xffff,0xffff,0xffff,0xffff,0xffff,0xffff,0xffff,0xffff,0xffff,0xffff,0xffff,
    0xffff,0xffff,0xffff,0xffff,0xffff,0xffff,0xffff,0xffff,0xffff,0xffff,0xffff,0xffff,
    0xffff,0xffff,0xffff,0xffff,0xffff,0xffff,0xffff,0xffff,0xffff,0xffff,0xffff,0xffff,
    0xffff,0xffff,0xffff,0xffff,0xffff,0xffff,0xffff,0xffff,0xffff,0xffff,0xffff,0xffff,
    0xffff,0xffff,0xffff,0xffff,0xffff,0xffff,0xffff,0xffff,0xffff,0xffff,0xffff,0xffff,
    0xffff,0xffff,0xffff,0xffff,0xffff,0xffff,0xffff,0xffff,0xffff,0xffff,0xffff,0xffff,
    0xffff,0xffff,0xffff,0xffff,0xffff,0xffff,0xffff,0xffff,0xffff,0xffff,0xffff,0xffff,
    0xffff,0xffff,0xffff,0xffff,0xffff,0xffff,0xffff,0xffff,0xffff,0xffff,0xffff,0xffff,
    0xffff,0xffff,0xffff,0xffff,0xffff,0xffff,0xffff,0xffff,0xffff,0xffff,0xffff,0xffff,
    0xffff,0xffff,0xffff,0xffff,0xffff,0xffff,0xffff,0xffff,0xffff,0xffff,0xffff,0xfffe,
    0xffb7,0xffb7,0xffb7,0xfffe,0xffff,0xffff,0xffff,0xffff,0xffff,0xffff,0xffff,0xffff,
    0xffff,0xffff,0xffff,0xffff,0xffff,0xffff,0xffff,0xffff,0xffff,0xffff,0xffff,0xffff,
    0xffff,0xffff,0xffff,0xffff,0xffff,0xffff,0xffff,0xffff,0xffff,0xffff,0xffff,0xffff,
    0xffff,0xffff,0xffff,0xffff,0xffff,0xffff,0xffff,0xffff,0xffff,0xffff,0xffff,0xffff,
    0xffff,0xffff,0xffff,0xffff,0xffff,0xffff,0xffff,0xffff,0xffff,0xffff,0xffff,0xffff,
    0xffff,0xffff,0xffff,0xffff,0xffff,0xffff,0xffff,0xffff,0xffff,0xffff,0xffff,0xffff,
    0xffff,0xffff,0xffff,0xffff,0xffff,0xffff,0xffff,0xffff,0xffff,0xffff,0xffff,0xffff,
    0xffff,0xffff,0xffff,0xffff,0xffff,0xffff,0xffff,0xffff,0xffff,0xffff,0xffff,0xffff,
    0xffff,0xffff,0xffff,0xffff,0xffff,0xffff,0xffff,0xffff,0xffff,0xffff,0xffff,0xffff,
    0xffff,0xffff,0xffff,0xffff,0xffff,0xffff,0xffff,0xffff,0xffff,0xffff,0xffff,0xffff,
    0xffff,0xffff,0xffff,0xffff,0xffff,0xffff,0xffff,0xffff,0xffff,0xffff,0xffff,0xffff,
    0xffff,0xffff,0xffff,0xffff,0xffff,0xffff,0xffff,0xffff,0xffff,0xffff,0xffff,0xffff,
    0xffff,0xffff,0xffff,0xffff,0xffff,0xffff,0xffff,0xffff,0xffff,0xffff,0xffff,0xffff,
    0xffff,0xffff,0xffff,0xffff,0xffff,0xffff,0xffff,0xffff,0xffff,0xffff,0xffff,0xffff,
    0xffff,0xffff,0xffff,0xffff,0xffff,0xffff,0xffff,0xffff,0xffff,0xffff,0xffff,0xffff,
    0xffff,0xffff,0xffff,0xffff,0xffff,0xffff,0xffff,0xffff,0xffff,0xffff,0xffff,0xffff,
    0xffff,0xffff,0xffff,0xffff,0xffff,0xffff,0xffff,0xffff,0xffff,0xffff,0xffff,0xffff,
    0xffff,0xffff,0xffff,0xffff,0xffff,0xffff,0xffff,0xffff,0xffff,0xffff,0xffff,0xffff,
    0xffff,0xffff,0xffff,0xffff,0xffff,0xffff,0xffff,0xffff,0xffff,0xffff,0xffff,0xffff,
    0xffff,0xffff,0xffff,0xffff,0xffff,0xffff,0xffff,0xffff,0xffff,0xffff,0xffff,0xffff,
    0xffff,0xffff,0xffff,0xffff,0xffff,0xffff,0xffff,0xffff,0xffff,0xffff,0xffff,0xffff,
    0xffff,0xffff,0xffff,0xffff,0xfffe,0xffdb,0xfffd,0xffff,0xffff,0xffff,0xffff,0xffff,
    0xffff,0xffff,0xffff,0xffff,0xffff,0xffff,0xffff,0xffff,0xffff,0xffff,0xffff,0xffff,
    0xffff,0xffff,0xffff,0xffff,0xffff,0xffff,0xffff,0xffff,0xffff,0xffff,0xffff,0xffff,
    0xffff,0xffff,0xffff,0xffff,0xffff,0xffff,0xffff,0xffff,0xffff,0xffff,0xffff,0xffff,
    0xffff,0xffff,0xffff,0xffff,0xffff,0xffff,0xffff,0xffff,0xffff,0xffff,0xffff,0xffff,
    0xffff,0xffff,0xffff,0xffff,0xffff,0xffff,0xffff,0xffff,0xffff,0xffff,0xffff,0xffff,
    0xffff,0xffff,0xffff,0xffff,0xffff,0xffff,0xffff,0xffff,0xffff,0xffff,0xffff,0xffff,
    0xffff,0xffff,0xffff,0xffff,0xffff,0xffff,0xffff,0xffff,0xffff,0xffff,0xffff,0xffff,
    0xffff,0xffff,0xffff,0xffff,0xffff,0xffff,0xffff,0xffff,0xffff,0xffff,0xffff,0xffff,
    0xffff,0xffff,0xffff,0xffff,0xffff,0xffff,0xffff,0xffff,0xffff,0xffff,0xffff,0xffff,
    0xffff,0xffff,0xffff,0xffff,0xffff,0xffff,0xffff,0xffff,0xffff,0xffff,0xffff,0xffff,
    0xffff,0xffff,0xffff,0xffff,0xffff,0xffff,0xffff,0xffff,0xffff,0xffff,0xffff,0xffff,
    0xffff,0xffff,0xffff,0xffff,0xffff,0xffff,0xffff,0xffff,0xffff,0xffff,0xffff,0xffff,
    0xffff,0xffff,0xffff,0xffff,0xffff,0xffff,0xffff,0xffff,0xffff,0xffff,0xffff,0xffff,
    0xffff,0xffff,0xffff,0xffff,0xffff,0xffff,0xffff,0xffff,0xffff,0xffff,0xffff,0xffff,
    0xffff,0xffff,0xffff,0xffff,0xffff,0xffff,0xffff,0xffff,0xffff,0xffff,0xffff,0xffff,
    0xffff,0xffff,0xffff,0xffff,0xffff,0xffff,0xffff,0xffff,0xffff,0xffff,0xffff,0xffff,
    0xffff,0xffff,0xffff,0xffff,0xffff,0xffff,0xffff,0xffff,0xffff,0xffff,0xffff,0xffff,
    0xffff,0xffff,0xffff,0xffff,0xffff,0xffff,0xffff,0xffff,0xffff,0xffff,0xffff,0xffff,
    0xffff,0xffff,0xffff,0xffff,0xffff,0xffff,0xffff,0xffff,0xffff,0xffff,0xffff,0xffff,
    0xffff,0xffff,0xffff,0xffff,0xffff,0xffff,0xffff,0xffff,0xffff,0xffff,0xffff,0xffff,
    0xffff,0xffff,0xffff,0xffff,0xffff,0xffff,0xffff,0xffff,0xffff,0xffff,0xffff,0xffff,
    0xffff,0xffff,0xffff,0xffff,0xffff,0xffff,0xffff,0xffff,0xffff,0xffff,0xffff,0xffff,
    0xffff,0xffff,0xffff,0xffff,0xffff,0xffff,0xffff,0xffff,0xffff,0xffff,0xffff,0xffff,
    0xffff,0xffff,0xffff,0xffff,0xffff,0xffff,0xffff,0xffff,0xffff,0xffff,0xffff,0xffff,
    0xffff,0xffff,0xffff,0xffff,0xffff,0xffff,0xffff,0xffff,0xffff,0xffff,0xffff,0xffff,
    0xffff,0xffff,0xffff,0xffff,0xffff,0xffff,0xffff,0xffff,0xffff,0xffff,0xffff,0xffff,
    0xffff,0xffff,0xffff,0xffff,0xffff,0xffff,0xffff,0xffff,0xffff,0xffff,0xffff,0xffff,
    0xffff,0xffff,0xffff,0xffff,0xffff,0xffff,0xffff,0xffff,0xffff,0xffff,0xffff,0xffff,
    0xffff,0xffff,0xffff,0xffff,0xffff,0xffff,0xffff,0xffff,0xffff,0xffff,0xffff,0xffff,
    0xffff,0xffff,0xffff,0xffff,0xffff,0xffff,0xffff,0xffff,0xffff,0xffff,0xffff,0xffff,
    0xffff,0xffff,0xffff,0xffff,0xffff,0xffff,0xffff,0xffff,0xffff,0xffff,0xffff,0xffff,
    0xffff,0xffff,0xffff,0xffff,0xffff,0xffff,0xffff,0xffff,0xffff,0xffff,0xffff,0xffff,
    0xffff,0xffff,0xffff,0xffff,0xffff,0xffff,0xffff,0xffff,0xffff,0xffff,0xffff,0xffff,
    0xffff,0xffff,0xffff,0xffff,0xffff,0xffff,0xffff,0xffff,0xffff,0xffff,0xffff,0xffff,
    0xffff,0xffff,0xffff,0xffff,0xffff,0xffff,0xffff,0xffff,0xffff,0xffff,0xffff,0xffff,
    0xffff,0xffff,0xffff,0xffff,0xffff,0xffff,0xffff,0xffff,0xffff,0xffff,0xffff,0xffff,
    0xffff,0xffff,0xffff,0xffff,0xffff,0xffff,0xffff,0xffff,0xffff,0xffff,0xffff,0xffff,
    0xffff,0xffff,0xffff,0xffff,0xffff,0xffff,0xffff,0xffff,0xffff,0xffff,0xffff,0xffff,
    0xffff,0xffff,0xffff,0xffff,0xffff,0xffff,0xffff,0xffff,0xffff,0xffff,0xffff,0xffff,
    0xffff,0xffff,0xffff,0xffff,0xffff,0xffff,0xffff,0xffff,0xffff,0xffff,0xffff,0xffff,
    0xffff,0xffff,0xffff,0xffff,0xffff,0xffff,0xffff,0xffff,0xffff,0xffff,0xffff,0xffff,
    0xffff,0xffff,0xffff,0xffff,0xffff,0xffff,0xffff,0xffff,0xffff,0xffff,0xffff,0xffff,
    0xffff,0xffff,0xffff,0xffff,0xffff,0xffff,0xffff,0xffff,0xffff,0xffff,0xffff,0xffff,
    0xffff,0xffff,0xffff,0xffff,0xffff,0xffff,0xffff,0xffff,0xffff,0xffff,0xffff,0xffff,
    0xffff,0xffff,0xffff,0xffff,0xffff,0xffff,0xffff,0xffff,0xffff,0xffff,0xffff,0xffff,
    0xffff,0xffff,0xffff,0xffff,0xffff,0xffff,0xffff,0xffff,0xffff,0xffff,0xffff,0xffff,
    0xffff,0xffff,0xffff,0xffff,0xffff,0xffff,0xffff,0xffff,0xffff,0xffff,0xffff,0xffff,
    0xffff,0xffff,0xffff,0xffff,0xffff,0xffff,0xffff,0xffff,0xffff,0xffff,0xffff,0xffff,
    0xffff,0xffff,0xffff,0xffff,0xffff,0xffff,0xffff,0xffff,0xffff,0xffff,0xffff,0xffff,
    0xffff,0xffff,0xffff,0xffff,0xffff,0xffff,0xffff,0xffff,0xffff,0xffff,0xffff,0xffff,
    0xffff,0xffff,0xffff,0xffff,0xffff,0xffff,0xffff,0xffff,0xffff,0xffff,0xffff,0xffff,
    0xffff,0xffff,0xffff,0xffff,0xffff,0xffff,0xffff,0xffff,0xffff,0xffff,0xffff,0xffff,
    0xffff,0xffff,0xffff,0xffff,0xffff,0xffff,0xffff,0xffff,0xffff,0xffff,0xffff,0xffff,
    0xffff,0xffff,0xffff,0xffff,0xffff,0xffff,0xffff,0xffff,0xffff,0xffff,0xffff,0xffff,
    0xffff,0xffff,0xffff,0xffff,0xffff,0xffff,0xffff,0xffff,0xffff,0xffff,0xffff,0xffff,
    0xffff,0xffff,0xffff,0xffff,0xffff,0xffff,0xffff,0xffff,0xffff,0xffff,0xffff,0xffff,
    0xffff,0xffff,0xffff,0xffff,0xffff,0xffff,0xffff,0xffff,0xffff,0xffff,0xffff,0xffff,
    0xffff,0xffff,0xffff,0xffff,0xffff,0xffff,0xffff,0xffff,0xffff,0xffff,0xffff,0xffff,
    0xffff,0xffff,0xffff,0xffff,0xffff,0xffff,0xffff,0xffff,0xffff,0xffff,0xffff,0xffff,
    0xffff,0xffff,0xffff,0xffff,0xffff,0xffff,0xffff,0xffff,0xffff,0xffff,0xffff,0xffff,
    0xffff,0xffff,0xffff,0xffff,0xffff,0xffff,0xffff,0xffff,0xffff,0xffff,0xffff,0xffff,
    0xffff,0xffff,0xffff,0xffff,0xffff,0xffff,0xffff,0xffff,0xffff,0xffff,0xffff,0xffff,
    0xffff,0xffff,0xffff,0xffff,0xffff,0xffff,0xffff,0xffff,0xffff,0xffff,0xffff,0xffff,
    0xffff,0xffff,0xffff,0xffff,0xffff,0xffff,0xffff,0xffff,0xffff,0xffff,0xffff,0xffff,
    0xffff,0xffff,0xffff,0xffff,0xffff,0xffff,0xffff,0xffff,0xffff,0xffff,0xffff,0xffff,
    0xffff,0xffff,0xffff,0xffff,0xffff,0xffff,0xffff,0xffff,0xffff,0xffff,0xffff,0xffff,
    0xffff,0xffff,0xffff,0xffff,0xffff,0xffff,0xffff,0xffff,0xffff,0xffff,0xffff,0xffff,
    0xffff,0xffff,0xffff,0xffff,0xffff,0xffff,0xffff,0xffff,0xffff,0xffff,0xffff,0xffff,
    0xffff,0xffff,0xffff,0xffff,0xffff,0xffff,0xffff,0xffff,0xffff,0xffff,0xffff,0xffff,
    0xffff,0xffff,0xffff,0xffff,0xffff,0xffff,0xffff,0xffff,0xffff,0xffff,0xffff,0xffff,
    0xffff,0xffff,0xffff,0xffff,0xffff,0xffff,0xffff,0xffff,0xffff,0xffff,0xffff,0xffff,
    0xffff,0xffff,0xffff,0xffff,0xffff,0xffff,0xffff,0xffff,0xffff,0xffff,0xffff,0xffff,
    0xffff,0xffff,0xffff,0xffff,0xffff,0xffff,0xffff,0xffff,0xffff,0xffff,0xffff,0xffff,
    0xffff,0xffff,0xffff,0xffff,0xffff,0xffff,0xffff,0xffff,0xffff,0xffff,0xffff,0xffff,
    0xffff,0xffff,0xffff,0xffff,0xffff,0xffff,0xffff,0xffff,0xffff,0xffff,0xffff,0xffff,
    0xffff,0xffff,0xffff,0xffff,0xffff,0xffff,0xffff,0xffff,0xffff,0xffff,0xffff,0xffff,
    0xffff,0xffff,0xffff,0xffff,0xffff,0xffff,0xffff,0xffff,0xffff,0xffff,0xffff,0xffff,
    0xffff,0xffff,0xffff,0xffff,0xffff,0xffff,0xffff,0xffff,0xffff,0xffff,0xffff,0xffff,
    0xffff,0xffff,0xffff,0xffff,0xffff,0xffff,0xffff,0xffff,0xffff,0xffff,0xffff,0xffff,
    0xffff,0xffff,0xffff,0xffff,0xffff,0xffff,0xffdb,0xff94,0xff94,0xffdb,0xffff,0xffff,
    0xffff,0xffff,0xffff,0xffff,0xffff,0xffff,0xffff,0xffff,0xffff,0xffff,0xffff,0xffff,
    0xffff,0xffff,0xffff,0xffff,0xffff,0xffff,0xffff,0xffff,0xffff,0xffff,0xffff,0xffff,
    0xffff,0xffff,0xffff,0xffff,0xffff,0xffff,0xffff,0xffff,0xffff,0xffff,0xffff,0xffff,
    0xffff,0xffff,0xffff,0xffff,0xffff,0xffff,0xffff,0xffff,0xffff,0xffff,0xffff,0xffff,
    0xffff,0xffff,0xffff,0xffff,0xffff,0xffff,0xffff,0xffff,0xffff,0xffff,0xffff,0xffff,
    0xffff,0xffff,0xffff,0xffff,0xffff,0xffff,0xffff,0xffff,0xffff,0xffff,0xffff,0xffff,
    0xffff,0xffff,0xffff,0xffff,0xffff,0xffff,0xffff,0xffff,0xffb9,0xffb9,0xffff,0xffff,
    0xffff,0xffff,0xffff,0xffff,0xffff,0xffff,0xffff,0xffff,0xffff,0xffff,0xffff,0xffff,
    0xffff,0xffff,0xffff,0xffff,0xffff,0xffff,0xffff,0xffff,0xffff,0xffff,0xffff,0xffff,
    0xffff,0xffff,0xffff,0xffff,0xffff,0xffff,0xffff,0xffff,0xffff,0xffff,0xffff,0xffff,
    0xffff,0xffff,0xffff,0xffff,0xffff,0xffff,0xffff,0xffff,0xffff,0xffff,0xffff,0xffff,
    0xffff,0xffff,0xffff,0xffff,0xffff,0xffff,0xffff,0xffff,0xffff,0xffff,0xffff,0xffff,
    0xffff,0xffff,0xffff,0xffff,0xffff,0xffff,0xffff,0xffff,0xffff,0xffff,0xffff,0xffff,
    0xffff,0xffff,0xffff,0xffff,0xffff,0xffff,0xffff,0xffff,0xffff,0xffff,0xffff,0xffff,
    0xffff,0xffff,0xffff,0xffff,0xffff,0xffff,0xffff,0xffff,0xffff,0xffff,0xffff,0xffff,
    0xffff,0xffff,0xffff,0xffff,0xffff,0xffff,0xffff,0xffff,0xffff,0xffff,0xffff,0xffff,
    0xffff,0xffff,0xffff,0xffff,0xffff,0xffff,0xffff,0xffff,0xffff,0xffff,0xffff,0xffff,
    0xffff,0xffff,0xffff,0xffff,0xffff,0xffff,0xffff,0xffff,0xffff,0xffff,0xffff,0xffff,
    0xffff,0xffff,0xffff,0xffff,0xffff,0xffff,0xffff,0xffff,0xffff,0xffff,0xffff,0xffff,
    0xffff,0xffff,0xffff,0xffff,0xffff,0xffff,0xffff,0xffff,0xffff,0xffff,0xffff,0xffff,
    0xffff,0xffff,0xffff,0xffff,0xffff,0xffff,0xffff,0xffff,0xffff,0xffdb,0xff8e,0xff8e,
    0xff8e,0xff8e,0xffdb,0xffff,0xffff,0xffff,0xffff,0xffff,0xffff,0xffff,0xffff,0xffff,
    0xffff,0xffff,0xffff,0xffff,0xffff,0xffff,0xffff,0xffff,0xffff,0xffff,0xffff,0xffff,
    0xffff,0xffff,0xffff,0xffff,0xffff,0xffff,0xffff,0xffff,0xffff,0xffff,0xffff,0xffff,
    0xffff,0xffff,0xffff,0xffff,0xffff,0xffff,0xffff,0xffff,0xffff,0xffff,0xffff,0xffff,
    0xffff,0xffff,0xffff,0xffff,0xffff,0xffff,0xffff,0xffff,0xffff,0xffff,0xffff,0xffff,
    0xffff,0xffff,0xffff,0xffff,0xffff,0xffff,0xffff,0xffff,0xffff,0xffff,0xffff,0xffff,
    0xffff,0xffff,0xffff,0xffff,0xffff,0xffff,0xffff,0xffff,0xffff,0xffff,0xffff,0xff2e,
    0xfee9,0xfee9,0xff2e,0xffff,0xffff,0xffff,0xffff,0xffff,0xffff,0xffff,0xffff,0xffff,
    0xffff,0xffff,0xffff,0xffff,0xffff,0xffff,0xffff,0xffff,0xffff,0xffff,0xffff,0xffff,
    0xffff,0xffff,0xffff,0xffff,0xffff,0xffff,0xffff,0xffff,0xffff,0xffff,0xffff,0xffff,
    0xffff,0xffff,0xffff,0xffff,0xffff,0xffff,0xffff,0xffff,0xffff,0xffff,0xffff,0xffff,
    0xffff,0xffff,0xffff,0xffff,0xffff,0xffff,0xffff,0xffff,0xffff,0xffff,0xffff,0xffff,
    0xffff,0xffff,0xffff,0xffff,0xffff,0xffff,0xffff,0xffff,0xffff,0xffff,0xffff,0xffff,
    0xffff,0xffff,0xffff,0xffff,0xffff,0xffff,0xffff,0xffff,0xffff,0xffff,0xffff,0xffff,
    0xffff,0xffff,0xffff,0xffff,0xffff,0xffff,0xffff,0xffff,0xffff,0xffff,0xffff,0xffff,
    0xffff,0xffff,0xffff,0xffff,0xffff,0xffff,0xffff,0xffff,0xffff,0xffff,0xffff,0xffff,
    0xffff,0xffff,0xffff,0xffff,0xffff,0xffff,0xffff,0xffff,0xffff,0xffff,0xffff,0xffff,
    0xffff,0xffff,0xffff,0xffff,0xffff,0xffff,0xffff,0xffff,0xffff,0xffff,0xffff,0xffff,
    0xffff,0xffff,0xffff,0xffff,0xffff,0xffff,0xffff,0xffff,0xffff,0xffff,0xffff,0xffff,
    0xffff,0xffff,0xffff,0xffff,0xffff,0xffff,0xffff,0xffff,0xffff,0xffff,0xffff,0xffff,
    0xffff,0xffff,0xffff,0xffff,0xffff,0xffff,0xffff,0xffff,0xffff,0xffff,0xffff,0xffff,
    0xffff,0xffb7,0xff8e,0xff8e,0xff8e,0xff8e,0xff95,0xffff,0xffff,0xffff,0xffff,0xffff,
    0xffff,0xffff,0xffff,0xffff,0xffff,0xffff,0xffff,0xffff,0xffff,0xffff,0xffff,0xffff,
    0xffff,0xffff,0xffff,0xffff,0xffff,0xffff,0xffff,0xffff,0xffff,0xffff,0xffff,0xffff,
    0xffff,0xffff,0xffff,0xffff,0xffff,0xffff,0xffff,0xffff,0xffff,0xffff,0xffff,0xffff,
    0xffff,0xffff,0xffff,0xffff,0xffff,0xffff,0xffff,0xffff,0xffff,0xffff,0xffff,0xffff,
    0xffff,0xffff,0xffff,0xffff,0xffff,0xffff,0xffff,0xffff,0xffff,0xffff,0xffff,0xffff,
    0xffff,0xffff,0xffff,0xffff,0xffff,0xffff,0xffff,0xffff,0xffff,0xffff,0xffff,0xffff,
    0xffff,0xffff,0xff95,0xfee9,0xfee9,0xfee9,0xfee9,0xff95,0xffff,0xffff,0xffff,0xffff,
    0xffff,0xffff,0xffff,0xffff,0xffff,0xffff,0xffff,0xffff,0xffff,0xffff,0xffff,0xffff,
    0xffff,0xffff,0xffff,0xffff,0xffff,0xffff,0xffff,0xffdc,0xffb9,0xffb9,0xffdb,0xffff,
    0xffff,0xffff,0xffff,0xffff,0xffff,0xffff,0xffff,0xffff,0xffff,0xffff,0xffff,0xffff,
    0xffff,0xffff,0xffff,0xffff,0xffff,0xffff,0xffff,0xffff,0xffff,0xffff,0xffff,0xffff,
    0xffff,0xffff,0xffff,0xffff,0xffff,0xffff,0xffff,0xffff,0xffff,0xffff,0xffff,0xffff,
    0xffff,0xffff,0xffff,0xffff,0xffff,0xffff,0xffb9,0xff94,0xffb9,0xffff,0xffff,0xffff,
    0xffff,0xffff,0xffff,0xffff,0xffff,0xffff,0xffff,0xffff,0xffff,0xffff,0xffff,0xffff,
    0xffff,0xffff,0xffff,0xffff,0xffff,0xffff,0xffff,0xffff,0xffff,0xffff,0xffff,0xffff,
    0xffff,0xffff,0xffff,0xffff,0xffff,0xffff,0xffff,0xffff,0xffff,0xffff,0xffff,0xffff,
    0xffff,0xffff,0xffff,0xffff,0xffff,0xffff,0xffff,0xffff,0xffff,0xffff,0xffff,0xffff,
    0xffff,0xffff,0xffff,0xffff,0xffff,0xffff,0xffff,0xffff,0xffff,0xffff,0xffff,0xffff,
    0xffff,0xffff,0xffff,0xffff,0xffff,0xffff,0xffff,0xffff,0xffff,0xffff,0xffff,0xffff,
    0xffff,0xffff,0xffff,0xffff,0xffff,0xffff,0xffff,0xffff,0xffff,0xffff,0xffff,0xffff,
    0xffff,0xffff,0xffff,0xffff,0xffff,0xffb7,0xff8e,0xff8e,0xff8e,0xff8e,0xffb7,0xffff,
    0xffff,0xffff,0xffff,0xffff,0xffff,0xffff,0xffff,0xffff,0xffff,0xffff,0xffff,0xffff,
    0xffff,0xffff,0xffff,0xffff,0xffff,0xffff,0xffff,0xffff,0xffff,0xffff,0xffff,0xffff,
    0xffff,0xffff,0xffff,0xffff,0xffff,0xffff,0xffff,0xffff,0xffff,0xffff,0xffff,0xffff,
    0xffff,0xffff,0xffff,0xffff,0xffff,0xffff,0xffff,0xffff,0xffff,0xffff,0xffff,0xffff,
    0xffff,0xffff,0xffff,0xffff,0xffff,0xffff,0xffff,0xffff,0xffff,0xffff,0xffff,0xffff,
    0xffff,0xffff,0xffff,0xffff,0xffff,0xffff,0xffff,0xffff,0xffff,0xffff,0xffff,0xffff,
    0xffff,0xffff,0xffff,0xffff,0xffff,0xffff,0xff94,0xfee9,0xfee9,0xfee9,0xfee9,0xff90,
    0xffff,0xffff,0xffff,0xffff,0xffff,0xffff,0xffff,0xffff,0xffff,0xffff,0xffff,0xffff,
    0xffff,0xffff,0xffff,0xffff,0xffff,0xffff,0xffff,0xffff,0xffff,0xffff,0xffb9,0xffb7,
    0xffb7,0xffb7,0xffb7,0xffb7,0xffff,0xffff,0xffff,0xffff,0xffff,0xffff,0xffff,0xffff,
    0xffff,0xffff,0xffff,0xffff,0xffff,0xffff,0xffff,0xffff,0xffff,0xffff,0xffff,0xffff,
    0xffff,0xffff,0xffff,0xffff,0xffff,0xffff,0xffff,0xffff,0xffff,0xffff,0xffff,0xffff,
    0xffff,0xffff,0xffff,0xffff,0xffff,0xffff,0xffff,0xffff,0xffff,0xffdb,0xfee9,0xfee9,
    0xfee9,0xffdb,0xffff,0xffff,0xffff,0xffff,0xffff,0xffff,0xffff,0xffff,0xffff,0xffff,
    0xffff,0xffff,0xffff,0xffff,0xffff,0xffff,0xffff,0xffff,0xffff,0xffff,0xffff,0xffff,
    0xffff,0xffff,0xffff,0xffff,0xffff,0xffff,0xffff,0xffff,0xffff,0xffff,0xffff,0xffff,
    0xffff,0xffff,0xffff,0xffff,0xffff,0xffff,0xffff,0xffff,0xffff,0xffff,0xffff,0xffff,
    0xffff,0xffff,0xffff,0xffff,0xffff,0xffff,0xffff,0xffff,0xffff,0xffff,0xffff,0xffff,
    0xffff,0xffff,0xffff,0xffff,0xffff,0xffff,0xffff,0xffff,0xffff,0xffff,0xffff,0xffff,
    0xffff,0xffff,0xffff,0xffff,0xffff,0xffff,0xffff,0xffff,0xffff,0xffff,0xffff,0xffff,
    0xffff,0xffff,0xffff,0xffff,0xffff,0xffff,0xffff,0xffff,0xffff,0xfffe,0xff90,0xff8e,
    0xff8e,0xff90,0xfffe,0xffff,0xffff,0xffff,0xffff,0xffff,0xffff,0xffff,0xffff,0xffff,
    0xffff,0xffff,0xffff,0xffff,0xffff,0xffff,0xffff,0xffff,0xffff,0xffff,0xffff,0xffff,
    0xffff,0xffff,0xffff,0xffff,0xffff,0xffff,0xffff,0xffff,0xffff,0xffff,0xffff,0xffff,
    0xffff,0xffff,0xffff,0xffb6,0xff8e,0xff90,0xffdc,0xffff,0xffff,0xffff,0xffff,0xffff,
    0xffff,0xffff,0xffff,0xffff,0xffff,0xffff,0xffff,0xffff,0xffff,0xffff,0xffff,0xffff,
    0xffff,0xffff,0xffff,0xffff,0xffff,0xffff,0xffff,0xffff,0xffff,0xffff,0xffff,0xffff,
    0xffff,0xffff,0xffff,0xffff,0xffff,0xffff,0xffff,0xffff,0xffff,0xffff,0xffb6,0xfee9,
    0xfee9,0xfee9,0xfee9,0xffb6,0xffff,0xffff,0xffff,0xffff,0xffff,0xffff,0xffff,0xffff,
    0xffff,0xffff,0xffff,0xffff,0xffff,0xffff,0xffff,0xffff,0xffff,0xffff,0xffff,0xffff,
    0xffff,0xffdc,0xffb7,0xffb7,0xffb7,0xffb7,0xffb7,0xffb7,0xffdb,0xffff,0xffff,0xffff,
    0xffff,0xffff,0xffff,0xffff,0xffff,0xffff,0xffff,0xffff,0xffff,0xffff,0xffff,0xffff,
    0xffff,0xffff,0xffff,0xffff,0xffff,0xffff,0xffff,0xffff,0xffff,0xffff,0xffff,0xffff,
    0xffff,0xffff,0xffff,0xffff,0xffff,0xffff,0xffff,0xffff,0xffff,0xffff,0xffff,0xffff,
    0xffff,0xffb9,0xfee9,0xfee9,0xfee9,0xffb9,0xffff,0xffff,0xffff,0xffff,0xffff,0xffff,
    0xffff,0xffff,0xffff,0xffff,0xffff,0xffff,0xffff,0xffff,0xffff,0xffff,0xffff,0xffff,
    0xffff,0xffff,0xffff,0xffff,0xffff,0xffff,0xffff,0xffff,0xffff,0xffff,0xffff,0xffff,
    0xffff,0xffff,0xffff,0xffff,0xffff,0xffff,0xffff,0xffff,0xffff,0xffff,0xffff,0xffff,
    0xffff,0xffff,0xffff,0xffff,0xffff,0xffff,0xffff,0xffff,0xffff,0xffff,0xffff,0xffff,
    0xffff,0xffff,0xffff,0xffff,0xffff,0xffff,0xffff,0xffff,0xffff,0xffff,0xffff,0xffff,
    0xffff,0xffff,0xffff,0xffff,0xffff,0xffff,0xffff,0xffff,0xffff,0xffff,0xffff,0xffff,
    0xffff,0xffff,0xffff,0xffff,0xffff,0xffff,0xffff,0xffff,0xffff,0xffff,0xffff,0xffff,
    0xffff,0xffff,0xfffd,0xffb9,0xffb7,0xfffd,0xffff,0xffff,0xffff,0xffff,0xffff,0xffff,
    0xffff,0xffff,0xffff,0xffff,0xffff,0xffff,0xffff,0xffff,0xffff,0xffff,0xffff,0xffff,
    0xffff,0xffff,0xffff,0xffff,0xffff,0xffff,0xffff,0xffff,0xffff,0xffff,0xffff,0xffff,
    0xffff,0xffff,0xffff,0xffff,0xffff,0xffff,0xffb9,0xff8e,0xff8e,0xff8e,0xff90,0xffff,
    0xffff,0xffff,0xffff,0xffff,0xffff,0xffff,0xffff,0xffff,0xffff,0xffff,0xffff,0xffff,
    0xffff,0xffff,0xffff,0xffff,0xffff,0xffff,0xffff,0xffff,0xffff,0xffff,0xffff,0xffff,
    0xffff,0xffff,0xffff,0xffff,0xffff,0xffff,0xffff,0xffff,0xffff,0xffff,0xffff,0xffff,
    0xffff,0xffff,0xffff,0xfb73,0xfee9,0xfee9,0xfb73,0xffff,0xffff,0xffff,0xffff,0xffff,
    0xffff,0xffff,0xffff,0xffff,0xffff,0xffff,0xffff,0xffff,0xffff,0xffff,0xffff,0xffff,
    0xffff,0xffff,0xffff,0xffff,0xffff,0xffdb,0xffb7,0xffb7,0xffb7,0xffb7,0xffb7,0xffb7,
    0xffb9,0xffff,0xffff,0xffff,0xffff,0xffff,0xffff,0xffff,0xffff,0xffff,0xffff,0xffff,
    0xffff,0xffff,0xffff,0xffff,0xffff,0xffff,0xffff,0xffff,0xffff,0xffff,0xffff,0xffff,
    0xffff,0xffff,0xffff,0xffff,0xffff,0xffff,0xffff,0xffff,0xffff,0xffff,0xffff,0xffff,
    0xffff,0xffff,0xffff,0xffff,0xffff,0xffdc,0xfee9,0xfee9,0xfee9,0xffdc,0xffff,0xffff,
    0xffff,0xffff,0xffff,0xffff,0xffff,0xffff,0xffff,0xffff,0xffff,0xffff,0xffff,0xffff,
    0xffff,0xffff,0xffff,0xffff,0xffff,0xffff,0xffff,0xffff,0xffff,0xffff,0xffff,0xffff,
    0xffff,0xffff,0xffff,0xffff,0xffff,0xffff,0xffff,0xffff,0xffff,0xffff,0xffff,0xffb9,
    0xffb7,0xfffe,0xffff,0xffff,0xffff,0xffff,0xffff,0xffff,0xffff,0xffff,0xffff,0xffff,
    0xffff,0xffff,0xffff,0xffff,0xffff,0xfffd,0xfffe,0xffff,0xffff,0xffff,0xffff,0xffdb,
    0xfffe,0xffff,0xffff,0xffff,0xffff,0xffff,0xffff,0xffff,0xffff,0xffff,0xffff,0xffff,
    0xffff,0xffff,0xffff,0xffff,0xffff,0xffff,0xffff,0xffff,0xffff,0xffff,0xffff,0xffff,
    0xffff,0xffff,0xffff,0xffff,0xffff,0xffff,0xffff,0xffff,0xffff,0xffff,0xffff,0xffff,
    0xffff,0xffff,0xffff,0xffff,0xffff,0xffff,0xffff,0xffff,0xffff,0xffff,0xffff,0xffff,
    0xffff,0xffff,0xffff,0xffff,0xffff,0xffff,0xffff,0xffff,0xffff,0xffff,0xffff,0xffff,
    0xffff,0xffff,0xffff,0xffff,0xffff,0xffff,0xffff,0xffff,0xffff,0xffff,0xffb7,0xff8e,
    0xff8e,0xff8e,0xff8e,0xffff,0xffff,0xffff,0xffff,0xffff,0xffff,0xffff,0xffff,0xffff,
    0xffff,0xffff,0xffff,0xffff,0xffff,0xffff,0xffff,0xffff,0xffff,0xffff,0xffff,0xffff,
    0xffff,0xffff,0xffff,0xffff,0xffff,0xffff,0xffff,0xffff,0xffff,0xffff,0xffff,0xffff,
    0xffff,0xffff,0xffff,0xffff,0xffff,0xffff,0xffff,0xffff,0xffff,0xffff,0xffff,0xffff,
    0xffff,0xffff,0xffff,0xffff,0xffff,0xffff,0xffff,0xffff,0xffff,0xffff,0xffff,0xffff,
    0xffff,0xffff,0xffff,0xffff,0xffff,0xffff,0xffff,0xffff,0xffff,0xffdb,0xffb7,0xffb7,
    0xffb7,0xffb7,0xffb7,0xffb7,0xffb9,0xffff,0xffff,0xffff,0xffff,0xffff,0xffff,0xffff,
    0xffff,0xffff,0xffff,0xffff,0xffff,0xffff,0xffff,0xffff,0xffff,0xffff,0xffff,0xffff,
    0xffff,0xffff,0xffff,0xffff,0xffff,0xffff,0xffff,0xffff,0xffff,0xffff,0xffff,0xffff,
    0xffff,0xffff,0xffff,0xffff,0xffff,0xffff,0xffff,0xffff,0xffff,0xffff,0xffff,0xffb9,
    0xffff,0xffff,0xffff,0xffff,0xffff,0xffff,0xffff,0xffff,0xffff,0xffff,0xffff,0xffff,
    0xffff,0xffff,0xffff,0xffff,0xffff,0xffff,0xffff,0xffff,0xffff,0xffff,0xffff,0xffff,
    0xffff,0xffff,0xffff,0xffff,0xffff,0xffff,0xffff,0xffff,0xffff,0xffff,0xffff,0xffff,
    0xffff,0xffff,0xff95,0xff8e,0xff8e,0xff90,0xffff,0xffff,0xffff,0xffff,0xffff,0xffff,
    0xffff,0xffff,0xffff,0xffff,0xffff,0xffff,0xffff,0xffff,0xffdb,0xffb9,0xffda,0xffdb,
    0xfffe,0xffff,0xffdb,0xffb9,0xffda,0xfffe,0xffff,0xffff,0xffff,0xffff,0xffff,0xffff,
    0xffff,0xffff,0xffff,0xffff,0xffff,0xffff,0xffff,0xffff,0xffff,0xffff,0xffff,0xffff,
    0xffff,0xffff,0xffff,0xffff,0xffff,0xffff,0xffff,0xffff,0xffff,0xffff,0xffff,0xffff,
    0xffff,0xffff,0xffff,0xffff,0xffff,0xffff,0xffff,0xffff,0xffff,0xffff,0xffff,0xffff,
    0xffff,0xffff,0xffff,0xffff,0xffff,0xffff,0xffff,0xffff,0xffff,0xffff,0xffff,0xffff,
    0xffff,0xffff,0xffff,0xffff,0xffff,0xffff,0xffff,0xffff,0xffff,0xffff,0xffff,0xffff,
    0xffff,0xffff,0xffdb,0xff8e,0xff8e,0xff8e,0xff94,0xffff,0xffff,0xffff,0xffff,0xffff,
    0xffff,0xffff,0xffff,0xffff,0xffff,0xffff,0xffff,0xffff,0xffff,0xffff,0xffff,0xffff,
    0xffff,0xffff,0xffff,0xffff,0xffff,0xffff,0xffff,0xffff,0xffff,0xffff,0xffff,0xffff,
    0xffff,0xffff,0xffff,0xffff,0xffff,0xffff,0xffff,0xffff,0xffff,0xffff,0xffff,0xffff,
    0xffff,0xffff,0xffff,0xffff,0xffff,0xffff,0xffff,0xffff,0xffff,0xffff,0xffff,0xffff,
    0xffff,0xffff,0xffff,0xffff,0xffff,0xffff,0xffff,0xffff,0xffff,0xffff,0xffff,0xffff,
    0xffff,0xffdc,0xffb7,0xffb7,0xffb7,0xffb7,0xffb7,0xffb7,0xffda,0xffff,0xffff,0xffff,
    0xffff,0xffff,0xffff,0xffff,0xffff,0xffff,0xffff,0xffff,0xffff,0xffff,0xffff,0xffff,
    0xffff,0xffff,0xffff,0xffff,0xffff,0xffff,0xffff,0xffff,0xffff,0xffff,0xffff,0xffff,
    0xffff,0xffff,0xffff,0xffff,0xffff,0xffff,0xffff,0xffff,0xffff,0xffff,0xffff,0xffff,
    0xffff,0xffff,0xffff,0xffff,0xffff,0xffff,0xffff,0xffff,0xffff,0xffff,0xffff,0xffff,
    0xffff,0xffff,0xffff,0xffff,0xffff,0xffff,0xffff,0xffff,0xffff,0xffff,0xffff,0xffff,
    0xffff,0xffff,0xffff,0xffff,0xffff,0xffff,0xffff,0xffff,0xffff,0xffff,0xffff,0xffff,
    0xffff,0xffff,0xffff,0xffff,0xffff,0xffff,0xff94,0xff8e,0xff8e,0xff8e,0xffff,0xffff,
    0xffff,0xffff,0xffff,0xffff,0xffff,0xffff,0xffff,0xffff,0xffff,0xffff,0xffff,0xffdc,
    0xffb9,0xfffd,0xfffe,0xffdc,0xffda,0xffda,0xffb9,0xffb9,0xffb9,0xffda,0xfffe,0xffff,
    0xffff,0xffff,0xffff,0xffff,0xffff,0xffff,0xffff,0xffff,0xffff,0xffff,0xffff,0xffff,
    0xffff,0xffff,0xffff,0xffff,0xffff,0xffff,0xffff,0xffff,0xffff,0xffff,0xffff,0xffff,
    0xffff,0xffff,0xffff,0xffff,0xffff,0xffff,0xffff,0xffff,0xffff,0xffff,0xffff,0xffff,
    0xffff,0xffff,0xffff,0xffff,0xffff,0xffff,0xffff,0xffff,0xffff,0xffff,0xffff,0xffff,
    0xffff,0xffff,0xffff,0xffff,0xffff,0xffff,0xffff,0xffff,0xffff,0xffff,0xffff,0xffff,
    0xffff,0xffff,0xffff,0xffff,0xffff,0xffff,0xffff,0xffdb,0xff94,0xff95,0xffff,0xffff,
    0xffff,0xffff,0xffff,0xffff,0xffff,0xffff,0xffff,0xffff,0xffff,0xffff,0xffff,0xffff,
    0xffff,0xffff,0xffff,0xffff,0xffff,0xffff,0xffff,0xffff,0xffff,0xffff,0xffff,0xffff,
    0xffff,0xffff,0xffff,0xffff,0xffff,0xffff,0xffff,0xffff,0xffff,0xffff,0xffff,0xffff,
    0xffff,0xffff,0xffff,0xffff,0xffff,0xffff,0xffff,0xffff,0xffff,0xffff,0xffff,0xffff,
    0xffff,0xffff,0xffff,0xffff,0xffff,0xffff,0xffff,0xffff,0xffff,0xffff,0xffff,0xffff,
    0xffff,0xffff,0xffff,0xffff,0xffff,0xffff,0xffdb,0xffb7,0xffb7,0xffb7,0xffb7,0xffb9,
    0xffff,0xffff,0xffff,0xffff,0xffff,0xffff,0xffff,0xffff,0xffff,0xffff,0xffff,0xffff,
    0xffff,0xffff,0xffff,0xffff,0xffff,0xffff,0xffff,0xffff,0xffff,0xffff,0xffff,0xffff,
    0xffff,0xffff,0xffff,0xffff,0xffff,0xffff,0xffff,0xffff,0xffff,0xffff,0xffff,0xffff,
    0xffff,0xffff,0xffff,0xffff,0xffff,0xffff,0xffff,0xffff,0xffff,0xffff,0xffff,0xffff,
    0xffff,0xffff,0xffff,0xffff,0xffff,0xffff,0xffff,0xffff,0xffff,0xffff,0xffff,0xffff,
    0xffff,0xffff,0xffff,0xffff,0xffff,0xffff,0xffff,0xffff,0xffff,0xffff,0xffff,0xffff,
    0xffff,0xffff,0xffff,0xffff,0xffff,0xffff,0xffff,0xffff,0xffff,0xffff,0xff95,0xff8e,
    0xff8e,0xff90,0xffff,0xffff,0xffff,0xffff,0xffff,0xffff,0xffff,0xffff,0xffff,0xffff,
    0xffff,0xffff,0xffff,0xffb9,0xfffe,0xffff,0xffff,0xfffd,0xffb9,0xffb9,0xffb9,0xffb9,
    0xffb9,0xffb9,0xffda,0xffff,0xffff,0xffff,0xffff,0xffff,0xffff,0xffff,0xffff,0xffff,
    0xffff,0xffff,0xffff,0xffff,0xffff,0xffff,0xffff,0xffff,0xffff,0xffff,0xffff,0xffff,
    0xffff,0xffff,0xffff,0xffff,0xffff,0xffff,0xffff,0xffff,0xffff,0xffff,0xffff,0xffff,
    0xffff,0xffff,0xffff,0xffff,0xffff,0xffff,0xffff,0xffff,0xffff,0xffff,0xffff,0xffff,
    0xffff,0xffff,0xffff,0xffff,0xffff,0xffff,0xffff,0xffff,0xffff,0xffff,0xffff,0xffff,
    0xffff,0xffff,0xffff,0xffff,0xffff,0xffff,0xffff,0xffff,0xffff,0xffff,0xffff,0xffff,
    0xffff,0xffff,0xffff,0xffff,0xffff,0xffff,0xffff,0xffff,0xffff,0xffff,0xffff,0xffff,
    0xffff,0xffff,0xffff,0xffff,0xffff,0xffff,0xffff,0xffff,0xffff,0xffff,0xffff,0xffff,
    0xffff,0xffff,0xffff,0xffff,0xffff,0xffff,0xffff,0xffff,0xffff,0xffff,0xffff,0xffff,
    0xffff,0xffff,0xffff,0xffff,0xffff,0xffff,0xffff,0xffff,0xffff,0xffff,0xffff,0xffff,
    0xffff,0xffff,0xffff,0xffff,0xffff,0xffff,0xffff,0xffff,0xffff,0xffff,0xffff,0xffff,
    0xffff,0xffff,0xffff,0xffff,0xffff,0xffff,0xffff,0xffff,0xffff,0xffff,0xffff,0xffdc,
    0xffb9,0xffb9,0xffdb,0xffff,0xffff,0xffff,0xffff,0xffff,0xffff,0xffff,0xffff,0xffff,
    0xffff,0xffff,0xffff,0xffff,0xffff,0xffff,0xffff,0xffff,0xffff,0xffff,0xffff,0xffff,
    0xffff,0xffff,0xffff,0xffff,0xffff,0xffff,0xffff,0xffff,0xffff,0xffff,0xffff,0xffff,
    0xffff,0xffff,0xffff,0xffff,0xffff,0xffff,0xffff,0xffff,0xffff,0xffff,0xffff,0xffff,
    0xffff,0xffff,0xffff,0xffff,0xffff,0xffff,0xffff,0xffff,0xffff,0xffff,0xffff,0xffff,
    0xffff,0xffff,0xffff,0xffff,0xffff,0xffff,0xffff,0xffff,0xffff,0xffff,0xffff,0xffff,
    0xffff,0xffff,0xffff,0xffff,0xffff,0xffff,0xffff,0xffff,0xffff,0xffff,0xffff,0xffff,
    0xffff,0xffff,0xffff,0xffb9,0xffb7,0xfffe,0xffff,0xffff,0xffff,0xffff,0xffff,0xffff,
    0xffff,0xffff,0xffff,0xffff,0xffff,0xffff,0xffff,0xffdb,0xffdc,0xffff,0xffff,0xffda,
    0xffb9,0xffb9,0xffb9,0xffb9,0xffb9,0xffb9,0xffb9,0xffdb,0xffff,0xffff,0xffff,0xffff,
    0xffff,0xffff,0xffff,0xffff,0xffff,0xffff,0xffff,0xffff,0xffff,0xffff,0xffff,0xffff,
    0xffff,0xffff,0xffff,0xffff,0xffff,0xffff,0xffff,0xffff,0xffff,0xffff,0xffff,0xffff,
    0xffff,0xffff,0xffff,0xffff,0xffff,0xffff,0xffff,0xffff,0xffff,0xffff,0xffff,0xffff,
    0xffff,0xffff,0xffff,0xffff,0xffff,0xffff,0xffff,0xffff,0xffff,0xffff,0xffff,0xffff,
    0xffff,0xffff,0xffff,0xffff,0xffff,0xffff,0xffff,0xffff,0xffff,0xffff,0xffff,0xffff,
    0xffff,0xffff,0xffff,0xffff,0xffff,0xffff,0xffff,0xffff,0xffff,0xffff,0xffff,0xffff,
    0xffff,0xffff,0xffff,0xffff,0xffff,0xffff,0xffff,0xffff,0xffff,0xffff,0xffff,0xffff,
    0xffff,0xffff,0xffff,0xffff,0xffff,0xffff,0xffff,0xffff,0xffff,0xffff,0xffff,0xffff,
    0xffff,0xffff,0xffff,0xffff,0xffff,0xffff,0xffff,0xffff,0xffff,0xffff,0xffff,0xffff,
    0xffff,0xffff,0xffff,0xffff,0xffff,0xffff,0xffff,0xffff,0xffff,0xffff,0xffff,0xffff,
    0xffff,0xffff,0xffff,0xffff,0xffff,0xffff,0xffff,0xffff,0xffff,0xffff,0xffff,0xffff,
    0xffff,0xffff,0xffff,0xffff,0xffff,0xffff,0xffff,0xffff,0xffff,0xffff,0xffff,0xffff,
    0xffff,0xffff,0xffff,0xffff,0xffff,0xffff,0xffff,0xffff,0xffff,0xffff,0xffff,0xffff,
    0xffff,0xffff,0xffff,0xffff,0xffff,0xffff,0xffff,0xffff,0xffff,0xffff,0xffdb,0xffdc,
    0xffdc,0xffff,0xffff,0xffff,0xffff,0xffff,0xffff,0xffff,0xffff,0xffff,0xffff,0xffff,
    0xffff,0xffff,0xffff,0xffff,0xffff,0xffff,0xffff,0xffff,0xffff,0xffff,0xffff,0xffff,
    0xffff,0xffff,0xffff,0xffff,0xffff,0xffff,0xffff,0xffff,0xffff,0xffff,0xffff,0xffff,
    0xffff,0xffff,0xffff,0xffff,0xffff,0xffff,0xffff,0xffff,0xffff,0xffff,0xffff,0xffff,
    0xffff,0xffff,0xffff,0xffff,0xffff,0xffff,0xffff,0xffff,0xffff,0xffff,0xffff,0xffff,
    0xffff,0xffff,0xffff,0xffff,0xffff,0xffff,0xffff,0xffff,0xffff,0xffff,0xffff,0xffdc,
    0xffda,0xffdc,0xffdb,0xffb9,0xffb9,0xffb9,0xffb9,0xffb9,0xffb9,0xffb9,0xffb9,0xffb9,
    0xffdb,0xffff,0xffff,0xffff,0xffff,0xffff,0xffff,0xffff,0xffff,0xffff,0xffff,0xffff,
    0xffff,0xffff,0xffff,0xffff,0xffff,0xffff,0xffff,0xffff,0xffff,0xffff,0xffff,0xffff,
    0xffff,0xffff,0xffff,0xffff,0xffff,0xffff,0xffff,0xffff,0xffff,0xffff,0xffff,0xffff,
    0xffff,0xffff,0xffff,0xffff,0xffff,0xffff,0xffff,0xffff,0xffff,0xffff,0xffff,0xffff,
    0xffff,0xffff,0xffff,0xffff,0xffff,0xffff,0xffff,0xffff,0xffff,0xffff,0xffff,0xffff,
    0xffff,0xffff,0xffff,0xffff,0xffff,0xffff,0xffff,0xffff,0xffff,0xffff,0xffff,0xffff,
    0xffff,0xffff,0xffff,0xffff,0xffff,0xffff,0xffff,0xffff,0xffff,0xffff,0xffff,0xffff,
    0xffff,0xffff,0xffff,0xffff,0xffff,0xffff,0xffff,0xffff,0xffff,0xffff,0xffff,0xffff,
    0xffff,0xffff,0xffff,0xffff,0xffff,0xffff,0xffff,0xfffe,0xffdc,0xfffe,0xffff,0xffff,
    0xffff,0xffff,0xffff,0xffff,0xffff,0xffff,0xffff,0xffff,0xffff,0xffff,0xffff,0xffff,
    0xffff,0xffff,0xffff,0xffff,0xffff,0xffff,0xffff,0xffff,0xffff,0xffff,0xffff,0xffff,
    0xffff,0xffff,0xffff,0xffff,0xffff,0xffff,0xffff,0xffff,0xffff,0xffff,0xffff,0xffff,
    0xffff,0xffff,0xffff,0xffff,0xffff,0xffff,0xffff,0xffff,0xffff,0xffff,0xffff,0xffff,
    0xffff,0xffff,0xffff,0xffff,0xffff,0xffff,0xffff,0xffff,0xffff,0xffff,0xffff,0xffff,
    0xffdb,0xffb7,0xffb6,0xffb6,0xffb7,0xffb9,0xffdc,0xffff,0xffff,0xffff,0xffff,0xffff,
    0xffff,0xffff,0xffff,0xffff,0xffff,0xffff,0xffff,0xffff,0xffff,0xffff,0xffff,0xffff,
    0xffff,0xffff,0xffff,0xffff,0xffff,0xffff,0xffff,0xffff,0xffff,0xffff,0xffff,0xffff,
    0xffff,0xffff,0xffff,0xffff,0xffff,0xffff,0xffff,0xffff,0xffff,0xffff,0xffff,0xffff,
    0xffff,0xffff,0xffff,0xffff,0xffff,0xffff,0xffff,0xffff,0xffff,0xffff,0xffff,0xffff,
    0xffff,0xffff,0xffff,0xffff,0xffff,0xffff,0xffff,0xffff,0xffff,0xffff,0xffff,0xffff,
    0xffff,0xffff,0xffff,0xffff,0xffdb,0xffb9,0xffb9,0xffb9,0xffb9,0xffb9,0xffb9,0xffb9,
    0xffb9,0xffb9,0xffb9,0xffb9,0xffb9,0xffdb,0xffff,0xffff,0xffff,0xffff,0xffff,0xffff,
    0xffff,0xffff,0xffff,0xffff,0xffff,0xffff,0xffff,0xffff,0xffff,0xffff,0xffff,0xffff,
    0xffff,0xffff,0xffff,0xffff,0xffff,0xffff,0xffff,0xffff,0xffff,0xffff,0xffff,0xffff,
    0xffff,0xffff,0xffff,0xffff,0xffff,0xffff,0xffff,0xffff,0xffff,0xffff,0xffff,0xffff,
    0xffff,0xffff,0xffff,0xffff,0xffff,0xffff,0xffff,0xffff,0xffff,0xffff,0xffff,0xffff,
    0xffff,0xffff,0xffff,0xffff,0xffff,0xffff,0xffff,0xffff,0xffff,0xffff,0xffff,0xffff,
    0xffff,0xffff,0xffff,0xffff,0xffff,0xffff,0xffff,0xffff,0xffff,0xffff,0xffff,0xffff,
    0xffff,0xffff,0xffff,0xffff,0xffff,0xffff,0xffff,0xffff,0xffff,0xffff,0xffff,0xffff,
    0xffff,0xffff,0xffff,0xffff,0xffff,0xffff,0xffff,0xffff,0xffff,0xffff,0xffdc,0xffb7,
    0xff95,0xffb9,0xffff,0xffff,0xffff,0xffff,0xffff,0xffff,0xffff,0xffff,0xffff,0xffff,
    0xffff,0xffff,0xffff,0xffff,0xffff,0xffff,0xffff,0xffff,0xffff,0xffff,0xffff,0xffff,
    0xffff,0xffff,0xffff,0xffff,0xffff,0xffff,0xffff,0xffff,0xffff,0xffff,0xffff,0xffff,
    0xffff,0xffff,0xffff,0xffff,0xffff,0xffff,0xffff,0xffff,0xffff,0xffff,0xffff,0xffff,
    0xffff,0xffff,0xffff,0xffff,0xffff,0xffff,0xfffe,0xffdc,0xffff,0xffff,0xffff,0xffff,
    0xffff,0xffff,0xffff,0xffdb,0xffb6,0xffb6,0xffb7,0xffb7,0xffb6,0xffb6,0xffb7,0xffb9,
    0xfffe,0xffff,0xffff,0xffff,0xffff,0xffff,0xffff,0xffff,0xffff,0xffff,0xffff,0xffff,
    0xffff,0xffff,0xffff,0xffff,0xffff,0xffff,0xffff,0xffff,0xffff,0xffff,0xffff,0xffff,
    0xffff,0xffff,0xffff,0xffff,0xffff,0xffff,0xffff,0xffff,0xffff,0xffff,0xffff,0xffff,
    0xffff,0xffff,0xffff,0xffff,0xffff,0xffff,0xffff,0xffff,0xffff,0xffff,0xffff,0xffff,
    0xffff,0xffff,0xffff,0xffff,0xffff,0xffff,0xffff,0xffff,0xffff,0xffff,0xffff,0xffff,
    0xffff,0xffff,0xffff,0xffff,0xffff,0xffff,0xffff,0xfffe,0xffda,0xffb9,0xffb9,0xffb9,
    0xffb9,0xffb9,0xffb9,0xffb9,0xffb9,0xffb9,0xffb9,0xffb9,0xffb9,0xffdc,0xffff,0xffff,
    0xffff,0xffff,0xffff,0xffff,0xffff,0xffff,0xffff,0xffff,0xffff,0xffff,0xffff,0xffff,
    0xffff,0xffff,0xffff,0xffff,0xffff,0xffff,0xffff,0xffff,0xffff,0xffff,0xffff,0xffff,
    0xffff,0xffff,0xffff,0xffff,0xffff,0xffff,0xffff,0xffff,0xffff,0xffff,0xffff,0xffff,
    0xffff,0xffff,0xffff,0xffff,0xffff,0xffff,0xffff,0xffff,0xffff,0xffff,0xffff,0xffff,
    0xffff,0xffff,0xffff,0xffff,0xffff,0xffff,0xffff,0xffff,0xffff,0xffff,0xffff,0xffff,
    0xffff,0xffff,0xffff,0xffff,0xffff,0xffff,0xffff,0xffff,0xffff,0xffff,0xffff,0xffff,
    0xffff,0xffff,0xffff,0xffff,0xffff,0xffff,0xffff,0xffff,0xffff,0xffff,0xffff,0xffff,
    0xffff,0xffff,0xffff,0xffff,0xffff,0xffff,0xffff,0xffff,0xffff,0xffff,0xffff,0xffff,
    0xffff,0xfffe,0xffb9,0xff95,0xff95,0xff95,0xffb9,0xfffe,0xffff,0xffff,0xffff,0xffff,
    0xffff,0xffff,0xffff,0xffff,0xffff,0xffff,0xffff,0xffff,0xffff,0xffff,0xffff,0xffff,
    0xffff,0xffff,0xffff,0xffff,0xffff,0xffff,0xffff,0xffff,0xffff,0xffff,0xffff,0xffff,
    0xffff,0xffff,0xffff,0xffff,0xffff,0xffff,0xffff,0xffff,0xffff,0xffff,0xffff,0xffff,
    0xffff,0xffff,0xffff,0xffff,0xffff,0xffff,0xffff,0xffff,0xffff,0xffff,0xffb7,0xffb7,
    0xffda,0xfffe,0xffff,0xffff,0xffff,0xffff,0xffdb,0xffb7,0xffb6,0xffb9,0xffdb,0xfffd,
    0xffdb,0xffb7,0xffb6,0xffb6,0xffb7,0xffdc,0xffff,0xffff,0xffff,0xffff,0xffff,0xffff,
    0xffff,0xffff,0xffff,0xffff,0xffff,0xffff,0xffff,0xffff,0xffff,0xffff,0xffff,0xffff,
    0xffff,0xffff,0xffff,0xffff,0xffff,0xffff,0xffff,0xffff,0xffff,0xffff,0xffff,0xffff,
    0xffff,0xffff,0xffff,0xffff,0xffff,0xffff,0xffff,0xffff,0xffff,0xffff,0xffff,0xffff,
    0xffff,0xffff,0xffff,0xffff,0xffff,0xffff,0xffff,0xffff,0xffff,0xffff,0xffff,0xffff,
    0xffff,0xffff,0xffff,0xffff,0xffff,0xffff,0xffff,0xffff,0xffff,0xffff,0xfffe,0xffb9,
    0xffb9,0xffb9,0xffb9,0xffb9,0xffb9,0xffb9,0xffb9,0xffb9,0xffb9,0xffb9,0xffb9,0xffb9,
    0xfffd,0xffff,0xffff,0xffff,0xffff,0xffff,0xffff,0xffff,0xffff,0xffff,0xffff,0xffff,
    0xffff,0xffff,0xffff,0xffff,0xffff,0xffff,0xffff,0xffff,0xffff,0xffff,0xffff,0xffff,
    0xffff,0xffff,0xffff,0xffff,0xffff,0xffff,0xffff,0xffff,0xffff,0xffff,0xffff,0xffff,
    0xffff,0xffff,0xffff,0xffff,0xffff,0xffff,0xffff,0xffff,0xffff,0xffff,0xffff,0xffff,
    0xffff,0xffff,0xffff,0xffff,0xffff,0xffff,0xffff,0xffff,0xffff,0xffff,0xffff,0xffff,
    0xffff,0xffff,0xffff,0xffff,0xffff,0xffff,0xffff,0xffff,0xffff,0xffff,0xffff,0xffff,
    0xffff,0xffff,0xffff,0xffff,0xffff,0xffff,0xffff,0xffff,0xffff,0xffff,0xffff,0xffff,
    0xffff,0xffff,0xffff,0xffdb,0xffdb,0xffb9,0xffdb,0xffdb,0xfffe,0xffff,0xffff,0xffff,
    0xffff,0xffff,0xffff,0xffff,0xfffe,0xffb9,0xff95,0xff95,0xff95,0xff95,0xff95,0xffb7,
    0xfffe,0xffff,0xffff,0xffff,0xffff,0xffff,0xffff,0xffff,0xffff,0xffff,0xffff,0xffff,
    0xffff,0xffff,0xffff,0xffff,0xffff,0xffff,0xffff,0xffff,0xffff,0xffff,0xffff,0xffff,
    0xffff,0xffff,0xffff,0xffff,0xffff,0xffff,0xffff,0xffff,0xffff,0xffff,0xffff,0xffff,
    0xffff,0xffff,0xffff,0xffff,0xffff,0xffff,0xffff,0xffff,0xffff,0xffff,0xffff,0xffff,
    0xffff,0xffdb,0xffb6,0xffb6,0xffb6,0xffb9,0xffdb,0xfffe,0xffff,0xffff,0xffb9,0xffb6,
    0xffb7,0xfffe,0xffff,0xffff,0xffff,0xfffe,0xffdb,0xffb7,0xffb6,0xffb7,0xffff,0xffff,
    0xffff,0xffff,0xffff,0xffff,0xffff,0xffff,0xffff,0xffff,0xffff,0xffff,0xffff,0xffff,
    0xffff,0xffff,0xffff,0xffff,0xffff,0xffff,0xffff,0xffff,0xffff,0xffff,0xffff,0xffff,
    0xffff,0xffff,0xffff,0xffff,0xffff,0xffff,0xffff,0xffff,0xffff,0xffff,0xffff,0xffff,
    0xffff,0xffff,0xffff,0xffff,0xffff,0xffff,0xffff,0xffff,0xffff,0xffff,0xffff,0xffff,
    0xffff,0xffff,0xffff,0xffff,0xffff,0xffff,0xffff,0xffff,0xffff,0xffff,0xffff,0xffff,
    0xffff,0xffff,0xffdb,0xffb9,0xffb9,0xffb9,0xffb9,0xffb9,0xffb9,0xffb9,0xffb9,0xffb9,
    0xffb9,0xffb9,0xffb9,0xfffd,0xffff,0xffff,0xffff,0xffff,0xffff,0xffff,0xffff,0xffff,
    0xffff,0xffff,0xffff,0xffff,0xffff,0xffff,0xffff,0xffff,0xffff,0xffff,0xffff,0xffff,
    0xffff,0xffff,0xffff,0xffff,0xffff,0xffff,0xffff,0xffff,0xffff,0xffff,0xffff,0xffff,
    0xffff,0xffff,0xffff,0xffff,0xffff,0xffff,0xffff,0xffff,0xffff,0xffff,0xffff,0xffff,
    0xffff,0xffff,0xffff,0xffff,0xffff,0xffff,0xffff,0xffff,0xffff,0xffff,0xffff,0xffff,
    0xffff,0xffff,0xffff,0xffff,0xffff,0xffff,0xffff,0xffff,0xffff,0xffff,0xffff,0xffff,
    0xffff,0xffff,0xffff,0xffff,0xffff,0xffff,0xffff,0xffff,0xffff,0xffff,0xffff,0xffff,
    0xffff,0xffff,0xffff,0xffff,0xffff,0xffff,0xffb9,0xffb6,0xff95,0xff95,0xff95,0xff95,
    0xffb7,0xffdb,0xffff,0xffff,0xffff,0xffff,0xffff,0xffff,0xffb9,0xff95,0xff95,0xff95,
    0xff95,0xff95,0xff95,0xff95,0xffb7,0xffdc,0xffff,0xffff,0xffff,0xffff,0xffff,0xffff,
    0xffff,0xffff,0xffff,0xffff,0xffff,0xffff,0xffff,0xffff,0xffff,0xffff,0xffff,0xffff,
    0xffff,0xffff,0xffff,0xffff,0xffff,0xffff,0xffff,0xffff,0xffff,0xffff,0xffff,0xffff,
    0xffff,0xffff,0xffff,0xffff,0xffff,0xffff,0xffff,0xffff,0xffff,0xffff,0xffff,0xffff,
    0xffff,0xffff,0xffff,0xffff,0xffff,0xffb7,0xffb6,0xffb6,0xffb6,0xffb6,0xffb6,0xffb9,
    0xffdb,0xffdb,0xffb6,0xffb6,0xffdc,0xffff,0xffff,0xffff,0xffff,0xffff,0xffff,0xffdc,
    0xffb6,0xffb6,0xffdb,0xffff,0xffff,0xffff,0xffff,0xffff,0xffff,0xffff,0xffff,0xffff,
    0xffff,0xffff,0xffff,0xffff,0xffff,0xffff,0xffff,0xffff,0xffff,0xffff,0xffff,0xffff,
    0xffff,0xffff,0xffff,0xffff,0xffff,0xffff,0xffff,0xffff,0xffff,0xffff,0xffff,0xffff,
    0xffff,0xffff,0xffff,0xffff,0xffff,0xffff,0xffff,0xffff,0xffff,0xffff,0xffff,0xffff,
    0xffff,0xffff,0xffff,0xffff,0xffff,0xffff,0xffff,0xffff,0xffff,0xffff,0xffff,0xffff,
    0xffff,0xffff,0xffff,0xffff,0xffff,0xffff,0xfffe,0xffda,0xffb9,0xffb9,0xffb9,0xffb9,
    0xffb9,0xffb9,0xffb9,0xffb9,0xffb9,0xffb9,0xfffd,0xffff,0xffff,0xffff,0xffff,0xffff,
    0xffff,0xffff,0xffff,0xffff,0xffff,0xffff,0xffff,0xffff,0xffff,0xffff,0xffff,0xffff,
    0xffff,0xffff,0xffff,0xffff,0xffff,0xffff,0xffff,0xffff,0xffff,0xffff,0xffff,0xffff,
    0xffff,0xffff,0xffff,0xffff,0xffff,0xffff,0xffff,0xffff,0xffff,0xffff,0xffff,0xffff,
    0xffff,0xffff,0xffff,0xffff,0xffff,0xffff,0xffff,0xffff,0xffff,0xffff,0xffff,0xffff,
    0xffff,0xffff,0xffff,0xffff,0xffff,0xffff,0xffff,0xffff,0xffff,0xffff,0xffff,0xffff,
    0xffff,0xffff,0xffff,0xffff,0xffff,0xffff,0xffff,0xffff,0xffff,0xffff,0xffff,0xffff,
    0xffff,0xffff,0xffff,0xffff,0xffff,0xffff,0xffff,0xffff,0xffff,0xffb9,0xff95,0xff96,
    0xff95,0xff95,0xff95,0xff95,0xff95,0xffb6,0xffdb,0xfffe,0xffff,0xffff,0xffff,0xffb9,
    0xff95,0xff95,0xff95,0xff95,0xff95,0xff95,0xff95,0xff95,0xff95,0xffb6,0xffdc,0xffff,
    0xffff,0xffff,0xffff,0xffff,0xffff,0xffff,0xffff,0xffff,0xffff,0xffff,0xffff,0xffff,
    0xffff,0xffff,0xffff,0xffff,0xffff,0xffff,0xffff,0xffff,0xffff,0xffff,0xffff,0xffff,
    0xffff,0xffff,0xffff,0xffff,0xffff,0xffff,0xffff,0xffff,0xffff,0xffff,0xffff,0xffff,
    0xffff,0xffff,0xffff,0xffff,0xffff,0xffff,0xffff,0xffff,0xffdb,0xffb6,0xffb6,0xffb7,
    0xffb7,0xffb6,0xffb7,0xffb6,0xffb7,0xffb6,0xffb7,0xffb7,0xffff,0xffff,0xffff,0xffff,
    0xffff,0xffff,0xffff,0xffff,0xffb7,0xffb7,0xffb9,0xffff,0xffff,0xffff,0xffff,0xffff,
    0xffff,0xffff,0xffff,0xffff,0xffff,0xffff,0xffff,0xffff,0xffff,0xffff,0xffff,0xffff,
    0xffff,0xffff,0xffff,0xffff,0xffff,0xffff,0xffff,0xffff,0xffff,0xffff,0xffff,0xffff,
    0xffff,0xffff,0xffff,0xffff,0xffff,0xffff,0xffff,0xffff,0xffff,0xffff,0xffff,0xffff,
    0xffff,0xffff,0xffff,0xffff,0xffff,0xffff,0xffff,0xffff,0xffff,0xffff,0xffff,0xffff,
    0xffff,0xffff,0xffff,0xffff,0xffff,0xffff,0xffff,0xffff,0xffff,0xffff,0xffff,0xffff,
    0xffda,0xffb9,0xffb9,0xffb9,0xffb9,0xffb9,0xffb9,0xffb9,0xffb9,0xfffd,0xffff,0xffff,
    0xffff,0xffff,0xffff,0xffff,0xffff,0xffff,0xffff,0xffff,0xffff,0xffff,0xffff,0xffff,
    0xffff,0xffff,0xffff,0xffff,0xffff,0xffff,0xffff,0xffff,0xffff,0xffff,0xffff,0xffff,
    0xffff,0xffff,0xffff,0xffff,0xffff,0xffff,0xffff,0xffff,0xffff,0xffff,0xffff,0xffff,
    0xffff,0xffff,0xffff,0xffff,0xffff,0xffff,0xffff,0xffff,0xffff,0xffff,0xffff,0xffff,
    0xffff,0xffff,0xffff,0xffff,0xffff,0xffff,0xffff,0xffff,0xffff,0xffff,0xffff,0xffff,
    0xffff,0xffff,0xffff,0xffff,0xffff,0xffff,0xffff,0xffff,0xffff,0xffff,0xffff,0xffff,
    0xffff,0xffff,0xffff,0xffff,0xffff,0xffff,0xffff,0xffff,0xffff,0xffff,0xffff,0xffff,
    0xffb9,0xff95,0xff95,0xff95,0xffb7,0xffb9,0xffb7,0xffb6,0xff95,0xff95,0xffb6,0xffb9,
    0xfffe,0xffff,0xffdb,0xffb6,0xff95,0xff95,0xff95,0xff95,0xff95,0xff95,0xff95,0xff95,
    0xff95,0xff96,0xffb6,0xffdb,0xffff,0xffff,0xffff,0xffff,0xffff,0xffff,0xffff,0xffff,
    0xffff,0xffff,0xffff,0xffff,0xffff,0xffff,0xffff,0xffff,0xffff,0xffff,0xffff,0xffff,
    0xffff,0xffff,0xffff,0xffff,0xffff,0xffff,0xffff,0xffff,0xffff,0xffff,0xffff,0xffff,
    0xffff,0xffff,0xffff,0xffff,0xffff,0xffff,0xffff,0xffff,0xffff,0xffff,0xffff,0xffff,
    0xffb6,0xffb7,0xffb6,0xffb6,0xffb6,0xffb7,0xffb6,0xffb6,0xffb6,0xffb6,0xffb6,0xffb9,
    0xfffd,0xffff,0xffff,0xffff,0xffff,0xffff,0xffff,0xffff,0xffb9,0xffb6,0xffb9,0xffff,
    0xffff,0xffff,0xffff,0xffff,0xffff,0xffff,0xffff,0xffff,0xffff,0xffff,0xffff,0xffff,
    0xffff,0xffff,0xffff,0xffff,0xffff,0xffff,0xffff,0xffff,0xffff,0xffff,0xffff,0xffff,
    0xffff,0xffff,0xffff,0xffff,0xffff,0xffff,0xffff,0xffff,0xffff,0xffff,0xffff,0xffff,
    0xffff,0xffff,0xffff,0xffff,0xffff,0xffff,0xffff,0xffff,0xffff,0xffff,0xffff,0xffff,
    0xffff,0xffff,0xffff,0xffff,0xffff,0xffff,0xffff,0xffff,0xffff,0xffff,0xffff,0xffff,
    0xffff,0xffff,0xffff,0xffff,0xffff,0xffda,0xffb9,0xffb9,0xffb9,0xffb9,0xffb9,0xffda,
    0xffff,0xffff,0xffff,0xffff,0xffff,0xffff,0xffff,0xffff,0xffff,0xffff,0xffff,0xffff,
    0xffff,0xffff,0xffff,0xffff,0xffff,0xffff,0xffff,0xffff,0xffff,0xffff,0xffff,0xffff,
    0xffff,0xffff,0xffff,0xffff,0xffff,0xffff,0xffff,0xffff,0xffff,0xffff,0xffff,0xffff,
    0xffff,0xffff,0xffff,0xffff,0xffff,0xffff,0xffff,0xffff,0xffff,0xffff,0xffff,0xffff,
    0xffff,0xffff,0xffff,0xffff,0xffff,0xffff,0xffff,0xffff,0xffff,0xffff,0xffff,0xffff,
    0xffff,0xffff,0xffff,0xffff,0xffff,0xffff,0xffff,0xffff,0xffff,0xffff,0xffff,0xffff,
    0xffff,0xffff,0xffff,0xffff,0xffff,0xffff,0xffff,0xffff,0xffff,0xffff,0xffff,0xffff,
    0xffff,0xffff,0xffff,0xffdb,0xff95,0xff95,0xffb6,0xffdb,0xffff,0xffff,0xffff,0xffdb,
    0xffb7,0xff95,0xff95,0xffb6,0xffb9,0xffdb,0xffb6,0xff96,0xff95,0xff95,0xff95,0xff95,
    0xff95,0xff95,0xff95,0xff95,0xff95,0xff95,0xff96,0xff95,0xffdb,0xffff,0xffff,0xffff,
    0xffff,0xffff,0xffff,0xffff,0xffff,0xffff,0xffff,0xffff,0xffff,0xffff,0xffff,0xffff,
    0xffff,0xffff,0xffff,0xffff,0xffff,0xffff,0xffff,0xffff,0xffff,0xffff,0xffff,0xffff,
    0xffff,0xffff,0xffff,0xffff,0xffff,0xffff,0xffff,0xffff,0xffff,0xffff,0xffff,0xffff,
    0xffff,0xffff,0xffff,0xffdb,0xffb6,0xffb6,0xffb7,0xffb6,0xffb6,0xffb6,0xffb6,0xffb7,
    0xffb7,0xffb7,0xffb6,0xffb7,0xffb7,0xffda,0xfffe,0xffff,0xffff,0xffff,0xffff,0xfffe,
    0xffb7,0xffb6,0xffdb,0xffff,0xffff,0xffff,0xffff,0xffff,0xffff,0xffff,0xffff,0xffff,
    0xffff,0xffff,0xffff,0xffff,0xffff,0xffff,0xffff,0xffff,0xffff,0xffff,0xffff,0xffff,
    0xffff,0xffff,0xffff,0xffff,0xffff,0xffff,0xffff,0xffff,0xffff,0xffff,0xffff,0xffff,
    0xffff,0xffff,0xffff,0xffff,0xffff,0xffff,0xffff,0xffff,0xffff,0xffff,0xffff,0xffff,
    0xffff,0xffff,0xffff,0xffff,0xffff,0xffff,0xffff,0xffff,0xffff,0xffff,0xffff,0xffff,
    0xffff,0xffff,0xffff,0xffff,0xffff,0xffff,0xffff,0xffff,0xffff,0xfffd,0xffda,0xffb9,
    0xffb9,0xffb9,0xffdb,0xffff,0xffff,0xffff,0xffff,0xffff,0xffff,0xffff,0xffff,0xffff,
    0xffff,0xffff,0xffff,0xffff,0xffff,0xffff,0xffff,0xffff,0xffff,0xff95,0xff2e,0xff2e,
    0xfb73,0xffdc,0xffff,0xffff,0xffff,0xffff,0xffff,0xffff,0xffff,0xffff,0xffff,0xffff,
    0xffff,0xffff,0xffff,0xffff,0xffff,0xffff,0xffff,0xffff,0xffff,0xffff,0xffff,0xffff,
    0xffff,0xffff,0xffff,0xffff,0xffff,0xffff,0xffff,0xffff,0xffff,0xffff,0xffff,0xffff,
    0xffff,0xffff,0xffff,0xffff,0xffff,0xffff,0xffff,0xffff,0xffff,0xffff,0xffff,0xffff,
    0xffff,0xffff,0xffff,0xffff,0xffff,0xffff,0xffff,0xffff,0xffff,0xffff,0xffff,0xffff,
    0xffff,0xffff,0xffff,0xffff,0xffff,0xffff,0xffdb,0xff95,0xff95,0xffb6,0xffdc,0xffff,
    0xffff,0xffff,0xffff,0xffff,0xfffd,0xffb7,0xff95,0xff95,0xff95,0xff95,0xff95,0xff95,
    0xff95,0xff95,0xff95,0xff95,0xff95,0xff95,0xff95,0xff95,0xff95,0xff95,0xff95,0xff95,
    0xff95,0xffdb,0xffff,0xffff,0xffff,0xffff,0xffff,0xffff,0xffff,0xffff,0xffff,0xffff,
    0xffff,0xffff,0xffff,0xffff,0xffff,0xffff,0xffff,0xffff,0xffff,0xffff,0xffff,0xffff,
    0xffff,0xffff,0xffff,0xffff,0xffff,0xffff,0xffff,0xffff,0xffff,0xffff,0xffff,0xffff,
    0xffff,0xffff,0xffff,0xffff,0xffff,0xffff,0xfffe,0xffb6,0xffb7,0xffb6,0xffb6,0xffb6,
    0xffb6,0xffb6,0xffb6,0xffb6,0xffb6,0xffb6,0xffb6,0xffb6,0xffb6,0xffb6,0xffb7,0xffda,
    0xfffe,0xffff,0xffff,0xffda,0xffb6,0xffb7,0xfffd,0xffff,0xffff,0xffff,0xffff,0xffff,
    0xffff,0xffff,0xffff,0xffff,0xffff,0xffff,0xffff,0xffff,0xffff,0xffff,0xffff,0xffff,
    0xffff,0xffff,0xffff,0xffff,0xffff,0xffff,0xffff,0xffff,0xffff,0xffff,0xffff,0xffff,
    0xffff,0xffff,0xffff,0xffff,0xffff,0xffff,0xffff,0xffff,0xffff,0xffff,0xffff,0xffff,
    0xffff,0xffff,0xffff,0xffff,0xffff,0xffff,0xffff,0xffff,0xffff,0xffff,0xffff,0xffff,
    0xffff,0xffff,0xffff,0xffff,0xffff,0xffff,0xffff,0xffff,0xffff,0xffff,0xffff,0xffff,
    0xffff,0xffff,0xfffd,0xffda,0xffb9,0xffda,0xffff,0xffff,0xffff,0xffff,0xffff,0xffff,
    0xffff,0xffff,0xffff,0xffff,0xffff,0xffff,0xffff,0xffff,0xffff,0xffff,0xffff,0xffdb,
    0xfee9,0xfee9,0xfee9,0xfee9,0xfee9,0xfee9,0xffb6,0xffff,0xffff,0xffff,0xffff,0xffff,
    0xffff,0xffff,0xffff,0xffff,0xffff,0xffff,0xffff,0xffff,0xffff,0xffff,0xffff,0xffff,
    0xffff,0xffff,0xffff,0xffff,0xffff,0xffff,0xffff,0xffff,0xffff,0xffff,0xffff,0xffff,
    0xffff,0xffff,0xffff,0xffff,0xffff,0xffff,0xffff,0xffff,0xffff,0xffff,0xffff,0xffff,
    0xffff,0xffff,0xffff,0xffff,0xffff,0xffff,0xffff,0xffff,0xffff,0xffff,0xffff,0xffff,
    0xffff,0xffff,0xffff,0xffff,0xffff,0xffff,0xffff,0xffff,0xffff,0xffdc,0xffb6,0xff95,
    0xffb6,0xffdb,0xffff,0xffff,0xffff,0xffff,0xffff,0xffff,0xffff,0xfffe,0xffb9,0xff95,
    0xff95,0xff95,0xff95,0xff95,0xff95,0xff95,0xff95,0xff95,0xff95,0xff95,0xff95,0xff95,
    0xff95,0xff95,0xff95,0xff95,0xff95,0xffb6,0xffb9,0xfffe,0xffff,0xffff,0xffff,0xffff,
    0xffff,0xffff,0xffff,0xffff,0xffff,0xffff,0xffff,0xffff,0xffff,0xffff,0xffff,0xffff,
    0xffff,0xffff,0xffff,0xffff,0xffff,0xffff,0xffff,0xffff,0xffff,0xffff,0xffff,0xffff,
    0xffff,0xffff,0xffff,0xffff,0xffff,0xffff,0xffff,0xffff,0xffff,0xffff,0xffb9,0xffb6,
    0xffb6,0xffb6,0xffb6,0xffb6,0xffb6,0xffb6,0xffb6,0xffb6,0xffb6,0xffb6,0xffb6,0xffb6,
    0xffb6,0xffb6,0xffb6,0xffb6,0xffb9,0xffdb,0xffdc,0xffb6,0xffb6,0xffdb,0xffff,0xffff,
    0xffff,0xffff,0xffff,0xffff,0xffff,0xffff,0xffff,0xffff,0xffff,0xffff,0xffff,0xffff,
    0xffff,0xffff,0xffff,0xffff,0xffff,0xffff,0xffff,0xffff,0xffff,0xffff,0xffff,0xffff,
    0xffff,0xffff,0xffff,0xffff,0xffff,0xffff,0xffff,0xffff,0xffff,0xffff,0xffdc,0xffdb,
    0xffb7,0xffb9,0xffdb,0xffff,0xffff,0xffff,0xffff,0xffff,0xffff,0xffff,0xffff,0xffff,
    0xffff,0xffff,0xffff,0xffff,0xffff,0xffff,0xffff,0xffff,0xffff,0xffff,0xffff,0xffff,
    0xffff,0xffff,0xffff,0xffff,0xffff,0xffff,0xffff,0xfffd,0xffdc,0xffff,0xffff,0xffff,
    0xffff,0xffff,0xffff,0xffff,0xffff,0xffff,0xffff,0xffff,0xffff,0xffff,0xffff,0xffff,
    0xffff,0xffff,0xffff,0xff2e,0xfee9,0xfee9,0xfee9,0xfee9,0xfee9,0xfee9,0xfee9,0xffdc,
    0xffff,0xffff,0xffff,0xffff,0xffff,0xffff,0xffff,0xffff,0xffff,0xffff,0xffff,0xffff,
    0xffff,0xffff,0xffff,0xffff,0xffff,0xffff,0xffff,0xffff,0xffff,0xffff,0xffff,0xffff,
    0xffff,0xffff,0xffff,0xffff,0xffff,0xffff,0xffff,0xffff,0xffff,0xffff,0xffff,0xffff,
    0xffff,0xffff,0xffff,0xffff,0xffff,0xffff,0xffff,0xffff,0xffff,0xffff,0xffff,0xffff,
    0xffff,0xffff,0xffff,0xffff,0xffff,0xffff,0xffff,0xffff,0xffff,0xffff,0xffff,0xffff,
    0xfffe,0xffb6,0xff96,0xff95,0xffb9,0xffff,0xffff,0xffff,0xffff,0xffff,0xffff,0xffff,
    0xffff,0xffff,0xffdb,0xffb6,0xff95,0xff95,0xff95,0xff95,0xff95,0xff95,0xff95,0xff95,
    0xff95,0xff95,0xff95,0xff95,0xff95,0xff95,0xff95,0xff95,0xff95,0xff95,0xff95,0xffb9,
    0xfffe,0xffff,0xffff,0xffff,0xffff,0xffff,0xffff,0xffff,0xffff,0xffff,0xffff,0xffff,
    0xffff,0xffff,0xffff,0xffff,0xffff,0xffff,0xffff,0xffff,0xffff,0xffff,0xffff,0xffff,
    0xffff,0xffff,0xffff,0xffff,0xffff,0xffff,0xffff,0xffff,0xffff,0xffff,0xffff,0xffff,
    0xffff,0xfffe,0xffb6,0xffb7,0xffb6,0xffb6,0xffb6,0xffb7,0xffb6,0xffb7,0xffb6,0xffb6,
    0xffb6,0xffb6,0xffb6,0xffb6,0xffb6,0xffb7,0xffb6,0xffb6,0xffb6,0xffb7,0xffb7,0xffb6,
    0xffb7,0xfffd,0xffff,0xffff,0xffff,0xffff,0xffff,0xffff,0xffff,0xffff,0xffff,0xffff,
    0xffff,0xffff,0xffff,0xffff,0xffff,0xffff,0xffff,0xffff,0xffff,0xffff,0xffff,0xffff,
    0xffff,0xffff,0xffff,0xffff,0xffff,0xffff,0xffff,0xffff,0xffff,0xffff,0xffff,0xffff,
    0xffff,0xffb9,0xffb7,0xffb7,0xffb9,0xffb9,0xffb7,0xffb9,0xffff,0xffff,0xffff,0xffff,
    0xffff,0xffff,0xffff,0xffff,0xffff,0xffff,0xffff,0xffff,0xffff,0xffff,0xffff,0xffff,
    0xffff,0xffff,0xffff,0xffff,0xffff,0xffff,0xffff,0xffff,0xffff,0xffff,0xffff,0xffff,
    0xffff,0xffff,0xffff,0xffff,0xffff,0xffff,0xffff,0xffff,0xffff,0xffff,0xffff,0xffff,
    0xffff,0xffff,0xffff,0xffff,0xffff,0xffff,0xffdb,0xfee9,0xfee9,0xfee9,0xfee9,0xfee9,
    0xfee9,0xfee9,0xfee9,0xff95,0xffff,0xffff,0xffff,0xffff,0xffff,0xffff,0xffff,0xffff,
    0xffff,0xffff,0xffff,0xffff,0xffff,0xffff,0xffff,0xffff,0xffff,0xffff,0xffff,0xffff,
    0xffff,0xffff,0xffff,0xffff,0xffff,0xffff,0xffff,0xffff,0xffff,0xffff,0xffff,0xffff,
    0xffff,0xffff,0xffff,0xffff,0xffff,0xffff,0xffff,0xffff,0xffff,0xffff,0xffff,0xffff,
    0xffff,0xffff,0xffff,0xffff,0xffff,0xffff,0xffff,0xffff,0xffff,0xffff,0xffff,0xffff,
    0xffff,0xffff,0xffff,0xffff,0xffda,0xff96,0xff95,0xffb6,0xfffe,0xffff,0xffff,0xffff,
    0xffff,0xffff,0xffff,0xffff,0xffff,0xfffd,0xffb7,0xff95,0xff95,0xff95,0xff95,0xff95,
    0xff95,0xff95,0xff95,0xff95,0xff95,0xff95,0xff95,0xff95,0xff95,0xff95,0xff95,0xff95,
    0xff95,0xff95,0xff95,0xff95,0xffb7,0xfffe,0xffff,0xffff,0xffff,0xffff,0xffff,0xffff,
    0xffff,0xffff,0xffff,0xffff,0xffff,0xffff,0xffff,0xffff,0xffff,0xffff,0xffff,0xffff,
    0xffff,0xffff,0xffff,0xffff,0xffff,0xffff,0xffff,0xffff,0xffff,0xffff,0xffff,0xffff,
    0xffff,0xffff,0xffff,0xffff,0xffff,0xffb7,0xffb6,0xffb6,0xffb6,0xffb6,0xffb6,0xffb6,
    0xffb6,0xffb6,0xffb6,0xffb7,0xffb6,0xffb6,0xffb7,0xffb6,0xffb7,0xffb6,0xffb6,0xffb6,
    0xffb7,0xffb6,0xffb6,0xffb7,0xffb7,0xffdc,0xffff,0xffff,0xffff,0xffff,0xffff,0xffff,
    0xffff,0xffff,0xffff,0xffff,0xffff,0xffff,0xffff,0xffff,0xffff,0xffff,0xffff,0xffff,
    0xffff,0xffff,0xffff,0xffff,0xffff,0xffff,0xffff,0xffff,0xffff,0xffff,0xffff,0xffff,
    0xffff,0xffff,0xffff,0xffff,0xffdb,0xffb7,0xffdb,0xfffd,0xffff,0xffff,0xffda,0xffb7,
    0xffdc,0xffff,0xffff,0xffff,0xffff,0xffff,0xffff,0xffff,0xffff,0xffff,0xffff,0xffff,
    0xffff,0xffff,0xffff,0xffff,0xffff,0xffff,0xffff,0xffff,0xffff,0xffff,0xffff,0xffff,
    0xffff,0xffff,0xffff,0xffff,0xffff,0xffff,0xffff,0xffff,0xffff,0xffff,0xffff,0xffff,
    0xffff,0xffff,0xffff,0xffff,0xffff,0xffff,0xffff,0xffff,0xffff,0xffff,0xffb6,0xfee9,
    0xfee9,0xfee9,0xfee9,0xfee9,0xfee9,0xfee9,0xfee9,0xff94,0xffff,0xffff,0xffff,0xffff,
    0xffff,0xffff,0xffff,0xffff,0xffff,0xffff,0xffff,0xffff,0xffff,0xffff,0xffff,0xffff,
    0xffff,0xffff,0xffff,0xffff,0xffff,0xffff,0xffff,0xffff,0xffff,0xffff,0xffff,0xffff,
    0xffff,0xffff,0xffff,0xffff,0xffff,0xffff,0xffff,0xffff,0xffff,0xffff,0xffff,0xffff,
    0xffff,0xffff,0xffff,0xffff,0xffff,0xffff,0xffff,0xffff,0xffff,0xffff,0xffff,0xffff,
    0xffff,0xffff,0xffff,0xffff,0xffff,0xffff,0xffff,0xffff,0xffb9,0xff95,0xff95,0xffb7,
    0xffff,0xffff,0xffff,0xffff,0xffff,0xffff,0xffff,0xffff,0xfffe,0xffb7,0xff95,0xff95,
    0xff95,0xff95,0xff95,0xff95,0xff95,0xff95,0xff95,0xff95,0xff95,0xff95,0xff95,0xff95,
    0xff95,0xff95,0xff95,0xff95,0xff95,0xff95,0xff95,0xff95,0xff95,0xffb7,0xffdc,0xffff,
    0xffff,0xffff,0xffff,0xffff,0xffff,0xffff,0xffff,0xffff,0xffff,0xffff,0xffff,0xffff,
    0xffff,0xffff,0xffff,0xffff,0xffff,0xffff,0xffff,0xffff,0xffff,0xffff,0xffff,0xffff,
    0xffff,0xffff,0xffff,0xffff,0xffff,0xffff,0xffff,0xffff,0xffdc,0xffb6,0xffb7,0xffb6,
    0xffb6,0xffb6,0xffb7,0xffb6,0xffb6,0xffb6,0xffb6,0xffb6,0xffb7,0xffb6,0xffb6,0xffb6,
    0xffb6,0xffb6,0xffb7,0xffb6,0xffb6,0xffb7,0xffb7,0xffb6,0xffb7,0xffb7,0xffda,0xfffe,
    0xffff,0xffff,0xffff,0xffff,0xffff,0xffff,0xffff,0xffff,0xffff,0xffff,0xffff,0xffff,
    0xffff,0xffff,0xffff,0xffff,0xffff,0xffff,0xffff,0xffff,0xffff,0xffff,0xffff,0xffff,
    0xffff,0xffff,0xffff,0xffff,0xffff,0xffff,0xffff,0xffff,0xffb7,0xffb9,0xffff,0xffff,
    0xffff,0xffff,0xffff,0xffb9,0xffdb,0xfffd,0xfffe,0xffdc,0xffdb,0xffda,0xfffe,0xffff,
    0xffff,0xffff,0xffff,0xffff,0xffff,0xffff,0xffff,0xffff,0xffff,0xffff,0xffff,0xffff,
    0xffff,0xffff,0xffff,0xffff,0xffff,0xffff,0xffff,0xffff,0xffff,0xffff,0xffff,0xffff,
    0xffff,0xffff,0xffff,0xffff,0xffff,0xffff,0xffff,0xffff,0xffff,0xffff,0xffff,0xffff,
    0xffff,0xffff,0xffb9,0xfee9,0xfee9,0xfee9,0xfee9,0xfee9,0xfee9,0xfee9,0xfee9,0xff94,
    0xffff,0xffff,0xffff,0xffff,0xffff,0xffff,0xffff,0xffff,0xffff,0xffff,0xffff,0xffff,
    0xffff,0xffff,0xffff,0xffff,0xffff,0xffff,0xffff,0xffff,0xffff,0xffff,0xffff,0xffff,
    0xffff,0xffff,0xffff,0xffff,0xffff,0xffff,0xffff,0xffff,0xffff,0xffff,0xffff,0xffff,
    0xffff,0xffff,0xffff,0xffff,0xffff,0xffff,0xffff,0xffff,0xffff,0xffff,0xffff,0xffff,
    0xffff,0xffff,0xffff,0xffff,0xffff,0xffff,0xffff,0xffff,0xffff,0xffff,0xffff,0xffff,
    0xffb9,0xff95,0xff95,0xffb7,0xffff,0xffff,0xffff,0xffff,0xffff,0xffff,0xffff,0xfffe,
    0xffb9,0xff95,0xff95,0xff95,0xff95,0xff95,0xff95,0xff95,0xff95,0xff95,0xff95,0xff95,
    0xff95,0xff95,0xff95,0xff95,0xff95,0xff95,0xff95,0xff95,0xff95,0xff95,0xff95,0xff95,
    0xff95,0xff95,0xffb7,0xffdc,0xffff,0xffff,0xffff,0xffff,0xffff,0xffff,0xffff,0xffff,
    0xffff,0xffff,0xffff,0xffff,0xffff,0xffff,0xffff,0xffff,0xffff,0xffff,0xffff,0xffff,
    0xffff,0xffff,0xffff,0xffff,0xffff,0xffff,0xffff,0xffff,0xffff,0xffff,0xffff,0xffff,
    0xffb7,0xffb6,0xffb6,0xffb6,0xffb6,0xffb7,0xffb6,0xffb6,0xffb7,0xffb6,0xffb7,0xffb6,
    0xffb6,0xffb6,0xffb6,0xffb7,0xffb6,0xffb6,0xffb6,0xffb6,0xffb6,0xffb6,0xffb6,0xffb6,
    0xffb6,0xffb6,0xffb6,0xffb7,0xffdb,0xfffe,0xffff,0xffff,0xffff,0xffff,0xffff,0xffff,
    0xffff,0xffff,0xffff,0xffff,0xffff,0xffff,0xffff,0xffff,0xffff,0xffff,0xffff,0xffff,
    0xffff,0xffff,0xffff,0xffff,0xffff,0xffff,0xffff,0xffff,0xffff,0xffff,0xffff,0xffff,
    0xffb7,0xffdb,0xffff,0xffff,0xffff,0xffff,0xffff,0xffb9,0xffb7,0xffda,0xffb9,0xffb7,
    0xffb7,0xffb7,0xffdb,0xffff,0xffff,0xffff,0xffff,0xffff,0xffff,0xffff,0xffff,0xffff,
    0xffff,0xffff,0xffff,0xffff,0xffff,0xffff,0xffff,0xffff,0xffff,0xffff,0xffff,0xffff,
    0xffff,0xffff,0xffff,0xffff,0xffff,0xffff,0xffff,0xffff,0xffff,0xffff,0xffff,0xffff,
    0xffff,0xffff,0xffff,0xffff,0xffff,0xffff,0xffff,0xfee9,0xfee9,0xfee9,0xfee9,0xfee9,
    0xfee9,0xfee9,0xfee9,0xffb7,0xffff,0xffff,0xffff,0xffff,0xffff,0xffff,0xffff,0xffff,
    0xffff,0xffff,0xffff,0xffff,0xffff,0xffff,0xffff,0xffff,0xffff,0xffff,0xffff,0xffff,
    0xffff,0xffff,0xffff,0xffff,0xffff,0xffff,0xffff,0xffff,0xffff,0xffff,0xffff,0xffff,
    0xffff,0xffff,0xffff,0xffff,0xffff,0xffff,0xffff,0xffff,0xffff,0xffff,0xffff,0xffff,
    0xffff,0xffff,0xffff,0xffff,0xffff,0xffff,0xffff,0xffff,0xffff,0xffff,0xffff,0xffff,
    0xffff,0xffff,0xffff,0xffff,0xffda,0xff95,0xff95,0xffb7,0xffdc,0xffff,0xffff,0xffff,
    0xffff,0xffff,0xffff,0xffb9,0xffb6,0xff95,0xff95,0xff95,0xff95,0xff95,0xff95,0xff95,
    0xff95,0xff95,0xff95,0xff95,0xff95,0xff95,0xff95,0xff95,0xff95,0xff95,0xff95,0xff95,
    0xff95,0xff95,0xff95,0xff95,0xff95,0xff95,0xff95,0xffb6,0xffdb,0xffff,0xffff,0xffff,
    0xffff,0xffff,0xffff,0xffff,0xffff,0xffff,0xffff,0xffff,0xffff,0xffff,0xffff,0xffff,
    0xffff,0xffff,0xffff,0xffff,0xffff,0xffff,0xffff,0xffff,0xffff,0xffff,0xffff,0xffff,
    0xffff,0xffff,0xffff,0xffdb,0xffb6,0xffb6,0xffb6,0xffb7,0xffb6,0xffb6,0xffb6,0xffb6,
    0xffb6,0xffb6,0xffb6,0xffb6,0xffb6,0xffb7,0xffb6,0xffb6,0xffb6,0xffb6,0xffb6,0xffb6,
    0xffb6,0xffb6,0xffb6,0xffb6,0xffb6,0xffb6,0xffb6,0xffb6,0xffb6,0xffb9,0xffdb,0xffff,
    0xffff,0xffff,0xffff,0xffff,0xffff,0xffff,0xffff,0xffff,0xffff,0xffff,0xffff,0xffff,
    0xffff,0xffff,0xffff,0xffff,0xffff,0xffff,0xffff,0xffff,0xffff,0xffff,0xffff,0xffff,
    0xffff,0xffff,0xffff,0xffff,0xffda,0xffb9,0xfffe,0xffff,0xfffe,0xffdc,0xffda,0xffb7,
    0xffb7,0xffb7,0xffb7,0xffb7,0xffb7,0xffb7,0xffda,0xffff,0xffff,0xffff,0xffff,0xffff,
    0xffff,0xffff,0xffff,0xffff,0xffff,0xffff,0xffff,0xffff,0xffff,0xffff,0xffff,0xffff,
    0xffff,0xffff,0xffff,0xffff,0xffff,0xffff,0xffff,0xffff,0xffff,0xffff,0xffff,0xffff,
    0xffff,0xffff,0xffff,0xffff,0xffff,0xffff,0xffff,0xffff,0xffff,0xffff,0xffff,0xff94,
    0xfee9,0xfee9,0xfee9,0xfee9,0xfee9,0xfee9,0xff2e,0xffff,0xffff,0xffff,0xffff,0xffff,
    0xffff,0xffff,0xffff,0xffff,0xffff,0xffff,0xffff,0xffff,0xffff,0xffff,0xffff,0xffff,
    0xffff,0xffff,0xffff,0xffff,0xffff,0xffff,0xffff,0xffff,0xffff,0xffff,0xffff,0xffff,
    0xffff,0xffff,0xffff,0xffff,0xffff,0xffff,0xffff,0xffff,0xffff,0xffff,0xffff,0xffff,
    0xffff,0xffff,0xffff,0xffff,0xffff,0xffff,0xffff,0xffff,0xffff,0xffff,0xffff,0xffff,
    0xffff,0xffff,0xffff,0xffff,0xffff,0xffff,0xffff,0xffff,0xffdc,0xffb6,0xff95,0xff95,
    0xffb7,0xffdc,0xffff,0xffff,0xffff,0xffff,0xffdb,0xffb6,0xff95,0xff95,0xff95,0xff95,
    0xff95,0xff95,0xff95,0xff95,0xff95,0xff95,0xff95,0xff95,0xff95,0xff95,0xff95,0xff95,
    0xff95,0xff95,0xff95,0xff95,0xff95,0xff95,0xff95,0xff95,0xff95,0xff95,0xff95,0xff96,
    0xff95,0xffdb,0xffff,0xffff,0xffff,0xffff,0xffff,0xffff,0xffff,0xffff,0xffff,0xffff,
    0xffff,0xffff,0xffff,0xffff,0xffff,0xffff,0xffff,0xffff,0xffff,0xffff,0xffff,0xffff,
    0xffff,0xffff,0xffff,0xffff,0xffff,0xffff,0xffff,0xffb6,0xffb7,0xffb6,0xffb6,0xffb6,
    0xffb6,0xffb6,0xffb6,0xffb7,0xffb6,0xffb6,0xffb6,0xffb6,0xffb6,0xffb6,0xffb6,0xffb6,
    0xffb6,0xffb6,0xffb6,0xffb7,0xffb6,0xffb6,0xffb6,0xffb6,0xffb6,0xffb6,0xffb7,0xffb6,
    0xffb6,0xffb6,0xffb7,0xffff,0xffff,0xffff,0xffff,0xffff,0xffff,0xffff,0xffff,0xffff,
    0xffff,0xffff,0xffff,0xffff,0xffff,0xffff,0xffff,0xffff,0xffff,0xffff,0xffff,0xffff,
    0xffff,0xffff,0xffff,0xffff,0xffff,0xffff,0xffff,0xffff,0xffdb,0xffb7,0xffda,0xffda,
    0xffb9,0xffb7,0xffb7,0xffb7,0xffb7,0xffb7,0xffb7,0xffb7,0xffb7,0xffb7,0xffb9,0xfffe,
    0xffff,0xffff,0xffff,0xffff,0xffff,0xffff,0xffff,0xffff,0xffff,0xffff,0xffff,0xffff,
    0xffff,0xffff,0xffff,0xffff,0xffff,0xffff,0xffff,0xffff,0xffff,0xffff,0xffff,0xffff,
    0xffff,0xffff,0xffff,0xffff,0xffff,0xffff,0xffff,0xffff,0xffff,0xffff,0xffff,0xffff,
    0xffff,0xffff,0xffff,0xffff,0xff95,0xfee9,0xfee9,0xfee9,0xfee9,0xfb73,0xffff,0xffff,
    0xffff,0xffff,0xffff,0xffff,0xffff,0xffff,0xffff,0xffff,0xffff,0xffff,0xffff,0xffff,
    0xffff,0xffff,0xffff,0xffff,0xffff,0xffff,0xffff,0xffff,0xffff,0xffff,0xffff,0xffff,
    0xffff,0xffff,0xffff,0xffff,0xffff,0xffff,0xffff,0xffff,0xffff,0xffff,0xffff,0xffff,
    0xffff,0xffff,0xffff,0xffff,0xffff,0xffff,0xffff,0xffff,0xffb7,0xff94,0xff94,0xffb6,
    0xffff,0xffff,0xffff,0xffff,0xffff,0xffff,0xffff,0xffff,0xffff,0xffff,0xffff,0xffff,
    0xffff,0xffb9,0xff95,0xff95,0xff95,0xffb7,0xffdc,0xffff,0xffff,0xffdb,0xffb6,0xff95,
    0xff95,0xff95,0xff95,0xff95,0xff95,0xff95,0xff95,0xff95,0xff95,0xff95,0xff95,0xff95,
    0xff95,0xff95,0xff95,0xff95,0xff95,0xff95,0xff95,0xff95,0xff95,0xff95,0xff95,0xff95,
    0xff95,0xff95,0xff95,0xff95,0xff95,0xff95,0xffdb,0xffff,0xffff,0xffff,0xffff,0xffff,
    0xffff,0xffff,0xffff,0xffff,0xffff,0xffff,0xffff,0xffff,0xffff,0xffff,0xffff,0xffff,
    0xffff,0xffff,0xffff,0xffff,0xffff,0xffff,0xffff,0xffff,0xffff,0xffff,0xffdb,0xffb6,
    0xffb6,0xffb7,0xffb6,0xffb6,0xffb6,0xffb6,0xffb6,0xffb6,0xffb6,0xffb6,0xffb6,0xffb6,
    0xffb6,0xffb6,0xffb6,0xffb7,0xffb6,0xffb7,0xffb6,0xffb6,0xffb7,0xffb6,0xffb6,0xffb7,
    0xffb6,0xffb6,0xffb6,0xffb6,0xffb7,0xffb6,0xffdb,0xffff,0xffff,0xffff,0xffff,0xffff,
    0xffff,0xffff,0xffff,0xffff,0xffff,0xffff,0xffff,0xffff,0xffff,0xffff,0xffff,0xffff,
    0xffff,0xffff,0xffff,0xffff,0xffff,0xffff,0xffff,0xffff,0xffff,0xffff,0xfffe,0xffdc,
    0xffda,0xffb7,0xffb7,0xffb7,0xffb7,0xffb7,0xffb7,0xffb7,0xffb7,0xffb7,0xffb7,0xffb7,
    0xffb7,0xffb7,0xffb7,0xffdb,0xffff,0xffff,0xffff,0xffff,0xffff,0xffff,0xffff,0xffff,
    0xffff,0xffff,0xffff,0xffff,0xffff,0xffff,0xffff,0xffff,0xffff,0xffff,0xffff,0xffff,
    0xffff,0xffff,0xffff,0xffff,0xffff,0xffff,0xffff,0xffff,0xffff,0xffff,0xffff,0xffff,
    0xffff,0xffff,0xffff,0xffff,0xffff,0xffff,0xffff,0xffff,0xffff,0xffff,0xffb9,0xffb9,
    0xffff,0xffff,0xffff,0xffff,0xffff,0xffff,0xffff,0xffff,0xffff,0xffff,0xffff,0xffff,
    0xffff,0xffff,0xffff,0xffff,0xffff,0xffff,0xffff,0xffff,0xffff,0xffff,0xffff,0xffff,
    0xffff,0xffff,0xffff,0xffff,0xffff,0xffff,0xffff,0xffff,0xffff,0xffff,0xffff,0xffff,
    0xffff,0xffff,0xffff,0xffff,0xffff,0xffff,0xffff,0xffff,0xffff,0xffff,0xffb7,0xff2e,
    0xfee9,0xfee9,0xfee9,0xfee9,0xfee9,0xff94,0xffff,0xffff,0xffff,0xffff,0xffff,0xffff,
    0xffff,0xffff,0xffff,0xffff,0xffff,0xfffd,0xffb7,0xff95,0xff95,0xff95,0xffb7,0xffdb,
    0xffdb,0xffb7,0xff95,0xff95,0xff95,0xff95,0xff95,0xff95,0xff95,0xff95,0xff95,0xff95,
    0xff95,0xff95,0xff95,0xff95,0xff95,0xff95,0xff95,0xff95,0xff95,0xff95,0xff95,0xff95,
    0xff95,0xff95,0xff95,0xff95,0xff95,0xff95,0xff95,0xff95,0xff95,0xff95,0xffb6,0xfffe,
    0xffff,0xffff,0xffff,0xffff,0xffff,0xffff,0xffff,0xffff,0xffff,0xffff,0xffff,0xffff,
    0xffff,0xffff,0xffff,0xffff,0xffff,0xffff,0xffff,0xffff,0xffff,0xffff,0xffff,0xffff,
    0xffff,0xfffe,0xffb6,0xffb7,0xffb6,0xffb6,0xffb6,0xffb7,0xffb6,0xffb7,0xffb6,0xffb6,
    0xffb6,0xffb7,0xffb6,0xffb7,0xffb6,0xffb6,0xffb6,0xffb6,0xffb6,0xffb6,0xffb6,0xffb6,
    0xffb6,0xffb6,0xffb7,0xffb6,0xffb6,0xffb7,0xffb6,0xffb6,0xffb6,0xffb7,0xffff,0xffff,
    0xffff,0xffff,0xffff,0xffff,0xffff,0xffff,0xffff,0xffff,0xffff,0xffff,0xffff,0xffff,
    0xffff,0xffff,0xffff,0xffff,0xffff,0xffff,0xffff,0xffff,0xffff,0xffff,0xffff,0xffff,
    0xffdc,0xffda,0xffb9,0xffb7,0xffb7,0xffb7,0xffb7,0xffb7,0xffb7,0xffb7,0xffb7,0xffb7,
    0xffb7,0xffb7,0xffb7,0xffb7,0xffb7,0xffb7,0xffb7,0xffda,0xffff,0xffff,0xffff,0xffff,
    0xffff,0xffff,0xffff,0xffff,0xffff,0xffff,0xffff,0xffff,0xffff,0xffff,0xffff,0xffff,
    0xffff,0xffff,0xffff,0xffff,0xffff,0xffff,0xffff,0xffff,0xffff,0xffff,0xffff,0xffff,
    0xffff,0xffff,0xffff,0xffff,0xffff,0xffff,0xffff,0xffff,0xffff,0xffff,0xffff,0xffff,
    0xffff,0xffff,0xffff,0xffff,0xffff,0xffff,0xffff,0xffff,0xffff,0xffff,0xffff,0xffff,
    0xffff,0xffff,0xffff,0xffff,0xffff,0xffff,0xffff,0xffff,0xffff,0xffff,0xffff,0xffff,
    0xffff,0xffff,0xffff,0xffff,0xffff,0xffff,0xffff,0xffff,0xffff,0xffff,0xffff,0xffff,
    0xffff,0xffff,0xffff,0xffff,0xffff,0xffff,0xffff,0xffff,0xffff,0xffff,0xffff,0xffff,
    0xffff,0xffb7,0xfee9,0xfee9,0xfee9,0xfee9,0xfee9,0xfee9,0xfee9,0xfee9,0xfb73,0xffff,
    0xffff,0xffff,0xffff,0xffff,0xffff,0xffff,0xffff,0xffff,0xffff,0xffff,0xfffd,0xffb7,
    0xff95,0xff95,0xff95,0xffb6,0xffb6,0xff95,0xff95,0xff95,0xff95,0xff95,0xff95,0xff95,
    0xff95,0xff95,0xff95,0xff95,0xff95,0xff95,0xff95,0xff95,0xff95,0xff95,0xff95,0xff95,
    0xff95,0xff95,0xff95,0xff95,0xff95,0xff95,0xff95,0xff95,0xff95,0xff95,0xff95,0xff95,
    0xff95,0xff95,0xffb6,0xffdc,0xffff,0xffff,0xffff,0xffff,0xffff,0xffff,0xffff,0xffff,
    0xffff,0xffff,0xffff,0xffff,0xffff,0xffff,0xffff,0xffff,0xffff,0xffff,0xffff,0xffff,
    0xffff,0xffff,0xffff,0xffff,0xffff,0xffdb,0xffb6,0xffb6,0xffb6,0xffb6,0xffb6,0xffb6,
    0xffb6,0xffb6,0xffb6,0xffb7,0xffb6,0xffb6,0xffb6,0xffb6,0xffb6,0xffb7,0xffb6,0xffb6,
    0xffb6,0xffb6,0xffb7,0xffb6,0xffb6,0xffb6,0xffb6,0xffb6,0xffb6,0xffb6,0xffb6,0xffb7,
    0xffb6,0xfffe,0xffff,0xffff,0xffff,0xffff,0xffff,0xffff,0xffff,0xffff,0xffff,0xffff,
    0xffff,0xffff,0xffff,0xffff,0xffff,0xffff,0xffff,0xffff,0xffff,0xffff,0xffff,0xffff,
    0xffff,0xffff,0xffff,0xfffe,0xffb9,0xffb7,0xffb7,0xffb7,0xffb7,0xffb7,0xffb7,0xffb7,
    0xffb7,0xffb7,0xffb7,0xffb7,0xffb7,0xffb7,0xffb7,0xffb7,0xffb7,0xffb7,0xffb7,0xffb9,
    0xfffe,0xffff,0xffff,0xffff,0xffff,0xffff,0xffff,0xffff,0xffff,0xffff,0xffff,0xffff,
    0xffff,0xffff,0xffff,0xffff,0xffff,0xffff,0xffff,0xffff,0xffff,0xffff,0xffff,0xffff,
    0xffff,0xffff,0xffff,0xffff,0xffff,0xffff,0xffff,0xffff,0xffff,0xffff,0xffff,0xffff,
    0xffff,0xffff,0xffff,0xffff,0xffff,0xffff,0xffff,0xffff,0xffff,0xffff,0xffff,0xffff,
    0xffff,0xffff,0xffff,0xffff,0xffff,0xffff,0xffff,0xffff,0xffff,0xffff,0xffff,0xffff,
    0xffff,0xffff,0xffff,0xffff,0xffff,0xffff,0xffff,0xffff,0xffff,0xffff,0xffff,0xffff,
    0xffff,0xffff,0xffff,0xffff,0xffff,0xffff,0xffff,0xffff,0xffff,0xffff,0xffff,0xffff,
    0xffff,0xffff,0xffff,0xffff,0xffff,0xfee9,0xfee9,0xfee9,0xfee9,0xfee9,0xfee9,0xfee9,
    0xfee9,0xfee9,0xfee9,0xffb9,0xffff,0xffff,0xffff,0xffff,0xffff,0xffff,0xffff,0xffff,
    0xffff,0xffff,0xffff,0xfffd,0xffb9,0xff95,0xff95,0xff96,0xff96,0xff95,0xff95,0xff95,
    0xff95,0xff95,0xff95,0xff95,0xff95,0xff95,0xff95,0xff95,0xff95,0xff95,0xff95,0xff95,
    0xff95,0xff95,0xff95,0xff95,0xff95,0xff95,0xff95,0xff95,0xff95,0xff95,0xff95,0xff95,
    0xff95,0xff95,0xff95,0xff95,0xff95,0xff95,0xffb7,0xfffd,0xffff,0xffff,0xffff,0xffff,
    0xffff,0xffff,0xffff,0xffff,0xffff,0xffff,0xffff,0xffff,0xffff,0xffff,0xffff,0xffff,
    0xffff,0xffff,0xffff,0xffff,0xffff,0xffff,0xffff,0xffff,0xffff,0xfffd,0xffb7,0xffb6,
    0xffb6,0xffb6,0xffb6,0xffb6,0xffb7,0xffb6,0xffb6,0xffb6,0xffb6,0xffb7,0xffb6,0xffb7,
    0xffb6,0xffb6,0xffb6,0xffb7,0xffb6,0xffb7,0xffb6,0xffb6,0xffb6,0xffb6,0xffb6,0xffb6,
    0xffb6,0xffb6,0xffb6,0xffb6,0xffb9,0xffff,0xffff,0xffff,0xffff,0xffff,0xffff,0xffff,
    0xffff,0xffff,0xffff,0xffff,0xffff,0xffff,0xffff,0xffff,0xffff,0xffff,0xffff,0xffff,
    0xffff,0xffff,0xffff,0xffff,0xffff,0xffff,0xffff,0xfffe,0xffdb,0xffb7,0xffb7,0xffb7,
    0xffb7,0xffb7,0xffb7,0xffb7,0xffb7,0xffb7,0xffb7,0xffb7,0xffb7,0xffb7,0xffb7,0xffb7,
    0xffb7,0xffb7,0xffb7,0xffb7,0xffdb,0xffff,0xffff,0xffff,0xffff,0xffff,0xffff,0xffff,
    0xffff,0xffff,0xffff,0xffff,0xffff,0xffff,0xffff,0xffff,0xffff,0xffff,0xffff,0xffff,
    0xffff,0xffff,0xffff,0xffff,0xffff,0xffff,0xffff,0xffff,0xffff,0xffff,0xffff,0xffff,
    0xffff,0xffff,0xffff,0xffff,0xffff,0xffff,0xffff,0xffff,0xffff,0xffff,0xffff,0xffff,
    0xffff,0xffff,0xffff,0xffff,0xffff,0xffff,0xffff,0xffff,0xffff,0xffff,0xffff,0xffff,
    0xffff,0xffff,0xffff,0xffff,0xffff,0xffff,0xffff,0xffff,0xffff,0xffff,0xffff,0xffff,
    0xffff,0xffff,0xffff,0xffff,0xffff,0xffff,0xffff,0xffff,0xffff,0xffff,0xffff,0xffff,
    0xffff,0xffff,0xffff,0xffff,0xffff,0xffff,0xffff,0xffff,0xffb6,0xfee9,0xfee9,0xfee9,
    0xfee9,0xfee9,0xfee9,0xfee9,0xfee9,0xfee9,0xfee9,0xff90,0xffff,0xffff,0xffff,0xffff,
    0xffff,0xffff,0xffff,0xffff,0xffff,0xffff,0xffff,0xffff,0xffff,0xffb9,0xff95,0xff95,
    0xff95,0xff95,0xff95,0xff95,0xff95,0xff95,0xff95,0xff95,0xff95,0xff95,0xff95,0xff95,
    0xff95,0xff95,0xff95,0xff95,0xff95,0xff95,0xff95,0xff95,0xff95,0xff95,0xff95,0xff95,
    0xff95,0xff95,0xff95,0xff95,0xff95,0xff95,0xff95,0xff95,0xff95,0xffb6,0xffda,0xfffe,
    0xffff,0xffff,0xffff,0xffff,0xffff,0xffff,0xffff,0xffff,0xffff,0xffff,0xffff,0xffff,
    0xffff,0xffff,0xffff,0xffff,0xffff,0xffff,0xffff,0xffff,0xffff,0xffff,0xffff,0xffff,
    0xffff,0xffff,0xfffe,0xffdb,0xffb7,0xffb6,0xffb6,0xffb6,0xffb6,0xffb7,0xffb6,0xffb6,
    0xffb6,0xffb6,0xffb6,0xffb6,0xffb6,0xffb7,0xffb6,0xffb6,0xffb6,0xffb6,0xffb6,0xffb6,
    0xffb7,0xffb6,0xffb6,0xffb7,0xffb6,0xffb7,0xffb6,0xffb6,0xfffd,0xffff,0xffff,0xffff,
    0xffff,0xffff,0xffff,0xffff,0xffff,0xffff,0xffff,0xffff,0xffff,0xffff,0xffff,0xffff,
    0xffff,0xffff,0xffff,0xffff,0xffff,0xffff,0xffff,0xffff,0xffff,0xffff,0xffff,0xffff,
    0xffdb,0xffb7,0xffb7,0xffb7,0xffb7,0xffb7,0xffb7,0xffb7,0xffb7,0xffb7,0xffb7,0xffb7,
    0xffb7,0xffb7,0xffb7,0xffb7,0xffb7,0xffb7,0xffb7,0xffb7,0xffda,0xffff,0xffff,0xffff,
    0xffff,0xffff,0xffff,0xffff,0xffff,0xffff,0xffff,0xffff,0xffff,0xffff,0xffff,0xffff,
    0xffff,0xffff,0xffff,0xffff,0xffff,0xffff,0xffff,0xffff,0xffff,0xffff,0xffff,0xffff,
    0xffff,0xffff,0xffff,0xffff,0xffff,0xffff,0xffff,0xffff,0xffff,0xffff,0xffff,0xffff,
    0xffff,0xffff,0xffff,0xffff,0xffff,0xffff,0xffff,0xffff,0xffff,0xffff,0xffff,0xffff,
    0xffff,0xffff,0xffff,0xffff,0xffff,0xffff,0xffff,0xffff,0xffff,0xffff,0xffff,0xffff,
    0xffff,0xffff,0xffff,0xffff,0xffff,0xffff,0xffff,0xffff,0xffff,0xffff,0xffff,0xffff,
    0xffff,0xffff,0xffff,0xffff,0xffff,0xffff,0xffff,0xffff,0xffff,0xffff,0xffff,0xffff,
    0xff94,0xfee9,0xfee9,0xfee9,0xfee9,0xfee9,0xfee9,0xfee9,0xfee9,0xfee9,0xfee9,0xff2e,
    0xffff,0xffff,0xffff,0xffff,0xffff,0xffff,0xffff,0xffff,0xffff,0xffff,0xffff,0xffff,
    0xfffd,0xffb7,0xff95,0xff95,0xff95,0xff95,0xff95,0xff95,0xff95,0xff95,0xff95,0xff95,
    0xff95,0xff95,0xff95,0xff95,0xff95,0xff95,0xff95,0xff95,0xff95,0xff95,0xff95,0xff95,
    0xff95,0xff95,0xff95,0xff95,0xff95,0xff95,0xff95,0xff95,0xff95,0xff95,0xff95,0xff95,
    0xff95,0xffb9,0xfffe,0xffff,0xffff,0xffff,0xffff,0xffff,0xffff,0xffff,0xffff,0xffff,
    0xffff,0xffff,0xffff,0xffff,0xffff,0xffff,0xffff,0xffff,0xffff,0xffff,0xffff,0xffff,
    0xffff,0xffff,0xffff,0xffff,0xffff,0xffff,0xffff,0xffff,0xfffe,0xffb9,0xffb7,0xffb7,
    0xffb6,0xffb6,0xffb6,0xffb7,0xffb6,0xffb6,0xffb6,0xffb6,0xffb6,0xffb6,0xffb6,0xffb6,
    0xffb6,0xffb6,0xffb6,0xffb6,0xffb6,0xffb6,0xffb7,0xffb6,0xffb6,0xffb6,0xffb6,0xffdb,
    0xffff,0xffff,0xffff,0xffff,0xffff,0xffff,0xffff,0xffff,0xffff,0xffff,0xffff,0xffff,
    0xffff,0xffff,0xffff,0xffff,0xffff,0xffff,0xffff,0xffff,0xffff,0xffff,0xffff,0xffff,
    0xffff,0xffff,0xffff,0xffff,0xfffd,0xffb9,0xffb7,0xffb7,0xffb7,0xffb7,0xffb7,0xffb7,
    0xffb7,0xffb7,0xffb7,0xffb7,0xffb7,0xffb7,0xffb7,0xffb7,0xffb7,0xffb7,0xffb7,0xffb7,
    0xffb9,0xfffe,0xffff,0xffff,0xffff,0xffff,0xffff,0xffff,0xffff,0xffff,0xffff,0xffff,
    0xffff,0xffff,0xffff,0xffff,0xffff,0xffff,0xffff,0xffff,0xffff,0xffff,0xffff,0xffff,
    0xffff,0xffff,0xffff,0xffff,0xffff,0xffff,0xffff,0xffff,0xffff,0xffff,0xffff,0xffff,
    0xffff,0xffff,0xffff,0xffff,0xffff,0xffff,0xffff,0xffff,0xffff,0xffff,0xffff,0xffff,
    0xffff,0xffff,0xffff,0xffff,0xffff,0xffff,0xffff,0xffff,0xffff,0xffff,0xffff,0xffff,
    0xffff,0xffff,0xffff,0xffff,0xffff,0xffff,0xffff,0xffff,0xffff,0xffff,0xffff,0xffff,
    0xffff,0xffff,0xffff,0xffff,0xffff,0xffff,0xffff,0xffff,0xffff,0xffff,0xffff,0xffff,
    0xffff,0xffff,0xffff,0xffff,0xff94,0xfee9,0xfee9,0xfee9,0xfee9,0xfee9,0xfee9,0xfee9,
    0xfee9,0xfee9,0xfee9,0xff2e,0xffff,0xffff,0xffff,0xffff,0xffff,0xffff,0xffff,0xffff,
    0xffff,0xffff,0xffff,0xfffe,0xffb9,0xff95,0xff95,0xff95,0xff95,0xff95,0xff95,0xff95,
    0xff95,0xff95,0xff95,0xff95,0xff95,0xff95,0xff95,0xff95,0xff95,0xff95,0xff95,0xff95,
    0xff95,0xff95,0xff95,0xff95,0xff95,0xff95,0xff95,0xff95,0xff95,0xff95,0xff95,0xff95,
    0xff95,0xff95,0xff95,0xff95,0xffb9,0xffff,0xffff,0xffff,0xffff,0xffff,0xffff,0xffff,
    0xffff,0xffff,0xffff,0xffff,0xffff,0xffff,0xffff,0xffff,0xffff,0xffff,0xffff,0xffff,
    0xffff,0xffff,0xffff,0xffff,0xffff,0xffff,0xffff,0xffff,0xffff,0xffff,0xffff,0xffff,
    0xffff,0xffff,0xfffd,0xffda,0xffb6,0xffb6,0xffb6,0xffb6,0xffb6,0xffb7,0xffb6,0xffb7,
    0xffb6,0xffb6,0xffb6,0xffb7,0xffb6,0xffb6,0xffb7,0xffb6,0xffb7,0xffb6,0xffb6,0xffb6,
    0xffb7,0xffb6,0xffb6,0xffff,0xffff,0xffff,0xffff,0xffff,0xffff,0xffff,0xffff,0xffff,
    0xffff,0xffff,0xffff,0xffff,0xffff,0xffff,0xffff,0xffff,0xffff,0xffff,0xffff,0xffff,
    0xffff,0xffff,0xffff,0xffff,0xffff,0xffff,0xffff,0xffff,0xffff,0xffda,0xffb7,0xffb7,
    0xffb7,0xffb7,0xffb7,0xffb7,0xffb7,0xffb7,0xffb7,0xffb7,0xffb7,0xffb7,0xffb7,0xffb7,
    0xffb7,0xffb7,0xffb7,0xffb7,0xffb7,0xffdb,0xffff,0xffff,0xffff,0xffff,0xffff,0xffff,
    0xffff,0xffff,0xffff,0xffff,0xffff,0xffff,0xffff,0xffff,0xffff,0xffff,0xffff,0xffff,
    0xffff,0xffff,0xffff,0xffff,0xffff,0xffff,0xffff,0xffff,0xffff,0xffff,0xffff,0xffff,
    0xffff,0xffff,0xffff,0xffff,0xffff,0xffff,0xffff,0xffff,0xffff,0xffff,0xffff,0xffff,
    0xffff,0xffff,0xffff,0xffff,0xffff,0xffff,0xffff,0xffff,0xffff,0xffff,0xffff,0xffff,
    0xffff,0xffff,0xffff,0xffff,0xffff,0xffff,0xffff,0xffff,0xffff,0xffff,0xffff,0xffff,
    0xffff,0xffff,0xffff,0xffff,0xffff,0xffff,0xffff,0xffff,0xffff,0xffff,0xffff,0xffff,
    0xffff,0xffff,0xffff,0xffff,0xffff,0xffff,0xffff,0xffff,0xff94,0xfee9,0xfee9,0xfee9,
    0xfee9,0xfee9,0xfee9,0xfee9,0xfee9,0xfee9,0xfee9,0xff2e,0xffff,0xffff,0xffff,0xffff,
    0xffff,0xffff,0xffff,0xffff,0xffff,0xffff,0xfffe,0xffb9,0xff95,0xff95,0xff95,0xff95,
    0xff95,0xff95,0xff95,0xff95,0xff95,0xff95,0xff95,0xff95,0xff95,0xff95,0xff95,0xff95,
    0xff95,0xff95,0xff95,0xff95,0xff95,0xff95,0xff95,0xff95,0xff95,0xff95,0xff95,0xff95,
    0xff95,0xff95,0xff95,0xff95,0xff95,0xff95,0xff95,0xffb9,0xfffd,0xffff,0xffff,0xffff,
    0xffff,0xffff,0xffff,0xffff,0xffff,0xffff,0xffff,0xffff,0xffff,0xffff,0xffff,0xffff,
    0xffff,0xffff,0xffff,0xffff,0xffff,0xffff,0xffff,0xffff,0xffff,0xffff,0xffff,0xffff,
    0xffff,0xffff,0xffff,0xffff,0xffff,0xffff,0xffff,0xffff,0xffdc,0xffb7,0xffb6,0xffb7,
    0xffb6,0xffb6,0xffb6,0xffb6,0xffb6,0xffb8,0xffb6,0xffb6,0xffb6,0xffb7,0xffb6,0xffb6,
    0xffb6,0xffb6,0xffb6,0xffb6,0xffb6,0xffb6,0xffdb,0xffff,0xffff,0xffff,0xffff,0xffff,
    0xffff,0xffff,0xffff,0xffff,0xffff,0xffff,0xffff,0xffff,0xffff,0xffff,0xffff,0xffff,
    0xffff,0xffff,0xffff,0xffff,0xffff,0xffff,0xffff,0xffff,0xffff,0xffff,0xffff,0xffff,
    0xffff,0xffdb,0xffb7,0xffb7,0xffb7,0xffb7,0xffb7,0xffb7,0xffb7,0xffb7,0xffb7,0xffb7,
    0xffb7,0xffb7,0xffb7,0xffb7,0xffb7,0xffb7,0xffb7,0xffb7,0xffb7,0xffda,0xffff,0xffff,
    0xffff,0xffff,0xffff,0xffff,0xffff,0xffff,0xffff,0xffff,0xffff,0xffff,0xffff,0xffff,
    0xffff,0xffff,0xffff,0xffff,0xffff,0xffff,0xffff,0xffff,0xffff,0xffff,0xffff,0xffff,
    0xffff,0xffff,0xffff,0xffff,0xffff,0xffff,0xffff,0xffff,0xffff,0xffff,0xffff,0xffff,
    0xffff,0xffff,0xffff,0xffff,0xffff,0xffff,0xffff,0xffff,0xffff,0xffff,0xffff,0xffff,
    0xffff,0xffff,0xffff,0xffff,0xffff,0xffff,0xffff,0xffff,0xffff,0xffff,0xffff,0xffff,
    0xffff,0xffff,0xffff,0xffff,0xffff,0xffff,0xfffe,0xfffd,0xffff,0xffff,0xffff,0xffff,
    0xffff,0xffff,0xffff,0xffff,0xffff,0xffff,0xffff,0xffff,0xffff,0xffff,0xffff,0xffff,
    0xffdb,0xfee9,0xfee9,0xfee9,0xfee9,0xfee9,0xfee9,0xfee9,0xfee9,0xfee9,0xfee9,0xff95,
    0xffff,0xffff,0xffff,0xffff,0xffff,0xffff,0xffff,0xffff,0xffff,0xffff,0xffda,0xff95,
    0xff95,0xff95,0xff95,0xff95,0xff95,0xff95,0xff95,0xff95,0xff95,0xff95,0xff95,0xff95,
    0xff95,0xff95,0xff95,0xff95,0xff95,0xff95,0xff95,0xff95,0xff95,0xff95,0xff95,0xff95,
    0xff95,0xff95,0xff95,0xff95,0xff95,0xff95,0xff95,0xff95,0xff95,0xff95,0xffb7,0xfffd,
    0xffff,0xffff,0xffff,0xffff,0xffff,0xffff,0xffff,0xffff,0xffff,0xffff,0xffff,0xffff,
    0xffff,0xffff,0xffff,0xffff,0xffff,0xffff,0xffff,0xff90,0xff2e,0xffb7,0xffff,0xffff,
    0xffff,0xffff,0xffff,0xffff,0xffff,0xffff,0xffff,0xffff,0xffff,0xffff,0xffff,0xffff,
    0xffff,0xffff,0xffdb,0xffb7,0xffb6,0xffb6,0xffb6,0xffb7,0xffb6,0xffb6,0xffb6,0xffb6,
    0xffb6,0xffb6,0xffb6,0xffb6,0xffb6,0xffb6,0xffb7,0xffb6,0xffb6,0xffb7,0xfffe,0xffff,
    0xffff,0xffff,0xffff,0xffff,0xffff,0xffff,0xffff,0xffff,0xffff,0xffff,0xffff,0xffff,
    0xffff,0xffff,0xffff,0xffff,0xffff,0xffff,0xffff,0xffff,0xffff,0xffff,0xffff,0xffff,
    0xffff,0xffff,0xffff,0xffff,0xffff,0xfffd,0xffb9,0xffb7,0xffb7,0xffb7,0xffb7,0xffb7,
    0xffb7,0xffb7,0xffb7,0xffb7,0xffb7,0xffb7,0xffb7,0xffb7,0xffb7,0xffb7,0xffb7,0xffb7,
    0xffb7,0xffdc,0xffff,0xffff,0xffff,0xffff,0xffff,0xffff,0xffff,0xffff,0xffff,0xffff,
    0xffff,0xffff,0xffff,0xffff,0xffff,0xffff,0xffff,0xffff,0xffff,0xffff,0xffff,0xffff,
    0xffff,0xffff,0xffff,0xffff,0xffff,0xffff,0xffff,0xffff,0xffff,0xffff,0xffff,0xffff,
    0xffff,0xffff,0xffff,0xffff,0xffff,0xffff,0xffff,0xffff,0xffff,0xffff,0xffff,0xffff,
    0xffff,0xffff,0xffff,0xffff,0xffff,0xffff,0xffff,0xffff,0xffff,0xffff,0xffff,0xffff,
    0xffff,0xffff,0xffff,0xffff,0xffff,0xffff,0xffff,0xffff,0xffdc,0xffb7,0xffb7,0xffb7,
    0xffb9,0xffff,0xffff,0xffff,0xffff,0xffff,0xffff,0xffff,0xffff,0xffff,0xffff,0xffff,
    0xffff,0xffff,0xffff,0xffff,0xffff,0xff8e,0xfee9,0xfee9,0xfee9,0xfee9,0xfee9,0xfee9,
    0xfee9,0xfee9,0xff2e,0xffff,0xffff,0xffff,0xffff,0xffff,0xffff,0xffff,0xffff,0xffff,
    0xffff,0xffdb,0xffb6,0xff95,0xff95,0xff95,0xff95,0xff95,0xff95,0xff95,0xff95,0xff95,
    0xff95,0xff95,0xff95,0xff95,0xff95,0xff95,0xff95,0xff95,0xff95,0xff95,0xff95,0xff95,
    0xff95,0xff95,0xff95,0xff95,0xff95,0xff95,0xff95,0xff95,0xff95,0xff95,0xff95,0xff95,
    0xff95,0xffb7,0xfffe,0xffff,0xffff,0xffff,0xffff,0xffff,0xffff,0xffff,0xffff,0xffff,
    0xffff,0xffff,0xffff,0xffff,0xffff,0xffff,0xffff,0xffff,0xffff,0xffff,0xff8e,0xfee9,
    0xfee9,0xfee9,0xffdb,0xffff,0xffff,0xffff,0xffff,0xffff,0xffff,0xffff,0xffff,0xffff,
    0xffff,0xffff,0xffff,0xffff,0xffff,0xffff,0xffff,0xfffe,0xffdb,0xffb7,0xffb6,0xffb6,
    0xffb6,0xffb6,0xffb6,0xffb7,0xffb6,0xffb6,0xffb6,0xffb6,0xffb7,0xffb6,0xffb6,0xffb6,
    0xffb6,0xffdc,0xffff,0xffff,0xffff,0xffff,0xffff,0xffff,0xffff,0xffff,0xffff,0xffff,
    0xffff,0xffff,0xffff,0xffff,0xffff,0xffff,0xffff,0xffff,0xffff,0xffff,0xffff,0xffff,
    0xffff,0xffff,0xffff,0xffff,0xffff,0xffff,0xffff,0xffff,0xffff,0xffff,0xffda,0xffb7,
    0xffb7,0xffb7,0xffb7,0xffb7,0xffb7,0xffb7,0xffb7,0xffb7,0xffb7,0xffb7,0xffb7,0xffb7,
    0xffb7,0xffb9,0xffda,0xfffd,0xffff,0xffff,0xffff,0xffff,0xffff,0xffff,0xffff,0xffff,
    0xffff,0xffff,0xffff,0xffff,0xffff,0xffff,0xffff,0xffff,0xffff,0xffff,0xffff,0xffff,
    0xffff,0xffff,0xffff,0xffff,0xffff,0xffff,0xffff,0xffff,0xffff,0xffff,0xffff,0xffff,
    0xffff,0xffff,0xffff,0xffff,0xffff,0xffff,0xffff,0xffff,0xffff,0xffff,0xffff,0xffff,
    0xffff,0xffff,0xffff,0xffff,0xffff,0xffff,0xffff,0xffff,0xffff,0xffff,0xffff,0xffff,
    0xffff,0xffff,0xffff,0xffff,0xffff,0xffff,0xffff,0xffff,0xffff,0xffff,0xffff,0xffff,
    0xffb7,0xffb7,0xffb7,0xffb7,0xffb7,0xffb9,0xffff,0xffff,0xffff,0xffff,0xffff,0xffff,
    0xffff,0xffff,0xffff,0xffff,0xffff,0xffff,0xffff,0xffff,0xffff,0xffff,0xff2e,0xfee9,
    0xfee9,0xfee9,0xfee9,0xfee9,0xfee9,0xff2e,0xffdb,0xffff,0xffff,0xffff,0xffff,0xffff,
    0xffff,0xffff,0xffff,0xffff,0xffdb,0xffb6,0xff95,0xff95,0xff95,0xff95,0xff95,0xff95,
    0xff95,0xff95,0xff95,0xff95,0xff95,0xff95,0xff95,0xff95,0xff95,0xff95,0xff95,0xff95,
    0xff95,0xff95,0xff95,0xff95,0xff95,0xff95,0xff95,0xff95,0xff95,0xff95,0xff95,0xff95,
    0xff95,0xff95,0xff95,0xff95,0xffb6,0xffdc,0xffff,0xffff,0xffff,0xffff,0xffff,0xffff,
    0xffff,0xffff,0xffff,0xffff,0xffff,0xffff,0xffff,0xffff,0xffff,0xffff,0xffff,0xffff,
    0xffff,0xffff,0xff2e,0xfee9,0xfee9,0xfee9,0xffb9,0xffff,0xffff,0xffff,0xffff,0xffff,
    0xffff,0xffff,0xffff,0xffff,0xffff,0xffff,0xffff,0xffff,0xffff,0xffff,0xffff,0xffff,
    0xffff,0xfffe,0xffda,0xffb7,0xffb6,0xffb6,0xffb6,0xffb6,0xffb6,0xffb6,0xffb8,0xffb6,
    0xffb6,0xffb6,0xffb6,0xffb7,0xffb7,0xffff,0xffff,0xffff,0xffff,0xffff,0xffff,0xffff,
    0xffff,0xffff,0xffff,0xffff,0xffff,0xffff,0xffff,0xffff,0xffff,0xffff,0xffff,0xffff,
    0xffff,0xffff,0xffff,0xffff,0xffff,0xffff,0xffff,0xffff,0xffff,0xffff,0xffff,0xffff,
    0xffff,0xffff,0xffdb,0xffb7,0xffb7,0xffb7,0xffb7,0xffb7,0xffb7,0xffb7,0xffb7,0xffb7,
    0xffb7,0xffb7,0xffb9,0xffdb,0xfffd,0xffff,0xffff,0xffff,0xffff,0xffff,0xffff,0xffff,
    0xffff,0xffff,0xffff,0xffff,0xffff,0xffff,0xffff,0xffff,0xffff,0xffff,0xffff,0xffff,
    0xffff,0xffff,0xffdc,0xffdb,0xffdc,0xffff,0xffff,0xffff,0xffff,0xffff,0xffff,0xffff,
    0xffff,0xffff,0xffff,0xffff,0xffff,0xffff,0xffff,0xffff,0xffff,0xffff,0xffff,0xffff,
    0xffff,0xffff,0xffff,0xffff,0xffff,0xffff,0xffff,0xffff,0xffff,0xffff,0xffff,0xffff,
    0xffff,0xffff,0xffff,0xffff,0xffff,0xffff,0xffff,0xffff,0xffff,0xffff,0xffff,0xffff,
    0xffff,0xffff,0xffff,0xfffe,0xffb7,0xffb7,0xffb7,0xffb7,0xffb7,0xffb7,0xffff,0xffff,
    0xffff,0xffff,0xffff,0xffff,0xffff,0xffff,0xffff,0xffff,0xffff,0xffff,0xffff,0xffff,
    0xffff,0xffff,0xffff,0xffb6,0xff2e,0xfee9,0xfee9,0xff2e,0xff94,0xffff,0xffff,0xffff,
    0xffff,0xffff,0xffff,0xffff,0xffff,0xffff,0xffff,0xffdb,0xffb6,0xff95,0xff95,0xff95,
    0xff95,0xff95,0xff95,0xff95,0xff95,0xff95,0xff95,0xff95,0xff95,0xff95,0xff95,0xff95,
    0xff95,0xff95,0xff95,0xff95,0xff95,0xff95,0xff95,0xff95,0xff95,0xff95,0xff95,0xff95,
    0xff95,0xff95,0xff95,0xff95,0xff95,0xff95,0xff95,0xffb6,0xffdb,0xffff,0xffff,0xffff,
    0xffff,0xffff,0xffff,0xffff,0xffff,0xffff,0xffff,0xffff,0xffff,0xffff,0xffff,0xffff,
    0xffff,0xffff,0xffff,0xffff,0xffff,0xffff,0xfb73,0xfee9,0xfee9,0xfee9,0xffdc,0xffff,
    0xffff,0xffff,0xffff,0xffff,0xffff,0xffff,0xffff,0xffff,0xffff,0xffff,0xffff,0xffff,
    0xffff,0xffff,0xffff,0xffff,0xffff,0xffff,0xffff,0xffdc,0xffda,0xffb8,0xffb6,0xffb7,
    0xffb6,0xffb6,0xffb6,0xffb6,0xffb6,0xffb6,0xffb7,0xffb6,0xfffd,0xffff,0xffff,0xffff,
    0xffff,0xffff,0xffff,0xffff,0xffff,0xffff,0xffff,0xffff,0xffff,0xffff,0xffff,0xffff,
    0xffff,0xffff,0xffff,0xffff,0xffff,0xffff,0xffff,0xffff,0xffff,0xffff,0xffff,0xffff,
    0xffff,0xffff,0xffff,0xffff,0xffff,0xffff,0xfffd,0xffb9,0xffb7,0xffb7,0xffb7,0xffb7,
    0xffb7,0xffb7,0xffb7,0xffb9,0xffda,0xfffd,0xffff,0xffff,0xffff,0xffff,0xffff,0xffff,
    0xffff,0xffff,0xffff,0xffff,0xffff,0xffff,0xffff,0xffff,0xffff,0xffff,0xffff,0xffff,
    0xffff,0xffff,0xffff,0xffff,0xffff,0xffdb,0xffb7,0xffb7,0xffb7,0xffdb,0xffff,0xffff,
    0xffff,0xffff,0xffff,0xffff,0xffff,0xffff,0xffff,0xffff,0xffff,0xffff,0xffff,0xffff,
    0xffff,0xffff,0xffff,0xffff,0xffff,0xffff,0xffff,0xffff,0xffff,0xffff,0xffff,0xffff,
    0xffff,0xffff,0xffff,0xffff,0xffff,0xffff,0xffff,0xffff,0xffff,0xffff,0xffff,0xffff,
    0xffff,0xffff,0xffff,0xffff,0xffff,0xffff,0xffff,0xfffd,0xffb7,0xffb7,0xffb7,0xffb7,
    0xffb7,0xffb7,0xffff,0xffff,0xffff,0xffff,0xffff,0xffff,0xffff,0xffff,0xffff,0xffff,
    0xffff,0xffff,0xffff,0xffff,0xffff,0xffff,0xffff,0xffff,0xffff,0xffff,0xffff,0xffff,
    0xffff,0xffff,0xffff,0xffff,0xffff,0xffff,0xffff,0xffff,0xffff,0xffff,0xffff,0xffdb,
    0xff96,0xff95,0xff95,0xff95,0xff95,0xff95,0xff95,0xff95,0xff95,0xff95,0xff95,0xff95,
    0xff95,0xff95,0xff95,0xff95,0xff95,0xff95,0xff95,0xff95,0xff95,0xff95,0xff95,0xff95,
    0xff95,0xff95,0xff95,0xff95,0xff95,0xff95,0xff95,0xff95,0xff95,0xff95,0xffb6,0xffda,
    0xffff,0xffff,0xffff,0xffff,0xffff,0xffff,0xffff,0xffff,0xffff,0xffff,0xffff,0xffff,
    0xffff,0xffff,0xffff,0xffff,0xffff,0xffff,0xffff,0xffff,0xffff,0xffff,0xffff,0xffb6,
    0xff94,0xffdc,0xffff,0xffff,0xffff,0xffff,0xffff,0xffff,0xffff,0xffff,0xffff,0xffff,
    0xffff,0xffff,0xffff,0xffff,0xffff,0xffff,0xffff,0xffff,0xffff,0xffff,0xffff,0xffff,
    0xffff,0xffdb,0xffda,0xffb6,0xffb6,0xffb6,0xffb6,0xffb6,0xffb8,0xffb6,0xffb6,0xffb9,
    0xffff,0xffff,0xffff,0xffff,0xffff,0xffff,0xffff,0xffff,0xffff,0xffff,0xffff,0xffff,
    0xffff,0xffff,0xffff,0xffff,0xffff,0xffff,0xffff,0xffff,0xffff,0xffff,0xffff,0xffff,
    0xffff,0xffff,0xffff,0xffff,0xffff,0xffff,0xffff,0xffff,0xffff,0xffff,0xffff,0xffb9,
    0xffb7,0xffb7,0xffb7,0xffb7,0xffb9,0xffdb,0xfffd,0xffff,0xffff,0xffff,0xffff,0xffff,
    0xffff,0xffff,0xffff,0xffff,0xffff,0xffff,0xffff,0xffff,0xffff,0xffff,0xffff,0xffff,
    0xffff,0xffff,0xffff,0xffff,0xffff,0xffff,0xffff,0xffff,0xffff,0xffb9,0xffb7,0xffb7,
    0xffb7,0xffb9,0xffff,0xffff,0xffff,0xffff,0xffff,0xffff,0xffff,0xffff,0xffff,0xffff,
    0xffff,0xffff,0xffff,0xffff,0xffff,0xffff,0xffff,0xffff,0xffff,0xffff,0xffff,0xffff,
    0xffff,0xffff,0xffff,0xffff,0xffff,0xffff,0xffff,0xffff,0xffff,0xffff,0xffff,0xffff,
    0xffff,0xffff,0xffff,0xffff,0xffff,0xffff,0xffff,0xffff,0xffff,0xffff,0xffff,0xfffe,
    0xffb7,0xffb7,0xffb7,0xffb7,0xffb7,0xffb9,0xffff,0xffff,0xffff,0xffff,0xffff,0xffff,
    0xffff,0xffff,0xffff,0xffff,0xffff,0xffff,0xffff,0xffff,0xffff,0xffff,0xffff,0xffff,
    0xffff,0xffff,0xffff,0xffff,0xffff,0xffff,0xffff,0xffff,0xffff,0xffff,0xffff,0xffff,
    0xffff,0xffff,0xffff,0xfffd,0xffb7,0xff95,0xff95,0xff95,0xff95,0xff95,0xff95,0xff95,
    0xff95,0xff95,0xff95,0xff95,0xff95,0xff95,0xff95,0xff95,0xff95,0xff95,0xff95,0xff95,
    0xff95,0xff95,0xff95,0xff95,0xff95,0xff95,0xff95,0xff95,0xff95,0xff95,0xff95,0xff95,
    0xff95,0xffb6,0xffdb,0xffff,0xffff,0xffff,0xffff,0xffff,0xffff,0xffff,0xffff,0xffff,
    0xffff,0xffff,0xffff,0xffff,0xffff,0xffff,0xffff,0xffff,0xffff,0xffff,0xffff,0xffff,
    0xffff,0xffff,0xffff,0xffff,0xffff,0xffff,0xffff,0xffff,0xffff,0xffff,0xffff,0xffff,
    0xffff,0xffff,0xffff,0xffff,0xffff,0xffff,0xffff,0xffff,0xffff,0xffff,0xffff,0xffff,
    0xffff,0xffff,0xffff,0xffff,0xffff,0xffff,0xfffe,0xffdb,0xffb7,0xffb6,0xffb6,0xffb6,
    0xffb6,0xffb6,0xffb6,0xfffe,0xffff,0xffff,0xffff,0xffff,0xffff,0xffff,0xffff,0xffff,
    0xffff,0xffff,0xffff,0xffff,0xffff,0xffff,0xffff,0xffff,0xffff,0xffff,0xffff,0xffff,
    0xffff,0xffff,0xffff,0xffff,0xffff,0xffff,0xffff,0xffff,0xffff,0xffff,0xffff,0xffff,
    0xffff,0xffff,0xffff,0xffdc,0xffb9,0xffb9,0xffdb,0xfffd,0xffff,0xffff,0xffff,0xffff,
    0xffff,0xffff,0xffff,0xffff,0xffff,0xffff,0xffff,0xffff,0xffff,0xffff,0xffff,0xffff,
    0xffff,0xffff,0xffff,0xffff,0xffff,0xffff,0xffff,0xffff,0xffff,0xffff,0xffff,0xffff,
    0xffff,0xffb9,0xffb7,0xffb7,0xffb7,0xffb9,0xffff,0xffff,0xffff,0xffff,0xffff,0xffff,
    0xffff,0xffff,0xffff,0xffff,0xffff,0xffff,0xffff,0xffff,0xffff,0xffff,0xffff,0xffff,
    0xffff,0xffff,0xffff,0xffff,0xffff,0xffff,0xffff,0xffff,0xffff,0xffff,0xffff,0xffff,
    0xffff,0xffff,0xffff,0xffff,0xffff,0xffff,0xffff,0xffff,0xffff,0xffff,0xffff,0xffff,
    0xffff,0xffff,0xffff,0xffff,0xfffe,0xffb7,0xffb7,0xffb7,0xffb9,0xffff,0xffff,0xffff,
    0xffff,0xffff,0xffff,0xffff,0xffff,0xffff,0xffff,0xffff,0xffff,0xffff,0xffff,0xffff,
    0xffff,0xffff,0xffff,0xffff,0xffff,0xffff,0xffff,0xffff,0xffff,0xffff,0xffff,0xffff,
    0xffff,0xffff,0xffff,0xffff,0xffff,0xffff,0xffff,0xffff,0xfffd,0xffb9,0xff95,0xff95,
    0xff95,0xff95,0xff95,0xff95,0xff95,0xff95,0xff95,0xff95,0xff95,0xff95,0xff95,0xff95,
    0xff95,0xff95,0xff95,0xff95,0xff95,0xff95,0xff95,0xff95,0xff95,0xff95,0xff95,0xff95,
    0xff95,0xff95,0xff95,0xff95,0xffb6,0xffdb,0xffff,0xffff,0xffff,0xffff,0xffff,0xffff,
    0xffff,0xffff,0xffff,0xffff,0xffff,0xffff,0xffff,0xffff,0xffff,0xffff,0xffff,0xffff,
    0xffff,0xffff,0xffff,0xffff,0xffff,0xffff,0xffff,0xffff,0xffff,0xffff,0xffff,0xffff,
    0xffff,0xffff,0xffff,0xffff,0xffff,0xffff,0xffff,0xffff,0xffff,0xffff,0xffff,0xffff,
    0xffff,0xffff,0xffff,0xffff,0xffff,0xffff,0xffff,0xffff,0xffff,0xffff,0xffff,0xffff,
    0xfffe,0xffdb,0xffb7,0xffb6,0xffb6,0xffb6,0xffda,0xffff,0xffff,0xffff,0xffff,0xffff,
    0xffff,0xffff,0xffff,0xffff,0xffff,0xffff,0xffff,0xffff,0xffff,0xffff,0xffff,0xffff,
    0xffff,0xffff,0xffff,0xffff,0xffff,0xffff,0xffff,0xffff,0xffff,0xffff,0xffff,0xffff,
    0xffff,0xffff,0xffff,0xffff,0xffff,0xffff,0xffff,0xffff,0xffff,0xffff,0xffff,0xffff,
    0xffff,0xffff,0xffff,0xffff,0xffff,0xffff,0xffff,0xffff,0xffff,0xffff,0xffff,0xffff,
    0xffff,0xffff,0xffff,0xffff,0xffff,0xffff,0xffff,0xffff,0xffff,0xffff,0xffff,0xffff,
    0xffff,0xffff,0xffff,0xffff,0xffff,0xfffe,0xffb7,0xffb7,0xffb7,0xfffe,0xffff,0xffff,
    0xffff,0xffff,0xffff,0xffff,0xffff,0xffff,0xffff,0xffff,0xffff,0xffff,0xffff,0xffff,
    0xffff,0xffff,0xffff,0xffff,0xffff,0xffff,0xffff,0xffff,0xffff,0xffff,0xffff,0xffff,
    0xffff,0xffff,0xffff,0xffff,0xffff,0xffff,0xffff,0xffff,0xffff,0xffff,0xffff,0xffff,
    0xffff,0xffff,0xffff,0xffff,0xffff,0xffff,0xffff,0xffff,0xffff,0xffff,0xfffd,0xffff,
    0xffff,0xffff,0xffff,0xffff,0xffff,0xffff,0xffff,0xffff,0xffff,0xffff,0xffff,0xffff,
    0xffff,0xffff,0xffff,0xffff,0xffff,0xffff,0xffff,0xffff,0xffff,0xffff,0xffff,0xffff,
    0xffff,0xffff,0xffff,0xffff,0xffff,0xffff,0xffff,0xffff,0xffff,0xffff,0xffff,0xffff,
    0xffff,0xffff,0xffb9,0xff95,0xff95,0xff95,0xff95,0xff95,0xff95,0xff95,0xff95,0xff95,
    0xff95,0xff95,0xff95,0xff95,0xff95,0xff95,0xff95,0xff95,0xff95,0xff95,0xff95,0xff95,
    0xff95,0xff95,0xff95,0xff95,0xff95,0xff95,0xff95,0xff95,0xffb9,0xffff,0xffff,0xffff,
    0xffff,0xffff,0xffff,0xffff,0xffff,0xffff,0xffff,0xffff,0xffff,0xffff,0xffff,0xffff,
    0xffff,0xffff,0xffff,0xffff,0xffff,0xffff,0xffff,0xffff,0xffff,0xffff,0xffff,0xffff,
    0xffff,0xffff,0xffff,0xffff,0xffff,0xffff,0xffff,0xffff,0xffff,0xffff,0xffff,0xffff,
    0xffff,0xffff,0xffff,0xffff,0xffff,0xffff,0xffff,0xffff,0xffff,0xffff,0xffff,0xffff,
    0xffff,0xffff,0xffff,0xffff,0xffff,0xffff,0xfffe,0xffda,0xffda,0xffb7,0xffff,0xffff,
    0xffff,0xffff,0xffff,0xffff,0xffff,0xffff,0xffff,0xffff,0xffff,0xffff,0xffff,0xffff,
    0xffff,0xffff,0xffff,0xffff,0xffff,0xffff,0xffff,0xffff,0xffff,0xffff,0xffff,0xffff,
    0xffff,0xffff,0xffff,0xffff,0xffff,0xffff,0xffff,0xffff,0xffff,0xffff,0xffff,0xffff,
    0xffff,0xffff,0xffff,0xffff,0xffff,0xffff,0xffff,0xffff,0xffff,0xffff,0xffff,0xffff,
    0xffff,0xffff,0xffff,0xffff,0xffff,0xffff,0xffff,0xffff,0xffff,0xffff,0xffff,0xffff,
    0xffff,0xffff,0xffff,0xffff,0xffff,0xffff,0xffff,0xffff,0xffff,0xffff,0xffff,0xfffe,
    0xffff,0xffff,0xffff,0xffff,0xffff,0xffff,0xffff,0xffff,0xffff,0xffff,0xffff,0xffff,
    0xffff,0xffff,0xffff,0xffff,0xffff,0xffff,0xffff,0xffff,0xffff,0xffff,0xffff,0xffff,
    0xffff,0xffff,0xffff,0xffff,0xffff,0xffff,0xffff,0xffff,0xffff,0xffff,0xffff,0xffff,
    0xffff,0xffff,0xffff,0xffff,0xffff,0xffff,0xffff,0xffff,0xffff,0xffff,0xffff,0xffff,
    0xffff,0xffff,0xffff,0xffff,0xffff,0xffff,0xffff,0xffff,0xffff,0xffff,0xffff,0xffff,
    0xffff,0xffff,0xffff,0xffff,0xffff,0xffff,0xffff,0xffff,0xffff,0xffff,0xffff,0xffff,
    0xffff,0xffff,0xffff,0xffff,0xffff,0xffff,0xffff,0xffff,0xffff,0xffff,0xffff,0xffff,
    0xffff,0xffff,0xffff,0xffff,0xffff,0xffff,0xffff,0xffda,0xff95,0xff95,0xff95,0xff95,
    0xff95,0xff95,0xff95,0xff95,0xff95,0xff95,0xff95,0xff95,0xff95,0xff95,0xff95,0xff95,
    0xff95,0xff95,0xff95,0xff95,0xff95,0xff95,0xff95,0xff95,0xff95,0xff95,0xff95,0xffb9,
    0xffff,0xffff,0xffff,0xffff,0xffff,0xffff,0xffff,0xffff,0xffff,0xffff,0xffff,0xffff,
    0xffff,0xffff,0xffff,0xffff,0xffff,0xffff,0xffff,0xffff,0xffff,0xffff,0xffff,0xffff,
    0xffff,0xffff,0xffff,0xffff,0xffff,0xffff,0xffff,0xffff,0xffff,0xffff,0xffff,0xffff,
    0xffff,0xffff,0xffff,0xffff,0xffff,0xffff,0xffff,0xffff,0xffff,0xffff,0xffff,0xffff,
    0xffff,0xffff,0xffff,0xffff,0xffff,0xffff,0xffff,0xffff,0xffff,0xffff,0xffff,0xffff,
    0xfffd,0xffff,0xffff,0xffff,0xffff,0xffff,0xffff,0xffff,0xffff,0xffff,0xffff,0xffff,
    0xffff,0xffff,0xffff,0xffff,0xffff,0xffff,0xffff,0xffff,0xffff,0xffb6,0xff94,0xff95,
    0xffdb,0xffff,0xffff,0xffff,0xffff,0xffff,0xffff,0xffff,0xffff,0xffff,0xffff,0xffff,
    0xffff,0xffff,0xffff,0xffff,0xffff,0xffff,0xffff,0xffff,0xffff,0xffff,0xffff,0xffff,
    0xffff,0xffff,0xffff,0xffff,0xffff,0xffff,0xffff,0xffff,0xffff,0xffff,0xffff,0xffff,
    0xffff,0xffff,0xffff,0xffff,0xffff,0xffff,0xffff,0xffff,0xffff,0xffff,0xffff,0xffff,
    0xffff,0xffff,0xffff,0xffff,0xffff,0xffff,0xffff,0xffff,0xffff,0xffff,0xffff,0xffff,
    0xffff,0xffff,0xffff,0xffff,0xffff,0xffff,0xffff,0xffff,0xffff,0xffff,0xffff,0xffff,
    0xffff,0xffff,0xffff,0xffff,0xffff,0xffff,0xffff,0xffff,0xffff,0xffff,0xffff,0xffff,
    0xffff,0xffff,0xffff,0xffff,0xffff,0xffff,0xffff,0xffff,0xffff,0xffff,0xffff,0xffff,
    0xffff,0xffff,0xffff,0xffff,0xffff,0xffff,0xffff,0xffff,0xffff,0xffff,0xffff,0xffff,
    0xffff,0xffff,0xffff,0xffff,0xffff,0xffff,0xffff,0xffff,0xffff,0xffff,0xffff,0xffff,
    0xffff,0xffff,0xffff,0xffff,0xffff,0xffff,0xffff,0xffff,0xffff,0xffff,0xffff,0xffff,
    0xffff,0xffff,0xffff,0xffff,0xffff,0xffff,0xffff,0xffff,0xffff,0xffff,0xffff,0xffff,
    0xffda,0xffb6,0xff95,0xff95,0xff95,0xff95,0xff95,0xff95,0xff95,0xff95,0xff95,0xff95,
    0xff95,0xff95,0xff95,0xff95,0xff95,0xff95,0xff95,0xff95,0xff95,0xff95,0xff95,0xff95,
    0xff95,0xff95,0xffb7,0xfffd,0xffff,0xffff,0xffff,0xffff,0xffff,0xffff,0xffff,0xffff,
    0xffff,0xffff,0xffff,0xffff,0xffff,0xffff,0xffff,0xffff,0xffff,0xffff,0xffff,0xffff,
    0xffff,0xffff,0xffff,0xffff,0xffff,0xffff,0xffff,0xffff,0xffff,0xffff,0xffff,0xffff,
    0xffff,0xffff,0xffff,0xffff,0xffff,0xffff,0xffff,0xffff,0xffff,0xffff,0xffff,0xffff,
    0xffff,0xffff,0xffff,0xffff,0xffff,0xffff,0xffff,0xffff,0xffff,0xffff,0xffff,0xffff,
    0xffff,0xffff,0xffff,0xffff,0xffff,0xffff,0xffff,0xffff,0xffff,0xffff,0xffff,0xffff,
    0xffff,0xffff,0xffff,0xffff,0xffff,0xffff,0xffff,0xffff,0xffff,0xffff,0xffff,0xffff,
    0xfb73,0xff8e,0xff8e,0xff8e,0xff8e,0xffb9,0xffff,0xffff,0xffff,0xffff,0xffff,0xffff,
    0xffff,0xffff,0xffff,0xffff,0xffff,0xffff,0xffff,0xffff,0xffff,0xffff,0xffff,0xffff,
    0xffff,0xffff,0xffff,0xffff,0xffff,0xffff,0xffff,0xffff,0xffff,0xffff,0xffff,0xffff,
    0xffff,0xffff,0xffff,0xffff,0xffff,0xffff,0xffff,0xffff,0xffff,0xffff,0xffff,0xffff,
    0xffff,0xffff,0xffff,0xffff,0xffff,0xffff,0xffff,0xffff,0xffff,0xffff,0xffff,0xffff,
    0xffff,0xffff,0xffff,0xffff,0xffff,0xffff,0xffff,0xffff,0xffff,0xffff,0xffff,0xffff,
    0xffff,0xffff,0xffff,0xffff,0xffff,0xffff,0xffff,0xffff,0xffff,0xffff,0xffff,0xffff,
    0xffff,0xffff,0xffff,0xffff,0xffff,0xffff,0xffff,0xffff,0xffff,0xffff,0xffff,0xffff,
    0xffff,0xffff,0xffff,0xffff,0xffff,0xffff,0xffff,0xffff,0xffff,0xffff,0xffff,0xffff,
    0xffff,0xffff,0xffff,0xffff,0xffff,0xffff,0xffff,0xffff,0xffff,0xffff,0xffff,0xffff,
    0xffff,0xffff,0xffff,0xffff,0xffff,0xffff,0xffff,0xffff,0xffff,0xffff,0xffff,0xffff,
    0xffff,0xffff,0xffff,0xffff,0xffff,0xffff,0xffff,0xffff,0xffff,0xffff,0xffff,0xffff,
    0xffff,0xffff,0xffff,0xffff,0xfffe,0xfffd,0xff95,0xff95,0xff95,0xff95,0xff95,0xff95,
    0xff95,0xff95,0xff95,0xff95,0xff95,0xff95,0xff95,0xff95,0xff95,0xff95,0xff95,0xff95,
    0xff95,0xff95,0xff95,0xff95,0xff95,0xffb7,0xfffd,0xffff,0xffff,0xffff,0xffff,0xffff,
    0xffff,0xffff,0xffff,0xffff,0xffff,0xffff,0xffff,0xffff,0xffff,0xffff,0xffff,0xffff,
    0xffff,0xffff,0xffff,0xffff,0xffff,0xffff,0xffff,0xffff,0xffff,0xffff,0xffff,0xffff,
    0xffff,0xffff,0xffff,0xffff,0xffff,0xffff,0xffff,0xffff,0xffff,0xffff,0xffff,0xffff,
    0xffff,0xffff,0xffff,0xffff,0xffff,0xffff,0xffff,0xffff,0xffff,0xffff,0xffff,0xffff,
    0xffff,0xffff,0xffff,0xffff,0xffff,0xffff,0xffff,0xffff,0xffff,0xffff,0xffff,0xffff,
    0xffff,0xffff,0xffff,0xffff,0xffff,0xffff,0xffff,0xffff,0xffff,0xffff,0xffff,0xffff,
    0xffff,0xffff,0xffff,0xffb9,0xff8e,0xff8e,0xff8e,0xff8e,0xff8e,0xff90,0xffff,0xffff,
    0xffff,0xffff,0xffff,0xffff,0xffff,0xffff,0xffff,0xffff,0xffff,0xffff,0xffff,0xffff,
    0xffff,0xffff,0xffff,0xffff,0xffff,0xffff,0xffff,0xffff,0xffff,0xffff,0xffff,0xffff,
    0xffff,0xffff,0xffff,0xffff,0xffff,0xffff,0xffff,0xffff,0xffff,0xffff,0xffff,0xffff,
    0xffff,0xffff,0xffff,0xffff,0xffff,0xffff,0xffff,0xffff,0xffff,0xffff,0xffff,0xffff,
    0xffff,0xffff,0xffff,0xffff,0xffff,0xffff,0xffff,0xffff,0xffff,0xffff,0xffff,0xffff,
    0xffff,0xffff,0xffff,0xffff,0xffff,0xffff,0xffff,0xffff,0xffff,0xffff,0xffff,0xffff,
    0xffff,0xffff,0xffff,0xffff,0xffff,0xffff,0xffff,0xffff,0xffff,0xffff,0xffff,0xffff,
    0xffff,0xffff,0xffff,0xffff,0xffff,0xffff,0xffff,0xffff,0xffff,0xffff,0xffff,0xffff,
    0xffff,0xffff,0xffff,0xffff,0xffff,0xffff,0xffff,0xffff,0xffff,0xffff,0xffff,0xffff,
    0xffff,0xffff,0xffff,0xffff,0xffff,0xffff,0xffff,0xffff,0xffff,0xffff,0xffff,0xffff,
    0xffff,0xffff,0xffff,0xffff,0xffff,0xffff,0xffff,0xffff,0xffff,0xffff,0xffff,0xffff,
    0xffff,0xffff,0xffff,0xffff,0xffff,0xffff,0xffff,0xffff,0xffff,0xffff,0xffdc,0xffb6,
    0xff95,0xff95,0xff95,0xff95,0xff95,0xff95,0xff95,0xff95,0xff95,0xff95,0xff95,0xff95,
    0xff95,0xff95,0xff95,0xff95,0xff95,0xff95,0xff95,0xff95,0xffb7,0xffdc,0xffff,0xffff,
    0xffff,0xffff,0xffff,0xffff,0xffff,0xffff,0xffff,0xffff,0xffff,0xffff,0xffff,0xffff,
    0xffff,0xffff,0xffff,0xffff,0xffff,0xffff,0xffff,0xffff,0xffff,0xffff,0xffff,0xffff,
    0xffff,0xffff,0xffff,0xffff,0xffff,0xffff,0xffff,0xffff,0xffff,0xffff,0xffff,0xffff,
    0xffff,0xffff,0xffff,0xffff,0xffff,0xffdc,0xffb7,0xffb7,0xffb9,0xffff,0xffff,0xffff,
    0xffff,0xffff,0xffff,0xffff,0xffff,0xffff,0xffff,0xffff,0xffff,0xffff,0xffff,0xffff,
    0xffff,0xffff,0xffff,0xffff,0xffff,0xffff,0xffff,0xffff,0xffff,0xffff,0xffff,0xffff,
    0xffff,0xffff,0xffff,0xffff,0xffff,0xffff,0xffff,0xffb7,0xff8e,0xff8e,0xff8e,0xff8e,
    0xff8e,0xff8e,0xffff,0xffff,0xffff,0xffff,0xffff,0xffff,0xffff,0xffff,0xffff,0xffff,
    0xffff,0xffff,0xffff,0xffff,0xffff,0xffff,0xffff,0xffff,0xffff,0xffff,0xffff,0xffff,
    0xffff,0xffff,0xffff,0xffff,0xffff,0xffff,0xffff,0xffff,0xffff,0xffff,0xffff,0xffff,
    0xffff,0xffff,0xffff,0xffff,0xffff,0xffff,0xffff,0xffff,0xffff,0xffff,0xffff,0xffff,
    0xffff,0xffff,0xffff,0xffff,0xffff,0xffff,0xffff,0xffff,0xffff,0xffff,0xffff,0xffff,
    0xffff,0xffff,0xffff,0xffff,0xffff,0xffff,0xffff,0xffff,0xffff,0xffff,0xffff,0xffff,
    0xffff,0xffff,0xffff,0xffff,0xffff,0xffff,0xffff,0xffff,0xffff,0xffff,0xffff,0xffff,
    0xffff,0xffff,0xffff,0xffff,0xffff,0xffff,0xffff,0xffff,0xffff,0xffff,0xffff,0xffff,
    0xffff,0xffff,0xffff,0xffff,0xffff,0xffff,0xffff,0xffff,0xffff,0xffff,0xffff,0xffff,
    0xffff,0xffff,0xffff,0xffff,0xffff,0xffff,0xffff,0xffff,0xffff,0xffff,0xffff,0xffff,
    0xffff,0xffff,0xffff,0xffff,0xffff,0xffff,0xffff,0xffff,0xffff,0xffff,0xffff,0xffff,
    0xffff,0xffff,0xffff,0xffff,0xffff,0xffff,0xffff,0xffff,0xffff,0xffff,0xffff,0xffff,
    0xffff,0xffff,0xffff,0xffdc,0xffb7,0xff95,0xff95,0xff95,0xff95,0xff95,0xff95,0xff95,
    0xff95,0xff95,0xff95,0xff95,0xff95,0xff95,0xff95,0xff95,0xff95,0xff95,0xff95,0xffb6,
    0xffdc,0xffff,0xffff,0xffff,0xffff,0xffff,0xffff,0xffff,0xffff,0xffff,0xffff,0xffff,
    0xffff,0xffff,0xffff,0xffff,0xffff,0xffff,0xffff,0xffff,0xffff,0xffff,0xffff,0xffff,
    0xffff,0xffff,0xffff,0xffff,0xffff,0xffff,0xffff,0xffff,0xffff,0xffff,0xffff,0xffff,
    0xffff,0xffff,0xffff,0xffff,0xffff,0xffff,0xffff,0xffff,0xffff,0xffb7,0xffb7,0xffb7,
    0xffb7,0xffdc,0xffff,0xffff,0xffff,0xffff,0xffff,0xffff,0xffff,0xffff,0xffff,0xffff,
    0xffff,0xffff,0xffff,0xffff,0xffff,0xffff,0xffff,0xffff,0xffff,0xffff,0xffff,0xffff,
    0xffff,0xffff,0xffff,0xffff,0xffff,0xffff,0xffff,0xffff,0xffff,0xffff,0xffff,0xffb7,
    0xff8e,0xff8e,0xff8e,0xff8e,0xff8e,0xff8e,0xffff,0xffff,0xffff,0xffff,0xffff,0xffff,
    0xffff,0xffff,0xffff,0xffff,0xffff,0xffff,0xffff,0xffff,0xffff,0xffff,0xffff,0xffff,
    0xffff,0xffff,0xffff,0xffff,0xffff,0xffff,0xffff,0xffff,0xffff,0xffff,0xffff,0xffff,
    0xffff,0xffff,0xffff,0xffff,0xffff,0xffff,0xffff,0xffff,0xffff,0xffff,0xffff,0xffff,
    0xffff,0xffff,0xffff,0xffff,0xffff,0xffff,0xffff,0xffff,0xffff,0xffff,0xffff,0xffff,
    0xffff,0xffff,0xffff,0xffff,0xffff,0xffff,0xffff,0xffff,0xffff,0xffff,0xffff,0xffff,
    0xffff,0xffff,0xffff,0xffff,0xffff,0xffff,0xffff,0xffff,0xffff,0xffff,0xffff,0xffff,
    0xffff,0xffff,0xffff,0xffff,0xffff,0xffff,0xffff,0xffff,0xffff,0xffff,0xffff,0xffff,
    0xffff,0xffff,0xffff,0xffff,0xffff,0xffff,0xffff,0xffff,0xffff,0xffff,0xffff,0xffff,
    0xffff,0xffff,0xffff,0xffff,0xffff,0xffff,0xffff,0xffff,0xffff,0xffff,0xffff,0xffff,
    0xffff,0xffff,0xffff,0xffff,0xffff,0xffff,0xffff,0xffff,0xffff,0xffff,0xffff,0xffff,
    0xffff,0xffff,0xffff,0xffff,0xffff,0xffff,0xffff,0xffff,0xffff,0xffff,0xffff,0xffff,
    0xffff,0xffff,0xffff,0xffff,0xffff,0xffff,0xffff,0xffff,0xfffd,0xffb7,0xff95,0xff95,
    0xff95,0xff95,0xff95,0xff95,0xff95,0xff95,0xff95,0xff95,0xff95,0xff95,0xff95,0xff95,
    0xff95,0xff95,0xffb6,0xffdb,0xffff,0xffff,0xffff,0xffff,0xffff,0xffff,0xffff,0xffff,
    0xffff,0xffff,0xffff,0xffff,0xffff,0xffff,0xffff,0xffff,0xffff,0xffff,0xffff,0xffff,
    0xffff,0xffff,0xffff,0xffff,0xffff,0xffff,0xffff,0xffff,0xffff,0xffff,0xffff,0xffff,
    0xffff,0xffff,0xffff,0xffff,0xffff,0xffff,0xffff,0xffff,0xffff,0xffff,0xffff,0xffff,
    0xffff,0xffb7,0xffb7,0xffb7,0xffb7,0xffdb,0xffff,0xffff,0xffff,0xffff,0xffff,0xffff,
    0xffff,0xffff,0xffff,0xffff,0xffff,0xffff,0xffff,0xffff,0xffff,0xffff,0xffff,0xffff,
    0xffff,0xffff,0xffff,0xffff,0xffff,0xffff,0xffff,0xffff,0xffff,0xffff,0xffff,0xffff,
    0xffff,0xffff,0xffff,0xfffe,0xff90,0xff8e,0xff8e,0xff8e,0xff8e,0xffb6,0xffff,0xffff,
    0xffff,0xffff,0xffff,0xffff,0xffff,0xffff,0xffff,0xffff,0xffff,0xffff,0xffff,0xffff,
    0xffff,0xffff,0xffff,0xffff,0xffff,0xffff,0xffff,0xffff,0xffff,0xffff,0xffff,0xffff,
    0xffff,0xffff,0xffff,0xffff,0xffff,0xffff,0xffff,0xffff,0xffff,0xffff,0xffff,0xffff,
    0xffff,0xffff,0xffff,0xffff,0xffff,0xffff,0xffff,0xffff,0xffff,0xffff,0xffff,0xffff,
    0xffff,0xffff,0xffff,0xffff,0xffff,0xffff,0xffff,0xffff,0xffff,0xffff,0xffff,0xffff,
    0xffff,0xffff,0xffff,0xffff,0xffff,0xffff,0xffff,0xffff,0xffff,0xffff,0xffff,0xffff,
    0xffff,0xffff,0xffff,0xffff,0xffff,0xffff,0xffff,0xffff,0xffff,0xffff,0xffff,0xffff,
    0xffff,0xffff,0xffff,0xffff,0xffff,0xffff,0xffff,0xffff,0xffff,0xffff,0xffff,0xffff,
    0xffff,0xffff,0xffff,0xffff,0xffff,0xffff,0xffff,0xffff,0xffff,0xffff,0xffff,0xffff,
    0xffff,0xffff,0xffff,0xffff,0xffff,0xffff,0xffff,0xffff,0xffff,0xffff,0xffff,0xffff,
    0xffff,0xffff,0xffff,0xffff,0xffff,0xffff,0xffff,0xffff,0xffff,0xffff,0xffff,0xffff,
    0xffff,0xffff,0xffff,0xffff,0xffff,0xffff,0xffff,0xffff,0xffff,0xffff,0xffff,0xffff,
    0xffff,0xfffe,0xffb9,0xff95,0xff95,0xff95,0xff95,0xff95,0xff95,0xff95,0xff95,0xff95,
    0xff95,0xff95,0xff95,0xff95,0xff95,0xff95,0xffdb,0xffff,0xffff,0xffff,0xffff,0xffff,
    0xffff,0xffff,0xffff,0xffff,0xffff,0xffff,0xffff,0xffff,0xffff,0xffff,0xffff,0xffff,
    0xffff,0xffff,0xffff,0xffff,0xffff,0xffff,0xffff,0xffff,0xffff,0xffff,0xffff,0xffff,
    0xffff,0xffff,0xffff,0xffff,0xffff,0xffff,0xffff,0xffff,0xffff,0xffff,0xffff,0xffff,
    0xffff,0xffff,0xffff,0xffff,0xffff,0xffb9,0xffb7,0xffb7,0xffb7,0xffdc,0xffff,0xffff,
    0xffff,0xffff,0xffff,0xffff,0xffff,0xffff,0xffff,0xffff,0xffff,0xffff,0xffff,0xffff,
    0xffff,0xffff,0xffff,0xffff,0xffff,0xffff,0xffff,0xffff,0xffff,0xffff,0xffff,0xffff,
    0xffff,0xffff,0xffff,0xffff,0xffff,0xffff,0xffff,0xffff,0xffdc,0xff94,0xff8e,0xff90,
    0xffb7,0xffff,0xffff,0xffff,0xffff,0xffff,0xffff,0xffff,0xffff,0xffff,0xffff,0xffff,
    0xffff,0xffff,0xffff,0xffff,0xffff,0xffff,0xffff,0xffff,0xffff,0xffff,0xffff,0xffff,
    0xffff,0xffff,0xffff,0xffff,0xffff,0xffff,0xffff,0xffff,0xffff,0xffff,0xffff,0xffff,
    0xffff,0xffff,0xffff,0xffff,0xffff,0xffff,0xffff,0xffff,0xffff,0xffff,0xffff,0xffff,
    0xffff,0xffff,0xffff,0xffff,0xffff,0xffff,0xffff,0xffff,0xffff,0xffff,0xffff,0xffff,
    0xffff,0xffff,0xffff,0xffff,0xffff,0xffff,0xffff,0xffff,0xffff,0xffff,0xffff,0xffff,
    0xffff,0xffff,0xffff,0xffff,0xffff,0xffff,0xffff,0xffff,0xffff,0xffff,0xffff,0xffff,
    0xffff,0xffff,0xffff,0xffff,0xffff,0xffff,0xffff,0xffff,0xffff,0xffff,0xffff,0xffff,
    0xffff,0xffff,0xffff,0xffff,0xffff,0xffff,0xffff,0xffff,0xffff,0xffff,0xffff,0xffff,
    0xffff,0xffff,0xffff,0xffff,0xffff,0xffff,0xffff,0xffff,0xffff,0xffff,0xffff,0xffff,
    0xffff,0xffff,0xffff,0xffff,0xffff,0xffff,0xffff,0xffff,0xffff,0xffff,0xffff,0xffff,
    0xffff,0xffff,0xffff,0xffff,0xffff,0xffff,0xffff,0xffff,0xffff,0xffff,0xffff,0xffff,
    0xffff,0xffff,0xffff,0xffff,0xffff,0xffff,0xffff,0xffb7,0xffb6,0xff95,0xff95,0xff95,
    0xff95,0xff95,0xff95,0xff95,0xff95,0xff95,0xff95,0xff95,0xff95,0xffda,0xffff,0xffff,
    0xffff,0xffff,0xffff,0xffff,0xffff,0xffff,0xffff,0xffff,0xffff,0xffff,0xffff,0xffff,
    0xffff,0xffff,0xffff,0xffff,0xffff,0xffff,0xffff,0xffff,0xffff,0xffff,0xffff,0xffff,
    0xffff,0xffff,0xffff,0xffff,0xffff,0xffff,0xffff,0xffff,0xffff,0xffff,0xffff,0xffff,
    0xffff,0xffff,0xffff,0xffff,0xffff,0xffff,0xffff,0xffff,0xffff,0xffff,0xffdb,0xffb9,
    0xffdc,0xffff,0xffff,0xffff,0xffff,0xffff,0xffff,0xffff,0xffff,0xffff,0xffff,0xffff,
    0xffff,0xffff,0xffff,0xffff,0xffff,0xffff,0xffff,0xffff,0xffff,0xffff,0xffff,0xffff,
    0xffff,0xffff,0xffff,0xffff,0xffff,0xffff,0xffff,0xffff,0xffff,0xffff,0xffff,0xffff,
    0xffff,0xffff,0xffff,0xffff,0xffff,0xffff,0xffff,0xffff,0xffff,0xffff,0xffff,0xffff,
    0xffff,0xffff,0xffff,0xffff,0xffff,0xffff,0xffff,0xffff,0xffff,0xffff,0xffff,0xffff,
    0xffff,0xffff,0xffff,0xffff,0xffff,0xffff,0xffff,0xffff,0xffff,0xffff,0xffff,0xffff,
    0xffff,0xffff,0xffff,0xffff,0xffff,0xffff,0xffff,0xffff,0xffff,0xffff,0xffff,0xffff,
    0xffff,0xffff,0xffff,0xffff,0xffff,0xffff,0xffff,0xffff,0xffff,0xffff,0xffff,0xffff,
    0xffff,0xffff,0xffff,0xffff,0xffff,0xffff,0xffff,0xffff,0xffff,0xffff,0xffff,0xffff,
    0xffff,0xffff,0xffff,0xffff,0xffff,0xffff,0xffff,0xffff,0xffff,0xffff,0xffff,0xffff,
    0xffff,0xffff,0xffff,0xffff,0xffff,0xffff,0xffff,0xffff,0xffff,0xffff,0xffff,0xffff,
    0xffff,0xffff,0xffff,0xffff,0xffff,0xffff,0xffff,0xffff,0xffff,0xffff,0xffff,0xffff,
    0xffff,0xffff,0xffff,0xffff,0xffff,0xffff,0xffff,0xffff,0xffff,0xffff,0xffff,0xffff,
    0xffff,0xffff,0xffff,0xffff,0xffff,0xffff,0xffff,0xffff,0xffff,0xffff,0xffff,0xffff,
    0xffff,0xffff,0xffff,0xffff,0xffff,0xffff,0xffff,0xffff,0xffff,0xffff,0xffff,0xffff,
    0xffff,0xffff,0xffff,0xffff,0xffff,0xffff,0xffff,0xffff,0xffff,0xffff,0xffff,0xfffe,
    0xffda,0xffb6,0xff95,0xff95,0xff95,0xff95,0xff95,0xff95,0xff95,0xff95,0xff95,0xff95,
    0xffb9,0xffff,0xffff,0xffff,0xffff,0xffff,0xffff,0xffff,0xffff,0xffff,0xffff,0xffff,
    0xffff,0xffff,0xffff,0xffff,0xffff,0xffff,0xffff,0xffff,0xffff,0xffff,0xffff,0xffff,
    0xffff,0xffff,0xffff,0xffff,0xffff,0xffff,0xffff,0xffff,0xffff,0xffff,0xffff,0xffff,
    0xffff,0xffff,0xffff,0xffff,0xffff,0xffff,0xffff,0xffff,0xffff,0xffff,0xffff,0xffff,
    0xffff,0xffff,0xffff,0xffff,0xffff,0xffff,0xffff,0xffff,0xffff,0xffff,0xffff,0xffff,
    0xffff,0xffff,0xffff,0xffff,0xffff,0xffff,0xffff,0xffff,0xffff,0xffff,0xffff,0xffff,
    0xffff,0xffff,0xffff,0xffff,0xffff,0xffff,0xffff,0xffff,0xffff,0xffff,0xffff,0xffff,
    0xffff,0xffff,0xffff,0xffff,0xffff,0xffff,0xffff,0xffff,0xffff,0xffff,0xffff,0xffff,
    0xffff,0xffff,0xffff,0xffff,0xffff,0xffff,0xffff,0xffff,0xffff,0xffff,0xffff,0xffff,
    0xffff,0xffff,0xffff,0xffff,0xffff,0xffff,0xffff,0xffff,0xffff,0xffff,0xffff,0xffff,
    0xffff,0xffff,0xffff,0xffff,0xffff,0xffff,0xffff,0xffff,0xffff,0xffff,0xffff,0xffff,
    0xffff,0xffff,0xffff,0xffff,0xffff,0xffff,0xffff,0xffff,0xffff,0xffff,0xffff,0xffff,
    0xffff,0xffff,0xffff,0xffff,0xffff,0xffff,0xffff,0xffff,0xffff,0xffff,0xffff,0xffff,
    0xffff,0xffff,0xffff,0xffff,0xffff,0xffff,0xffff,0xffff,0xffff,0xffff,0xffff,0xffff,
    0xffff,0xffff,0xffff,0xffff,0xffff,0xffff,0xffff,0xffff,0xffff,0xffff,0xffff,0xffff,
    0xffff,0xffff,0xffff,0xffff,0xffff,0xffff,0xffff,0xffff,0xffff,0xffff,0xffff,0xffff,
    0xffff,0xffff,0xffff,0xffff,0xffff,0xffff,0xffff,0xffff,0xffff,0xffff,0xffff,0xffff,
    0xffff,0xffff,0xffff,0xffff,0xffff,0xffff,0xffff,0xffff,0xffff,0xffff,0xffff,0xffff,
    0xffff,0xffff,0xffff,0xffff,0xffff,0xffff,0xffff,0xffff,0xffff,0xffff,0xffff,0xffff,
    0xffff,0xffff,0xffff,0xffff,0xffff,0xffff,0xffff,0xffff,0xffff,0xffff,0xffff,0xffff,
    0xffff,0xffff,0xffff,0xffff,0xffff,0xffda,0xffb6,0xff95,0xff95,0xff95,0xff95,0xff95,
    0xff95,0xff95,0xff95,0xffb9,0xffff,0xffff,0xffff,0xffff,0xffff,0xffff,0xffff,0xffff,
    0xffff,0xffff,0xffff,0xffff,0xffff,0xffff,0xffff,0xffff,0xffff,0xffff,0xffff,0xffff,
    0xffff,0xffff,0xffff,0xffff,0xffff,0xffff,0xffff,0xffff,0xffff,0xffff,0xffff,0xffff,
    0xffff,0xffff,0xffff,0xffff,0xffff,0xffff,0xffff,0xffff,0xffff,0xffff,0xffff,0xffff,
    0xffff,0xffff,0xffff,0xffff,0xffff,0xffff,0xffff,0xffff,0xffff,0xffff,0xffff,0xffff,
    0xffff,0xffff,0xffff,0xffff,0xffff,0xffff,0xffff,0xffff,0xffff,0xffff,0xffff,0xffff,
    0xffff,0xffff,0xffff,0xffff,0xffff,0xffff,0xffff,0xffff,0xffff,0xffff,0xffff,0xffff,
    0xffff,0xffff,0xffff,0xffff,0xffff,0xffff,0xffff,0xffff,0xffff,0xffff,0xffff,0xffff,
    0xffff,0xffff,0xffff,0xffff,0xffff,0xffff,0xffff,0xffff,0xffff,0xffff,0xffff,0xffff,
    0xffff,0xffff,0xffff,0xffff,0xffff,0xffff,0xffff,0xffff,0xffff,0xffff,0xffff,0xffff,
    0xffff,0xffff,0xffff,0xffff,0xffff,0xffff,0xffff,0xffff,0xffff,0xffff,0xffff,0xffff,
    0xffff,0xffff,0xffff,0xffff,0xffff,0xffff,0xffff,0xffff,0xffff,0xffff,0xffff,0xffff,
    0xffff,0xffff,0xffff,0xffff,0xffff,0xffff,0xffff,0xffff,0xffff,0xffff,0xffff,0xffff,
    0xffff,0xffff,0xffff,0xffff,0xffff,0xffff,0xffff,0xffff,0xffff,0xffff,0xffff,0xffff,
    0xffff,0xffff,0xffff,0xffff,0xffff,0xffff,0xffff,0xffff,0xffff,0xffff,0xffff,0xffff,
    0xffff,0xffff,0xffff,0xffff,0xffff,0xffff,0xffff,0xffff,0xffff,0xffff,0xffff,0xffff,
    0xffff,0xffff,0xffff,0xffff,0xffff,0xffff,0xffff,0xffff,0xffff,0xffff,0xffff,0xffff,
    0xffff,0xffff,0xffff,0xffff,0xffff,0xffff,0xffff,0xffff,0xffff,0xffff,0xffff,0xffff,
    0xffff,0xffff,0xffff,0xffff,0xffff,0xffff,0xffff,0xffff,0xffff,0xffff,0xffff,0xffff,
    0xffff,0xffff,0xffff,0xffff,0xffff,0xffff,0xffff,0xffff,0xffff,0xffff,0xffff,0xffff,
    0xffff,0xffff,0xffff,0xffff,0xffff,0xffff,0xffff,0xffff,0xffff,0xffff,0xffdb,0xffb6,
    0xff95,0xff95,0xff95,0xff95,0xff95,0xff95,0xffb7,0xfffd,0xffff,0xffff,0xffff,0xffff,
    0xffff,0xffff,0xffff,0xffff,0xffff,0xffff,0xffff,0xffff,0xffff,0xffff,0xffff,0xffff,
    0xffff,0xffff,0xffff,0xffff,0xffff,0xffff,0xffff,0xffff,0xffff,0xffff,0xffff,0xffff,
    0xffff,0xffff,0xffff,0xffff,0xffff,0xffff,0xffff,0xffff,0xffff,0xffff,0xffff,0xffff,
    0xffff,0xffff,0xffff,0xffff,0xffff,0xffff,0xffff,0xffff,0xffff,0xffff,0xffff,0xffff,
    0xffff,0xffff,0xffff,0xffff,0xffff,0xffff,0xffff,0xffff,0xffff,0xffff,0xffff,0xffff,
    0xffff,0xffff,0xffff,0xffff,0xffff,0xffff,0xffff,0xffff,0xffff,0xffff,0xffff,0xffff,
    0xffff,0xffff,0xffff,0xffff,0xffff,0xffff,0xffff,0xffff,0xffff,0xffff,0xffff,0xffff,
    0xffff,0xffff,0xffff,0xffff,0xffff,0xffff,0xffff,0xffff,0xffff,0xffff,0xffff,0xffff,
    0xffff,0xffff,0xffff,0xffff,0xffff,0xffff,0xffff,0xffff,0xffff,0xffff,0xffff,0xffff,
    0xffff,0xffff,0xffff,0xffff,0xffff,0xffff,0xffff,0xffff,0xffff,0xffff,0xffff,0xffff,
    0xffff,0xffff,0xffff,0xffff,0xffff,0xffff,0xffff,0xffff,0xffff,0xffff,0xffff,0xffff,
    0xffff,0xffff,0xffff,0xffff,0xffff,0xffff,0xffff,0xffff,0xffff,0xffff,0xffff,0xffff,
    0xffff,0xffff,0xffff,0xffff,0xffff,0xffff,0xffff,0xffff,0xffff,0xffff,0xffff,0xffff,
    0xffff,0xffff,0xffff,0xffff,0xffff,0xffff,0xffff,0xffff,0xffff,0xffff,0xffff,0xffff,
    0xffff,0xffff,0xffff,0xffff,0xffff,0xffff,0xffff,0xffff,0xffff,0xffff,0xffff,0xffff,
    0xffff,0xffff,0xffff,0xffff,0xffff,0xffff,0xffff,0xffff,0xffff,0xffff,0xffff,0xffff,
    0xffff,0xffff,0xffff,0xffff,0xffff,0xffff,0xffff,0xffff,0xffff,0xffff,0xffff,0xffff,
    0xffff,0xffff,0xffff,0xffff,0xffff,0xffff,0xffff,0xffff,0xffff,0xffff,0xffff,0xffff,
    0xffff,0xffff,0xffff,0xffff,0xffff,0xffff,0xffff,0xffff,0xffff,0xffff,0xffff,0xffff,
    0xffff,0xffff,0xffff,0xffff,0xffff,0xffff,0xffff,0xffff,0xffff,0xffff,0xffff,0xffff,
    0xffff,0xffff,0xffff,0xffdc,0xffb6,0xff95,0xff95,0xff95,0xff95,0xffb7,0xfffe,0xffff,
    0xffff,0xffff,0xffff,0xffff,0xffff,0xffff,0xffff,0xffff,0xffff,0xffff,0xffff,0xffff,
    0xffff,0xffff,0xffff,0xffff,0xffff,0xffff,0xffff,0xffff,0xffff,0xffff,0xffff,0xffff,
    0xffff,0xffff,0xffff,0xffff,0xffff,0xffff,0xffff,0xffff,0xffff,0xffff,0xffff,0xffff,
    0xffff,0xffff,0xffff,0xffff,0xffff,0xffff,0xffff,0xffff,0xffff,0xffff,0xffff,0xffff,
    0xffff,0xffff,0xffff,0xffff,0xffff,0xffff,0xffff,0xffff,0xffff,0xffff,0xffff,0xffff,
    0xffff,0xffff,0xffff,0xffff,0xffff,0xffff,0xffff,0xffff,0xffff,0xffff,0xffff,0xffff,
    0xffff,0xffff,0xffff,0xffff,0xffff,0xffff,0xffff,0xffff,0xffff,0xffff,0xffff,0xffff,
    0xffff,0xffff,0xffff,0xffff,0xffff,0xffff,0xffff,0xffff,0xffff,0xffff,0xffff,0xffff,
    0xffff,0xffff,0xffff,0xffff,0xffff,0xffff,0xffff,0xffff,0xffff,0xffff,0xffff,0xffff,
    0xffff,0xffff,0xffff,0xffff,0xffff,0xffff,0xffff,0xffff,0xffff,0xffff,0xffff,0xffff,
    0xffff,0xffff,0xffff,0xffff,0xffff,0xffff,0xffff,0xffff,0xffff,0xffff,0xffff,0xffff,
    0xffff,0xffff,0xffff,0xffff,0xffff,0xffff,0xffff,0xffff,0xffff,0xffff,0xffff,0xffff,
    0xffff,0xffff,0xffff,0xffff,0xffff,0xffff,0xffff,0xffff,0xffff,0xffff,0xffff,0xffff,
    0xffff,0xffff,0xffff,0xffff,0xffff,0xffff,0xffff,0xffff,0xffff,0xffff,0xffff,0xffff,
    0xffff,0xffff,0xffff,0xffff,0xffff,0xffff,0xffff,0xffff,0xffff,0xffff,0xffff,0xffff,
    0xffff,0xffff,0xffff,0xffff,0xffff,0xffff,0xffff,0xffff,0xffff,0xffff,0xffff,0xffff,
    0xffff,0xffff,0xffff,0xffff,0xffff,0xffff,0xffff,0xffff,0xffff,0xffff,0xffff,0xffff,
    0xffff,0xffff,0xffff,0xffff,0xffff,0xffff,0xffff,0xffff,0xffff,0xffff,0xffff,0xffff,
    0xffff,0xffff,0xffff,0xffff,0xffff,0xffff,0xffff,0xffff,0xffff,0xffff,0xffff,0xffff,
    0xffff,0xffff,0xffff,0xffff,0xffff,0xffff,0xffff,0xffff,0xffff,0xffff,0xffff,0xffff,
    0xffff,0xffff,0xffff,0xffff,0xffff,0xffff,0xffff,0xffff,0xffdb,0xffb6,0xffb6,0xffb6,
    0xffb7,0xffdc,0xffff,0xffff,0xffff,0xffff,0xffff,0xffff,0xffff,0xffff,0xffff,0xffff,
    0xffff,0xffff,0xffff,0xffff,0xffff,0xffff,0xffff,0xffff,0xffff,0xffff,0xffff,0xffff,
    0xffff,0xffff,0xffff,0xffff,0xffff,0xffff,0xffff,0xffff,0xffff,0xffff,0xffff,0xffff,
    0xffff,0xffff,0xffff,0xffff,0xffff,0xffff,0xffff,0xffff,0xffff,0xffff,0xffff,0xffff,
    0xffff,0xffff,0xffff,0xffff,0xffff,0xffff,0xffff,0xffff,0xffff,0xffff,0xffff,0xffff,
    0xffff,0xffff,0xffff,0xffff,0xffff,0xffff,0xffff,0xffff,0xffff,0xffff,0xffff,0xffff,
    0xffff,0xffff,0xffff,0xffff,0xffff,0xffff,0xffff,0xffff,0xffff,0xffff,0xffff,0xffff,
    0xffff,0xffff,0xffff,0xffff,0xffff,0xffff,0xffff,0xffff,0xffff,0xffff,0xffff,0xffff,
    0xffff,0xffff,0xffff,0xffff,0xffff,0xffff,0xffff,0xffff,0xffff,0xffff,0xffff,0xffff,
    0xffff,0xffff,0xffff,0xffff,0xffff,0xffff,0xffff,0xffff,0xffff,0xffff,0xffff,0xffff,
    0xffff,0xffff,0xffff,0xffff,0xffff,0xffff,0xffff,0xffff,0xffff,0xffff,0xffff,0xffff,
    0xffff,0xffff,0xffff,0xffff,0xffff,0xffff,0xffff,0xffff,0xffff,0xffff,0xffff,0xffff,
    0xffff,0xffff,0xffff,0xffff,0xffff,0xffff,0xffff,0xffff,0xffff,0xffff,0xffff,0xffff,
    0xffff,0xffff,0xffff,0xffff,0xffff,0xffff,0xffff,0xffff,0xffff,0xffff,0xffff,0xffff,
    0xffff,0xffff,0xffff,0xffff,0xffff,0xffff,0xffff,0xffff,0xffff,0xffff,0xffff,0xffff,
    0xffff,0xffff,0xffff,0xffff,0xffff,0xffff,0xffff,0xffff,0xffff,0xffff,0xffff,0xffff,
    0xffff,0xffff,0xffff,0xffff,0xffff,0xffff,0xffff,0xffff,0xffff,0xffff,0xffff,0xffff,
    0xffff,0xffff,0xffff,0xffff,0xffff,0xffff,0xffff,0xffff,0xffff,0xffff,0xffff,0xffff,
    0xffff,0xffff,0xffff,0xffff,0xffff,0xffff,0xffff,0xffff,0xffff,0xffff,0xffff,0xffff,
    0xffff,0xffff,0xffff,0xffff,0xffdc,0xffdb,0xffdc,0xffff,0xffff,0xffff,0xffff,0xffff,
    0xffff,0xffff,0xffff,0xffff,0xffff,0xffff,0xffff,0xffff,0xffff,0xffff,0xffff,0xffff,
    0xffff,0xfffe,0xffdb,0xffdb,0xfffd,0xffff,0xffff,0xffff,0xffff,0xffff,0xffff,0xffff,
    0xffff,0xffff,0xffff,0xffff,0xffff,0xffff,0xffff,0xffff,0xffff,0xffff,0xffff,0xffff,
    0xffff,0xffff,0xffff,0xffff,0xffff,0xffff,0xffff,0xffff,0xffff,0xffff,0xffff,0xffff,
    0xffff,0xffff,0xffff,0xffff,0xffff,0xffff,0xffff,0xffff,0xffff,0xffff,0xffff,0xffff,
    0xffff,0xffff,0xffff,0xffff,0xffff,0xffff,0xffff,0xffff,0xffff,0xffff,0xffff,0xffff,
    0xffff,0xffff,0xffff,0xffff,0xffff,0xffff,0xffff,0xffff,0xffff,0xffff,0xffff,0xffff,
    0xffff,0xffff,0xffff,0xffff,0xffff,0xffff,0xffff,0xffff,0xffff,0xffff,0xffff,0xffff,
    0xffff,0xffff,0xffff,0xffff,0xffff,0xffff,0xffff,0xffff,0xffff,0xffff,0xffff,0xffff,
    0xffff,0xffff,0xffff,0xffff,0xffff,0xffff,0xffff,0xffff,0xffff,0xffff,0xffff,0xffff,
    0xffff,0xffff,0xffff,0xffff,0xffff,0xffff,0xffff,0xffff,0xffff,0xffff,0xffff,0xffff,
    0xffff,0xffff,0xffff,0xffff,0xffff,0xffff,0xffff,0xffff,0xffff,0xffff,0xffff,0xffff,
    0xffff,0xffff,0xffff,0xffff,0xffff,0xffff,0xffff,0xffff,0xffff,0xffff,0xffff,0xffff,
    0xffff,0xffff,0xffff,0xffff,0xffff,0xffff,0xffff,0xffff,0xffff,0xffff,0xffff,0xffff,
    0xffff,0xffff,0xffff,0xffff,0xffff,0xffff,0xffff,0xffff,0xffff,0xffff,0xffff,0xffff,
    0xffff,0xffff,0xffff,0xffff,0xffff,0xffff,0xffff,0xffff,0xffff,0xffff,0xffff,0xffff,
    0xffff,0xffff,0xffff,0xffff,0xffff,0xffff,0xffff,0xffff,0xffff,0xffff,0xffff,0xffff,
    0xffff,0xffff,0xffff,0xffff,0xffff,0xffff,0xffff,0xffff,0xffff,0xffff,0xffff,0xffff,
    0xffff,0xffff,0xffff,0xffff,0xffff,0xffff,0xffff,0xffff,0xffff,0xffff,0xffff,0xffff,
    0xffff,0xffff,0xffff,0xffff,0xffff,0xffff,0xffff,0xffff,0xffff,0xffff,0xffff,0xffff,
    0xffff,0xffff,0xffff,0xffff,0xffff,0xffff,0xffff,0xffdb,0xffb7,0xffb7,0xffb7,0xffdb,
    0xffff,0xffff,0xffff,0xffff,0xffff,0xffff,0xffff,0xffff,0xffff,0xffff,0xffff,0xffff,
    0xffff,0xffff,0xffff,0xffff,0xffff,0xffff,0xffff,0xffff,0xffff,0xffff,0xffff,0xffff,
    0xffff,0xffff,0xffff,0xffff,0xffff,0xffff,0xffff,0xffff,0xffff,0xffff,0xffff,0xffff,
    0xffff,0xffff,0xffff,0xffff,0xffff,0xffff,0xffff,0xffff,0xffff,0xffff,0xffff,0xffff,
    0xffff,0xffff,0xffff,0xffff,0xffff,0xffff,0xffff,0xffff,0xffff,0xffff,0xffff,0xffff,
    0xffff,0xffff,0xffff,0xffff,0xffff,0xffff,0xffff,0xffff,0xffff,0xffff,0xffff,0xffff,
    0xffff,0xffff,0xffff,0xffff,0xffff,0xffff,0xffff,0xffff,0xffff,0xffff,0xffff,0xffff,
    0xffff,0xffff,0xffff,0xffff,0xffff,0xffff,0xffff,0xffff,0xffff,0xffff,0xffff,0xffff,
    0xffff,0xffff,0xffff,0xffff,0xffff,0xffff,0xffff,0xffff,0xffff,0xffff,0xffff,0xffff,
    0xffff,0xffff,0xffff,0xffff,0xffff,0xffff,0xffff,0xffff,0xffff,0xffff,0xffff,0xffff,
    0xffff,0xffff,0xffff,0xffff,0xffff,0xffff,0xffff,0xffff,0xffff,0xffff,0xffff,0xffff,
    0xffff,0xffff,0xffff,0xffff,0xffff,0xffff,0xffff,0xffff,0xffff,0xffff,0xffff,0xffff,
    0xffff,0xffff,0xffff,0xffff,0xffff,0xffff,0xffff,0xffff,0xffff,0xffff,0xffff,0xffff,
    0xffff,0xffff,0xffff,0xffff,0xffff,0xffff,0xffff,0xffff,0xffff,0xffff,0xffff,0xffff,
    0xffff,0xffff,0xffff,0xffff,0xffff,0xffff,0xffff,0xffff,0xffff,0xffff,0xffff,0xffff,
    0xffff,0xffff,0xffff,0xffff,0xffff,0xffff,0xffff,0xffff,0xffff,0xffff,0xffff,0xffff,
    0xffff,0xffff,0xffff,0xffff,0xffff,0xffff,0xffff,0xffff,0xffff,0xffff,0xffff,0xffff,
    0xffff,0xffff,0xffff,0xffff,0xffff,0xffff,0xffff,0xffff,0xffff,0xffff,0xffff,0xffff,
    0xffff,0xffff,0xffff,0xffff,0xffff,0xffff,0xffff,0xffff,0xffff,0xffff,0xffff,0xffff,
    0xffff,0xffff,0xffff,0xffff,0xffff,0xffff,0xffff,0xffff,0xffff,0xffff,0xffff,0xffff,
    0xffff,0xffff,0xffff,0xffff,0xffff,0xffff,0xffff,0xffff,0xffff,0xffff,0xffff,0xffb9,
    0xffb7,0xffb7,0xffb7,0xffb9,0xffff,0xffff,0xffff,0xffff,0xffff,0xffff,0xffff,0xffff,
    0xffff,0xffff,0xffff,0xffff,0xffff,0xffff,0xffff,0xffff,0xffff,0xffff,0xffff,0xffff,
    0xffff,0xffff,0xffff,0xffff,0xffff,0xffff,0xffff,0xffff,0xffff,0xffff,0xffff,0xffff,
    0xffff,0xffff,0xffff,0xffff,0xffff,0xffff,0xffff,0xffff,0xffff,0xffff,0xffff,0xffff,
    0xffff,0xffff,0xffff,0xffff,0xffff,0xffff,0xffff,0xffff,0xffff,0xffff,0xffff,0xffff,
    0xffff,0xffff,0xffff,0xffff,0xffff,0xffff,0xffff,0xffff,0xffff,0xffff,0xffff,0xffff,
    0xffff,0xffff,0xffff,0xffff,0xffff,0xffff,0xffff,0xffff,0xffff,0xffff,0xffff,0xffff,
    0xffff,0xffff,0xffff,0xffff,0xffff,0xffff,0xffff,0xffff,0xffff,0xffff,0xffff,0xffff,
    0xffff,0xffff,0xffff,0xffff,0xffff,0xffff,0xffff,0xffff,0xffff,0xffff,0xffff,0xffff,
    0xffff,0xffff,0xffff,0xffff,0xffff,0xffff,0xffff,0xffff,0xffff,0xffff,0xffff,0xffff,
    0xffff,0xffff,0xffff,0xffff,0xffff,0xffff,0xffff,0xffff,0xffff,0xffff,0xffff,0xffff,
    0xffff,0xffff,0xffff,0xffff,0xffff,0xffff,0xffff,0xffff,0xffff,0xffff,0xffff,0xffff,
    0xffff,0xffff,0xffff,0xffff,0xffff,0xffff,0xffff,0xffff,0xffff,0xffff,0xffff,0xffff,
    0xffff,0xffff,0xffff,0xffff,0xffff,0xffff,0xffff,0xffff,0xffff,0xffff,0xffff,0xffff,
    0xffff,0xffff,0xffff,0xffff,0xffff,0xffff,0xffff,0xffff,0xffff,0xffff,0xffff,0xffff,
    0xffff,0xffff,0xffff,0xffff,0xffff,0xffff,0xffff,0xffff,0xffff,0xffff,0xffff,0xffff,
    0xffff,0xffff,0xffff,0xffff,0xffff,0xffff,0xffff,0xffff,0xffff,0xffff,0xffff,0xffff,
    0xffff,0xffff,0xffff,0xffff,0xffff,0xffff,0xffff,0xffff,0xffff,0xffff,0xffff,0xffff,
    0xffff,0xffff,0xffff,0xffff,0xffff,0xffff,0xffff,0xffff,0xffff,0xffff,0xffff,0xffff,
    0xffff,0xffff,0xffff,0xffff,0xffff,0xffff,0xffff,0xffff,0xffff,0xffff,0xffff,0xffff,
    0xffff,0xffff,0xffff,0xffff,0xffff,0xffff,0xffff,0xffff,0xffff,0xffff,0xffff,0xffff,
    0xffff,0xffff,0xffff,0xffb9,0xffb7,0xffb7,0xffb7,0xffb9,0xffff,0xffff,0xffff,0xffff,
    0xffff,0xffff,0xffff,0xffff,0xffff,0xffff,0xffff,0xffff,0xffff,0xffff,0xffff,0xffff,
    0xffff,0xffff,0xffff,0xffff,0xffff,0xffff,0xffff,0xffff,0xffff,0xffff,0xffff,0xffff,
    0xffff,0xffff,0xffff,0xffff,0xffff,0xffff,0xffff,0xffff,0xffff,0xffff,0xffff,0xffff,
    0xffff,0xffff,0xffff,0xffff,0xffff,0xffff,0xffff,0xffff,0xffff,0xffff,0xffff,0xffff,
    0xffff,0xffff,0xffff,0xffff,0xffff,0xffff,0xffff,0xffff,0xffff,0xffff,0xffff,0xffff,
    0xffff,0xffff,0xffff,0xffff,0xffff,0xffff,0xffff,0xffff,0xffff,0xffff,0xffff,0xffff,
    0xffff,0xffff,0xffff,0xffff,0xffff,0xffff,0xffff,0xffff,0xffff,0xffff,0xffff,0xffff,
    0xffff,0xffff,0xffff,0xffff,0xffff,0xffff,0xffff,0xffff,0xffff,0xffff,0xffff,0xffff,
    0xffff,0xffff,0xffff,0xffff,0xffff,0xffff,0xffff,0xffff,0xffff,0xffff,0xffff,0xffff,
    0xffff,0xffff,0xffff,0xffff,0xffff,0xffff,0xffff,0xffff,0xffff,0xffff,0xffff,0xffff,
    0xffff,0xffff,0xffff,0xffff,0xffff,0xffff,0xffff,0xffff,0xffff,0xffff,0xffff,0xffff,
    0xffff,0xffff,0xffff,0xffff,0xffff,0xffff,0xffff,0xffff,0xffff,0xffff,0xffff,0xffff,
    0xffff,0xffff,0xffff,0xffff,0xffff,0xffff,0xffff,0xffff,0xffff,0xffff,0xffff,0xffff,
    0xffff,0xffff,0xffff,0xffff,0xffff,0xffff,0xffff,0xffff,0xffff,0xffff,0xffff,0xffff,
    0xffff,0xffff,0xffff,0xffff,0xffff,0xffff,0xffff,0xffff,0xffff,0xffff,0xffff,0xffff,
    0xffff,0xffff,0xffff,0xffff,0xffff,0xffff,0xffff,0xffff,0xffff,0xffff,0xffff,0xffff,
    0xffff,0xffff,0xffff,0xffff,0xffff,0xffff,0xffff,0xffff,0xffff,0xffff,0xffff,0xffff,
    0xffff,0xffff,0xffff,0xffff,0xffff,0xffff,0xffff,0xffff,0xffff,0xffff,0xffff,0xffff,
    0xffff,0xffff,0xffff,0xffff,0xffff,0xffff,0xffff,0xffff,0xffff,0xffff,0xffff,0xffff,
    0xffff,0xffff,0xffff,0xffff,0xffff,0xffff,0xffff,0xffff,0xffff,0xffff,0xffff,0xffff,
    0xffff,0xffff,0xffff,0xffff,0xffff,0xffff,0xffff,0xfffe,0xffb7,0xffb7,0xffb7,0xfffe,
    0xffff,0xffff,0xffff,0xffff,0xffff,0xffff,0xffff,0xffff,0xffff,0xffff,0xffff,0xffff,
    0xffff,0xffff,0xffff,0xffff,0xffff,0xffff,0xffff,0xffff,0xffff,0xffff,0xffff,0xffff,
    0xffff,0xffff,0xffff,0xffff,0xffff,0xffff,0xffff,0xffff,0xffff,0xffff,0xffff,0xffff,
    0xffff,0xffff,0xffff,0xffff,0xffff,0xffff,0xffff,0xffff,0xffff,0xffff,0xffff,0xffff,
    0xffff,0xffff,0xffff,0xffff,0xffff,0xffff,0xffff,0xffff,0xffff,0xffff,0xffff,0xffff,
    0xffff,0xffff,0xffff,0xffff,0xffff,0xffff,0xffff,0xffff,0xffff,0xffff,0xffff,0xffff,
    0xffff,0xffff,0xffff,0xffff,0xffff,0xffff,0xffff,0xffff,0xffff,0xffff,0xffff,0xffff,
    0xffff,0xffff,0xffff,0xffff,0xffff,0xffff,0xffff,0xffff,0xffff,0xffff,0xffff,0xffff,
    0xffff,0xffff,0xffff,0xffff,0xffff,0xffff,0xffff,0xffff,0xffff,0xffff,0xffff,0xffff,
    0xffff,0xffff,0xffff,0xffff,0xffff,0xffff,0xffff,0xffff,0xffff,0xffff,0xffff,0xffff,
    0xffff,0xffff,0xffff,0xffff,0xffff,0xffff,0xffff,0xffff,0xffff,0xffff,0xffff,0xffff,
    0xffff,0xffff,0xffff,0xffff,0xffff,0xffff,0xffff,0xffff,0xffff,0xffff,0xffff,0xffff,
    0xffff,0xffff,0xffff,0xffff,0xffff,0xffff,0xffff,0xffff,0xffff,0xffff,0xffff,0xffff,
    0xffff,0xffff,0xffff,0xffff,0xffff,0xffff,0xffff,0xffff,0xffff,0xffff,0xffff,0xffff,
    0xffff,0xffff,0xffff,0xffff,0xffff,0xffff,0xffff,0xffff,0xffff,0xffff,0xffff,0xffff,
    0xffff,0xffff,0xffff,0xffff,0xffff,0xffff,0xffff,0xffff,0xffff,0xffff,0xffff,0xffff,
    0xffff,0xffff,0xffff,0xffff,0xffff,0xffff,0xffff,0xffff,0xffff,0xffff,0xffff,0xffff,
    0xffff,0xffff,0xffff,0xffff,0xffff,0xffff,0xffff,0xffff,0xffff,0xffff,0xffff,0xffff,
    0xffff,0xffff,0xffff,0xffff,0xffff,0xffff,0xffff,0xffff,0xffff,0xffff,0xffff,0xffff,
    0xffff,0xffff,0xffff,0xffff,0xffff,0xffff,0xffff,0xffff,0xffff,0xffff,0xffff,0xffff,
    0xffff,0xffff,0xffff,0xffff,0xffff,0xffff,0xffff,0xffff,0xffff,0xffff,0xffff,0xffff,
    0xffff,0xfffe,0xffff,0xffff,0xffff,0xffff,0xffff,0xffff,0xffff,0xffff,0xffff,0xffff,
    0xffff,0xffff,0xffff,0xffff,0xffff,0xffff,0xffff,0xffff,0xffff,0xffff,0xffff,0xffff,
    0xffff,0xffff,0xffff,0xffff,0xffff,0xffff,0xffff,0xffff,0xffff,0xffff,0xffff,0xffff,
    0xffff,0xffff,0xffff,0xffff,0xffff,0xffff,0xffff,0xffff,0xffff,0xffff,0xffff,0xffff,
    0xffff,0xffff,0xffff,0xffff,0xffff,0xffff,0xffff,0xffff,0xffff,0xffff,0xffff,0xffff,
    0xffff,0xffff,0xffff,0xffff,0xffff,0xffff,0xffff,0xffff,0xffff,0xffff,0xffff,0xffff,
    0xffff,0xffff,0xffff,0xffff,0xffff,0xffff,0xffff,0xffff,0xffff,0xffff,0xffff,0xffff,
    0xffff,0xffff,0xffff,0xffff,0xffff,0xffff,0xffff,0xffff,0xffff,0xffff,0xffff,0xffff,
    0xffff,0xffff,0xffff,0xffff,0xffff,0xffff,0xffff,0xffff,0xffff,0xffff,0xffff,0xffff,
    0xffff,0xffff,0xffff,0xffff,0xffff,0xffff,0xffff,0xffff,0xffff,0xffff,0xffff,0xffff,
    0xffff,0xffff,0xffff,0xffff,0xffff,0xffff,0xffff,0xffff,0xffff,0xffff,0xffff,0xffff,
    0xffff,0xffff,0xffff,0xffff,0xffff,0xffff,0xffff,0xffff,0xffff,0xffff,0xffff,0xffff,
    0xffff,0xffff,0xffff,0xffff,0xffff,0xffff,0xffff,0xffff,0xffff,0xffff,0xffff,0xffff,
    0xffff,0xffff,0xffff,0xffff,0xffff,0xffff,0xffff,0xffff,0xffff,0xffff,0xffff,0xffff,
    0xffff,0xffff,0xffff,0xffff,0xffff,0xffff,0xffff,0xffff,0xffff,0xffff,0xffff,0xffff,
    0xffff,0xffff,0xffff,0xffff,0xffff,0xffff,0xffff,0xffff,0xffff,0xffff,0xffff,0xffff,
    0xffff,0xffff,0xffff,0xffff,0xffff,0xffff,0xffff,0xffff,0xffff,0xffff,0xffff,0xffff,
    0xffff,0xffff,0xffff,0xffff,0xffff,0xffff,0xffff,0xffff,0xffff,0xffff,0xffff,0xffff,
    0xffff,0xffff,0xffff,0xffff,0xffff,0xffff,0xffff,0xffff,0xffff,0xffff,0xffff,0xffff,
    0xffff,0xffff,0xffff,0xffff,0xffff,0xffff,0xffff,0xffff,0xffff,0xffff,0xffff,0xffff,
    0xffff,0xffff,0xffff,0xffff,0xffff,0xffff,0xffff,0xffff,0xffff,0xffff,0xffff,0xffff,
    0xffff,0xffff,0xffff,0xffff,0xffff,0xffff,0xffff,0xffff,0xffff,0xffff,0xffff,0xffff,
    0xffff,0xffff,0xffff,0xffff,0xffff,0xffff,0xffff,0xffff,0xffff,0xffff,0xffff,0xffff,
    0xffff,0xffff,0xffff,0xffff,0xffff,0xffff,0xffff,0xffff,0xffff,0xffff,0xffff,0xffff,
    0xffff,0xffff,0xffff,0xffff,0xffff,0xffff,0xffff,0xffff,0xffff,0xffff,0xffff,0xffff,
    0xffff,0xffff,0xffff,0xffff,0xffff,0xffff,0xffff,0xffff,0xffff,0xffff,0xffff,0xffff,
    0xffff,0xffff,0xffff,0xffff,0xffff,0xffff,0xffff,0xffff,0xffff,0xffff,0xffff,0xffff,
    0xffff,0xffff,0xffff,0xffff,0xffff,0xffff,0xffff,0xffff,0xffff,0xffff,0xffff,0xffff,
    0xffff,0xffff,0xffff,0xffff,0xffff,0xffff,0xffff,0xffff,0xffff,0xffff,0xffff,0xffff,
    0xffff,0xffff,0xffff,0xffff,0xffff,0xffff,0xffff,0xffff,0xffff,0xffff,0xffff,0xffff,
    0xffff,0xffff,0xffff,0xffff,0xffff,0xffff,0xffff,0xffff,0xffff,0xffff,0xffff,0xffff,
    0xffff,0xffff,0xffff,0xffff,0xffff,0xffff,0xffff,0xffff,0xffff,0xffff,0xffff,0xffff,
    0xffff,0xffff,0xffff,0xffff,0xffff,0xffff,0xffff,0xffff,0xffff,0xffff,0xffff,0xffff,
    0xffff,0xffff,0xffff,0xffff,0xffff,0xffff,0xffff,0xffff,0xffff,0xffff,0xffff,0xffff,
    0xffff,0xffff,0xffff,0xffff,0xffff,0xffff,0xffff,0xffff,0xffff,0xffff,0xffff,0xffff,
    0xffff,0xffff,0xffff,0xffff,0xffff,0xffff,0xffff,0xffff,0xffff,0xffff,0xffff,0xffff,
    0xffff,0xffff,0xffff,0xffff,0xffff,0xffff,0xffff,0xffff,0xffff,0xffff,0xffff,0xffff,
    0xffff,0xffff,0xffff,0xffff,0xffff,0xffff,0xffff,0xffff,0xffff,0xffff,0xffff,0xffff,
    0xffff,0xffff,0xffff,0xffff,0xffff,0xffff,0xffff,0xffff,0xffff,0xffff,0xffff,0xffff,
    0xffff,0xffff,0xffff,0xffff,0xffff,0xffff,0xffff,0xffff,0xffff,0xffff,0xffff,0xffff,
    0xffff,0xffff,0xffff,0xffff,0xffff,0xffff,0xffff,0xffff,0xffff,0xffff,0xffff,0xffff,
    0xffff,0xffff,0xffff,0xffff,0xffff,0xffff,0xffff,0xffff,0xffff,0xffff,0xffff,0xffff,
    0xffff,0xffff,0xffff,0xffff,0xffff,0xffff,0xffff,0xffff,0xffff,0xffff,0xffff,0xffff,
    0xffff,0xffff,0xffff,0xffff,0xffff,0xffff,0xffff,0xffff,0xffff,0xffff,0xffff,0xffff,
    0xffff,0xffff,0xffff,0xffff,0xffff,0xffff,0xffff,0xffff,0xffff,0xffff,0xffff,0xffff,
    0xffff,0xffff,0xffff,0xffff,0xffff,0xffff,0xffff,0xffff,0xffff,0xffff,0xffff,0xffff,
    0xffff,0xffff,0xffff,0xffff,0xffff,0xffff,0xffff,0xffff,0xffff,0xffff,0xffff,0xffff,
    0xffff,0xffff,0xffff,0xffff,0xffff,0xffff,0xffff,0xffff,0xffff,0xffff,0xffff,0xffff,
    0xffff,0xffff,0xffff,0xffff,0xffff,0xffff,0xffff,0xffff,0xffff,0xffff,0xffff,0xffff,
    0xffff,0xffff,0xffff,0xffff,0xffff,0xffff,0xffff,0xffff,0xffff,0xffff,0xffff,0xffff,
    0xffff,0xffff,0xffff,0xffff,0xffff,0xffff,0xffff,0xffff,0xffff,0xffff,0xffff,0xffff,
    0xffff,0xffff,0xffff,0xffff,0xffff,0xffff,0xffff,0xffff,0xffff,0xffff,0xffff,0xffff,
    0xffff,0xffff,0xffff,0xffff,0xffff,0xffff,0xffff,0xffff,0xffff,0xffff,0xffff,0xffff,
    0xffff,0xffff,0xffff,0xffff,0xffff,0xffff,0xffff,0xffff,0xffff,0xffff,0xffff,0xffff,
    0xffff,0xffff,0xffff,0xffff,0xffff,0xffff,0xffff,0xffff,0xffff,0xffff,0xffff,0xffff,
    0xffff,0xffff,0xffff,0xffff,0xffff,0xffff,0xffff,0xffff,0xffff,0xffff,0xffff,0xffff,
    0xffff,0xffff,0xffff,0xffff,0xffff,0xffff,0xffff,0xffff,0xffff,0xffff,0xffff,0xffff,
    0xffff,0xffff,0xffff,0xffff,0xffff,0xffff,0xffff,0xffff,0xffff,0xffff,0xffff,0xffff,
    0xffff,0xffff,0xffff,0xffff,0xffff,0xffff,0xffff,0xffff,0xffff,0xffff,0xffff,0xffff,
    0xffff,0xffff,0xffff,0xffff,0xffff,0xffff,0xffff,0xffff,0xffff,0xffff,0xffff,0xffff,
    0xffff,0xffff,0xffff,0xffff,0xffff,0xffff,0xffff,0xffff,0xffff,0xffff,0xffff,0xffff,
    0xffff,0xffff,0xffff,0xffff,0xffff,0xffff,0xffff,0xffff,0xffff,0xffff,0xffff,0xffff,
    0xffff,0xffff,0xffff,0xffff,0xffff,0xffff,0xffff,0xffff,0xffff,0xffff,0xffff,0xffff,
    0xffff,0xffff,0xffff,0xffff,0xffff,0xffff,0xffff,0xffff,0xffff,0xffff,0xffff,0xffff,
    0xffff,0xffff,0xffff,0xffff,0xffff,0xffff,0xffff,0xffff,0xffff,0xffff,0xffff,0xffff,
    0xffff,0xffff,0xffff,0xffff,0xffff,0xffff,0xffff,0xffff,0xffff,0xffff,0xffff,0xffff,
    0xffff,0xffff,0xffff,0xffff,0xffff,0xffff,0xffff,0xffff,0xffff,0xffff,0xffff,0xffff,
    0xffff,0xffff,0xffff,0xffff,0xffff,0xffff,0xffff,0xffff,0xffff,0xffff,0xffff,0xffff,
    0xffff,0xffff,0xffff,0xffff,0xffff,0xffff,0xffff,0xffff,0xffff,0xffff,0xffff,0xffff,
    0xffff,0xffff,0xffff,0xffff,0xffff,0xffff,0xffff,0xffff,0xffff,0xffff,0xffff,0xffff,
    0xffff,0xffff,0xffff,0xffff,0xffff,0xffff,0xffff,0xffff,0xffff,0xffff,0xffff,0xffff,
    0xffff,0xffff,0xffff,0xffff,0xffff,0xffff,0xffff,0xffff,0xffff,0xffff,0xffff,0xffff,
    0xffff,0xffff,0xffff,0xffff,0xffff,0xffff,0xffff,0xffff,0xffff,0xffff,0xffff,0xffff,
    0xffff,0xffff,0xffff,0xffff,0xffff,0xffff,0xffff,0xffff,0xffff,0xffff,0xffff,0xffff,
    0xffff,0xffff,0xffff,0xffff,0xffff,0xffff,0xffff,0xffff,0xffff,0xffff,0xffff,0xffff,
    0xffff,0xffff,0xffff,0xffff,0xffff,0xffff,0xffff,0xffff,0xffff,0xffff,0xffff,0xffff,
    0xffff,0xffff,0xffff,0xffff,0xffff,0xffff,0xffff,0xffff,0xffff,0xffff,0xffff,0xffff,
    0xffff,0xffff,0xffff,0xffff,0xffff,0xffff,0xffff,0xffff,0xffff,0xffff,0xffff,0xffff,
    0xffff,0xffff,0xffff,0xffff,0xffff,0xffff,0xffff,0xffff,0xffff,0xffff,0xffff,0xffff,
    0xffff,0xffff,0xffff,0xffff,0xffff,0xffff,0xffff,0xffff,0xffff,0xffff,0xffff,0xffff,
    0xffff,0xffff,0xffff,0xffff,0xffff,0xffff,0xffff,0xffff,0xffff,0xffff,0xffff,0xffff,
    0xffff,0xffff,0xffff,0xffff,0xffff,0xffff,0xffff,0xffff,0xffff,0xffff,0xffff,0xffff,
    0xffff,0xffff,0xffff,0xffff,0xffff,0xffff,0xffff,0xffff,0xffff,0xffff,0xffff,0xffff,
    0xffff,0xffff,0xffff,0xffff,0xffff,0xffff,0xffff,0xffff,0xffff,0xffff,0xffff,0xffff,
    0xffff,0xffff,0xffff,0xffff,0xffff,0xffff,0xffff,0xffff,0xffff,0xffff,0xffff,0xffff,
    0xffff,0xffff,0xffff,0xffff,0xffff,0xffff,0xffff,0xffff,0xffff,0xffff,0xffff,0xffff,
    0xffff,0xffff,0xffff,0xffff,0xffff,0xffff,0xffff,0xffff,0xffff,0xffff,0xffff,0xffff,
    0xffff,0xffff,0xffff,0xffff,0xffff,0xffff,0xffff,0xffff,0xffff,0xffff,0xffff,0xffff,
    0xffff,0xffff,0xffff,0xffff,0xffff,0xffff,0xffff,0xffff,0xffff,0xffff,0xffff,0xffff,
    0xffff,0xffff,0xffff,0xffff,0xffff,0xffff,0xffff,0xffff,0xffff,0xffff,0xffff,0xffff,
    0xffff,0xffff,0xffff,0xffff,0xffff,0xffff,0xffff,0xffff,0xffff,0xffff,0xffff,0xffff,
    0xffff,0xffff,0xffff,0xffff,0xffff,0xffff,0xffff,0xffff,0xffff,0xffff,0xffff,0xffff,
    0xffff,0xffff,0xffff,0xffff,0xffff,0xffff,0xffff,0xffff,0xffff,0xffff,0xffff,0xffff,
    0xffff,0xffff,0xffff,0xffff,0xffff,0xffff,0xffff,0xffff,0xffff,0xffff,0xffff,0xffff,
    0xffff,0xffff,0xffff,0xffff,0xffff,0xffff,0xffff,0xffff,0xffff,0xffff,0xffff,0xffff,
    0xffff,0xffff,0xffff,0xffff,0xffff,0xffff,0xffff,0xffff,0xffff,0xffff,0xffff,0xffff,
    0xffff,0xffff,0xffff,0xffff,0xffff,0xffff,0xffff,0xffff,0xffff,0xffff,0xffff,0xffff,
    0xffff,0xffff,0xffff,0xffff,0xffff,0xffff,0xffff,0xffff,0xffff,0xffff,0xffff,0xffff,
    0xffff,0xffff,0xffff,0xffff,0xffff,0xffff,0xffff,0xffff,0xffff,0xffff,0xffff,0xffff,
    0xffff,0xffff,0xffff,0xffff,0xffff,0xffff,0xffff,0xffff,0xffff,0xffff,0xffff,0xffff,
    0xffff,0xffff,0xffff,0xffff,0xffff,0xffff,0xffff,0xffff,0xffff,0xffff,0xffff,0xffff,
    0xffff,0xffff,0xffff,0xffff,0xffff,0xffff,0xffff,0xffff,0xffff,0xffff,0xffff,0xffff,
    0xffff,0xffff,0xffff,0xffff,0xffff,0xffff,0xffff,0xffff,0xffff,0xffff,0xffff,0xffff,
    0xffff,0xffff,0xffff,0xffff,0xffff,0xffff,0xffff,0xffff,0xffff,0xffff,0xffff,0xffff,
    0xffff,0xffff,0xffff,0xffff,0xffff,0xffff,0xffff,0xffff,0xffff,0xffff,0xffff,0xffff,
    0xffff,0xffff,0xffff,0xffff,0xffff,0xffff,0xffff,0xffff,0xffff,0xffff,0xffff,0xffff,
    0xffff,0xffff,0xffff,0xffff,0xffff,0xffff,0xffff,0xffff,0xffff,0xffff,0xffff,0xffff,
    0xffff,0xffff,0xffff,0xffff,0xffff,0xffff,0xffff,0xffff,0xffff,0xffff,0xffff,0xffff,
    0xffff,0xffff,0xffff,0xffff,0xffff,0xffff,0xffff,0xffff,0xffff,0xffff,0xffff,0xffff,
    0xffff,0xffff,0xffff,0xffff,0xffff,0xffff,0xffff,0xffff,0xffff,0xffff,0xffff,0xffff,
    0xffff,0xffff,0xffff,0xffff,0xffff,0xffff,0xffff,0xffff,0xffff,0xffff,0xffff,0xffff,
    0xffff,0xffff,0xffff,0xffff,0xffff,0xffff,0xffff,0xffff,0xffff,0xffff,0xffff,0xffff,
    0xffff,0xffff,0xffff,0xffff,0xffff,0xffff,0xffff,0xffff,0xffff,0xffff,0xffff,0xffff,
    0xffff,0xffff,0xffff,0xffff,0xffff,0xffff,0xffff,0xffff,0xffff,0xffff,0xffff,0xffff,
    0xffff,0xffff,0xffff,0xffff,0xffff,0xffff,0xffff,0xffff,0xffff,0xffff,0xffff,0xffff,
    0xffff,0xffff,0xffff,0xffff,0xffff,0xffff,0xffff,0xffff,0xffff,0xffff,0xffff,0xffff,
    0xffff,0xffff,0xffff,0xffff,0xffff,0xffff,0xffff,0xffff,0xffff,0xffff,0xffff,0xffff,
    0xffff,0xffff,0xffff,0xffff,0xffff,0xffff,0xffff,0xffff,0xffff,0xffff,0xffff,0xffff,
    0xffff,0xffff,0xffff,0xffff,0xffff,0xffff,0xffff,0xffff,0xffff,0xffff,0xffff,0xffff,
    0xffff,0xffff,0xffff,0xffff,0xffff,0xffff,0xffff,0xffff,0xffff,0xffff,0xffff,0xffff,
    0xffff,0xffff,0xffff,0xffff,0xffff,0xffff,0xffff,0xffff,0xffff,0xffff,0xffff,0xffff,
    0xffff,0xffff,0xffff,0xffff,0xffff,0xffff,0xffff,0xffff,0xffff,0xffff,0xffff,0xffff,
    0xffff,0xffff,0xffff,0xffff,0xffff,0xffff,0xffff,0xffff,0xffff,0xffff,0xffff,0xffff,
    0xffff,0xffff,0xffff,0xffff,0xffff,0xffff,0xffff,0xffff,0xffff,0xffff,0xffff,0xffff,
    0xffff,0xffff,0xffff,0xffff,0xffff,0xffff,0xffff,0xffff,0xffff,0xffff,0xffff,0xffff,
    0xffff,0xffff,0xffff,0xffff,0xffff,0xffff,0xffff,0xffff,0xffff,0xffff,0xffff,0xffff,
    0xffff,0xffff,0xffff,0xffff,0xffff,0xffff,0xffff,0xffff,0xffff,0xffff,0xffff,0xffff,
    0xffff,0xffff,0xffff,0xffff,0xffff,0xffff,0xffff,0xffff,0xffff,0xffff,0xffff,0xffff,
    0xffff,0xffff,0xffff,0xffff,0xffff,0xffff,0xffff,0xffff,0xffff,0xffff,0xffff,0xffff,
    0xffff,0xffff,0xffff,0xffff,0xffff,0xffff,0xffff,0xffff,0xffff,0xffff,0xffff,0xffff,
    0xffff,0xffff,0xffff,0xffff,0xffff,0xffff,0xffff,0xffff,0xffff,0xffff,0xffff,0xffff,
    0xffff,0xffff,0xffff,0xffff,0xffff,0xffff,0xffff,0xffff,0xffff,0xffff,0xffff,0xffff,
    0xffff,0xffff,0xffff,0xffff,0xffff,0xffff,0xffff,0xffff,0xffff,0xffff,0xffff,0xffff,
    0xffff,0xffff,0xffff,0xffff,0xffff,0xffff,0xffff,0xffff,0xffff,0xffff,0xffff,0xffff,
    0xffff,0xffff,0xffff,0xffff,0xffff,0xffff,0xffff,0xffff,0xffff,0xffff,0xffff,0xffff,
    0xffff,0xffff,0xffff,0xffff,0xffff,0xffff,0xffff,0xffff,0xffff,0xffff,0xffff,0xffff,
    0xffff,0xffff,0xffff,0xffff,0xffff,0xffff,0xffff,0xffff,0xffff,0xffff,0xffff,0xffff,
    0xffff,0xffff,0xffff,0xffff,0xffff,0xffff,0xffff,0xffff,0xffff,0xffff,0xffff,0xffff,
    0xffff,0xffff,0xffff,0xffff,0xffff,0xffff,0xffff,0xffff,0xffff,0xffff,0xffff,0xffff,
    0xffff,0xffff,0xffff,0xffff,0xffff,0xffff,0xffff,0xffff,0xffff,0xffff,0xffff,0xffff,
    0xffff,0xffff,0xffff,0xffff,0xffff,0xffff,0xffff,0xffff,0xffff,0xffff,0xffff,0xffff,
    0xffff,0xffff,0xffff,0xffff,0xffff,0xffff,0xffff,0xffff,0xffff,0xffff,0xffff,0xffff,
    0xffff,0xffff,0xffff,0xffff,0xffff,0xffff,0xffff,0xffff,0xffff,0xffff,0xffff,0xffff,
    0xffff,0xffff,0xffff,0xffff,0xffff,0xffff,0xffff,0xffff,0xffff,0xffff,0xffff,0xffff,
    0xffff,0xffff,0xffff,0xffff,0xffff,0xffff,0xffff,0xffff,0xffff,0xffff,0xffff,0xffff,
    0xffff,0xffff,0xffff,0xffff,0xffff,0xffff,0xffff,0xffff,0xffff,0xffff,0xffff,0xffff,
    0xffff,0xffff,0xffff,0xffff,0xffff,0xffff,0xffff,0xffff,0xffff,0xffff,0xffff,0xffff,
    0xffff,0xffff,0xffff,0xffff,0xffff,0xffff,0xffff,0xffff,0xffff,0xffff,0xffff,0xffff,
    0xffff,0xffff,0xffff,0xffff,0xffff,0xffff,0xffff,0xffff,0xffff,0xffff,0xffff,0xffff,
    0xffff,0xffff,0xffff,0xffff,0xffff,0xffff,0xffff,0xffff,0xffff,0xffff,0xffff,0xffff,
    0xffff,0xffff,0xffff,0xffff,0xffff,0xffff,0xffff,0xffff,0xffff,0xffff,0xffff,0xffff,
    0xffff,0xffff,0xffff,0xffff,0xffff,0xffff,0xffff,0xffff,0xffff,0xffff,0xffff,0xffff,
    0xffff,0xffff,0xffff,0xffff,0xffff,0xffff,0xffff,0xffff,0xffff,0xffff,0xffff,0xffff,
    0xffff,0xffff,0xffff,0xffff,0xffff,0xffff,0xffff,0xffff,0xffff,0xffff,0xffff,0xffff,
    0xffff,0xffff,0xffff,0xffff,0xffff,0xffff,0xffff,0xffff,0xffff,0xffff,0xffff,0xffff,
    0xffff,0xffff,0xffff,0xffff,0xffff,0xffff,0xffff,0xffff,0xffff,0xffff,0xffff,0xffff,
    0xffff,0xffff,0xffff,0xffff,0xffff,0xffff,0xffff,0xffff,0xffff,0xffff,0xffff,0xffff,
    0xffff,0xffff,0xffff,0xffff,0xffff,0xffff,0xffff,0xffff,0xffff,0xffff,0xffff,0xffff,
    0xffff,0xffff,0xffff,0xffff,0xffff,0xffff,0xffff,0xffff,0xffff,0xffff,0xffff,0xffff,
    0xffff,0xffff,0xffff,0xffff,0xffff,0xffff,0xffff,0xffff,0xffff,0xffff,0xffff,0xffff,
    0xffff,0xffff,0xffff,0xffff,0xffff,0xffff,0xffff,0xffff,0xffff,0xffff,0xffff,0xffff,
    0xffff,0xffff,0xffff,0xffff,0xffff,0xffff,0xffff,0xffff,0xffff,0xffff,0xffff,0xffff,
    0xffff,0xffff,0xffff,0xffff,0xffff,0xffff,0xffff,0xffff,0xffff,0xffff,0xffff,0xffff,
    0xffff,0xffff,0xffff,0xffff,0xffff,0xffff,0xffff,0xffff,0xffff,0xffff,0xffff,0xffff,
    0xffff,0xffff,0xffff,0xffff,0xffff,0xffff,0xffff,0xffff,0xffff,0xffff,0xffff,0xffff,
    0xffff,0xffff,0xffff,0xffff,0xffff,0xffff,0xffff,0xffff,0xffff,0xffff,0xffff,0xffff,
    0xffff,0xffff,0xffff,0xffff,0xffff,0xffff,0xffff,0xffff,0xffff,0xffff,0xffff,0xffff,
    0xffff,0xffff,0xffff,0xffff,0xffff,0xffff,0xffff,0xffff,0xffff,0xffff,0xffff,0xffff,
    0xffff,0xffff,0xffff,0xffff,0xffff,0xffff,0xffff,0xffff,0xffff,0xffff,0xffff,0xffff,
    0xffff,0xffff,0xffff,0xffff,0xffff,0xffff,0xffff,0xffff,0xffff,0xffff,0xffff,0xffff,
    0xffff,0xffff,0xffff,0xffff,0xffff,0xffff,0xffff,0xffff,0xffff,0xffff,0xffff,0xffff,
    0xffff,0xffff,0xffff,0xffff,0xffff,0xffff,0xffff,0xffff,0xffff,0xffff,0xffff,0xffff,
    0xffff,0xffff,0xffff,0xffff,0xffff,0xffff,0xffff,0xffff,0xffff,0xffff,0xffff,0xffff,
    0xffff,0xffff,0xffff,0xffff,0xffff,0xffff,0xffff,0xffff,0xffff,0xffff,0xffff,0xffff,
    0xffff,0xffff,0xffff,0xffff,0xffff,0xffff,0xffff,0xffff,0xffff,0xffff,0xffff,0xffff,
    0xffff,0xffff,0xffff,0xffff,0xffff,0xffff,0xffff,0xffff,0xffff,0xffff,0xffff,0xffff,
    0xffff,0xffff,0xffff,0xffff,0xffff,0xffff,0xffff,0xffff,0xffff,0xffff,0xffff,0xffff,
    0xffff,0xffff,0xffff,0xffff,0xffff,0xffff,0xffff,0xffff,0xffff,0xffff,0xffff,0xffff,
    0xffff,0xffff,0xffff,0xffff,0xffff,0xffff,0xffff,0xffff,0xffff,0xffff,0xffff,0xffff,
    0xffff,0xffff,0xffff,0xffff,0xffff,0xffff,0xffff,0xffff,0xffff,0xffff,0xffff,0xffff,
    0xffff,0xffff,0xffff,0xffff,0xffff,0xffff,0xffff,0xffff,0xffff,0xffff,0xffff,0xffff,
    0xffff,0xffff,0xffff,0xffff,0xffff,0xffff,0xffff,0xffff,0xffff,0xffff,0xffff,0xffff,
    0xffff,0xffff,0xffff,0xffff,0xffff,0xffff,0xffff,0xffff,0xffff,0xffff,0xffff,0xffff,
    0xffff,0xffff,0xffff,0xffff,0xffff,0xffff,0xffff,0xffff,0xffff,0xffff,0xffff,0xffff,
    0xffff,0xffff,0xffff,0xffff,0xffff,0xffff,0xffff,0xffff,0xffff,0xffff,0xffff,0xffff,
    0xffff,0xffff,0xffff,0xffff,0xffff,0xffff,0xffff,0xffff,0xffff,0xffff,0xffff,0xffff,
    0xffff,0xffff,0xffff,0xffff,0xffff,0xffff,0xffff,0xffff,0xffff,0xffff,0xffff,0xffff,
    0xffff,0xffff,0xffff,0xffff,0xffff,0xffff,0xffff,0xffff,0xffff,0xffff,0xffff,0xffff,
    0xffff,0xffff,0xffff,0xffff,0xffff,0xffff,0xffff,0xffff,0xffff,0xffff,0xffff,0xffff,
    0xffff,0xffff,0xffff,0xffff,0xffff,0xffff,0xffff,0xffff,0xffff,0xffff,0xffff,0xffff,
    0xffff,0xffff,0xffff,0xffff,0xffff,0xffff,0xffff,0xffff,0xffff,0xffff,0xffff,0xffff,
    0xffff,0xffff,0xffff,0xffff,0xffff,0xffff,0xffff,0xffff,0xffff,0xffff,0xffff,0xffff,
    0xffff,0xffff,0xffff,0xffff,0xffff,0xffff,0xffff,0xffff,0xffff,0xffff,0xffff,0xffff,
    0xffff,0xffff,0xffff,0xffff,0xffff,0xffff,0xffff,0xffff,0xffff,0xffff,0xffff,0xffff,
    0xffff,0xffff,0xffff,0xffff,0xffff,0xffff,0xffff,0xffff,0xffff,0xffff,0xffff,0xffff,
    0xffff,0xffff,0xffff,0xffff,0xffff,0xffff,0xffff,0xffff,0xffff,0xffff,0xffff,0xffff,
    0xffff,0xffff,0xffff,0xffff,0xffff,0xffff,0xffff,0xffff,0xffff,0xffff,0xffff,0xffff,
    0xffff,0xffff,0xffff,0xffff,0xffff,0xffff,0xffff,0xffff,0xffff,0xffff,0xffff,0xffff,
    0xffff,0xffff,0xffff,0xffff,0xffff,0xffff,0xffff,0xffff,0xffff,0xffff,0xffff,0xffff,
    0xffff,0xffff,0xffff,0xffff,0xffff,0xffff,0xffff,0xffff,0xffff,0xffff,0xffff,0xffff,
    0xffff,0xffff,0xffff,0xffff,0xffff,0xffff,0xffff,0xffff,0xffff,0xffff,0xffff,0xffff,
    0xffff,0xffff,0xffff,0xffff,0xffff,0xffff,0xffff,0xffff,0xffff,0xffff,0xffff,0xffff,
    0xffff,0xffff,0xffff,0xffff,0xffff,0xffff,0xffff,0xffff,0xffff,0xffff,0xffff,0xffff,
    0xffff,0xffff,0xffff,0xffff,0xffff,0xffff,0xffff,0xffff,0xffff,0xffff,0xffff,0xffff,
    0xffff,0xffff,0xffff,0xffff,0xffff,0xffff,0xffff,0xffff,0xffff,0xffff,0xffff,0xffff,
    0xffff,0xffff,0xffff,0xffff,0xffff,0xffff,0xffff,0xffff,0xffff,0xffff,0xffff,0xffff,
    0xffff,0xffff,0xffff,0xffff,0xffff,0xffff,0xffff,0xffff,0xffff,0xffff,0xffff,0xffff,
    0xffff,0xffff,0xffff,0xffff,0xffff,0xffff,0xffff,0xffff,0xffff,0xffff,0xffff,0xffff,
    0xffff,0xffff,0xffff,0xffff,0xffff,0xffff,0xffff,0xffff,0xffff,0xffff,0xffff,0xffff,
    0xffff,0xffff,0xffff,0xffff,0xffff,0xffff,0xffff,0xffff,0xffff,0xffff,0xffff,0xffff,
    0xffff,0xffff,0xffff,0xffff,0xffff,0xffff,0xffff,0xffff,0xffff,0xffff,0xffff,0xffff,
    0xffff,0xffff,0xffff,0xffff,0xffff,0xffff,0xffff,0xffff,0xffff,0xffff,0xffff,0xffff,
    0xffff,0xffff,0xffff,0xffff,0xffff,0xffff,0xffff,0xffff,0xffff,0xffff,0xffff,0xffff,
    0xffff,0xffff,0xffff,0xffff,0xffff,0xffff,0xffff,0xffff,0xffff,0xffff,0xffff,0xffff,
    0xffff,0xffff,0xffff,0xffff,0xffff,0xffff,0xffff,0xffff,0xffff,0xffff,0xffff,0xffff,
    0xffff,0xffff,0xffff,0xffff,0xffff,0xffff,0xffff,0xffff,0xffff,0xffff,0xffff,0xffff,
    0xffff,0xffff,0xffff,0xffff,0xffff,0xffff,0xffff,0xffff,0xffff,0xffff,0xffff,0xffff,
    0xffff,0xffff,0xffff,0xffff,0xffff,0xffff,0xffff,0xffff,0xffff,0xffff,0xffff,0xffff,
    0xffff,0xffff,0xffff,0xffff,0xffff,0xffff,0xffff,0xffff,0xffff,0xffff,0xffff,0xffff,
    0xffff,0xffff,0xffff,0xffff,0xffff,0xffff,0xffff,0xffff,0xffff,0xffff,0xffff,0xffff,
    0xffff,0xffff,0xffff,0xffff,0xffff,0xffff,0xffff,0xffff,0xffff,0xffff,0xffff,0xffff,
    0xffff,0xffff,0xffff,0xffff,0xffff,0xffff,0xffff,0xffff,0xffff,0xffff,0xffff,0xffff,
    0xffff,0xffff,0xffff,0xffff,0xffff,0xffff,0xffff,0xffff,0xffff,0xffff,0xffff,0xffff,
    0xffff,0xffff,0xffff,0xffff,0xffff,0xffff,0xffff,0xffff,0xffff,0xffff,0xffff,0xffff,
    0xffff,0xffff,0xffff,0xffff,0xffff,0xffff,0xffff,0xffff,0xffff,0xffff,0xffff,0xffff,
    0xffff,0xffff,0xffff,0xffff,0xffff,0xffff,0xffff,0xffff,0xffff,0xffff,0xffff,0xffff,
    0xffff,0xffff,0xffff,0xffff,0xffff,0xffff,0xffff,0xffff,0xffff,0xffff,0xffff,0xffff,
    0xffff,0xffff,0xffff,0xffff,0xffff,0xffff,0xffff,0xffff,0xffff,0xffff,0xffff,0xffff,
    0xffff,0xffff,0xffff,0xffff,0xffff,0xffff,0xffff,0xffff,0xffff,0xffff,0xffff,0xffff,
    0xffff,0xffff,0xffff,0xffff,0xffff,0xffff,0xffff,0xffff,0xffff,0xffff,0xffff,0xffff,
    0xffff,0xffff,0xffff,0xffff,0xffff,0xffff,0xffff,0xffff,0xffff,0xffff,0xffff,0xffff,
    0xffff,0xffff,0xffff,0xffff,0xffff,0xffff,0xffff,0xffff,0xffff,0xffff,0xffff,0xffff,
    0xffff,0xffff,0xffff,0xffff,0xffff,0xffff,0xffff,0xffff,0xffff,0xffff,0xffff,0xffff,
    0xffff,0xffff,0xffff,0xffff,0xffff,0xffff,0xffff,0xffff,0xffff,0xffff,0xffff,0xffff,
    0xffff,0xffff,0xffff,0xffff,0xffff,0xffff,0xffff,0xffff,0xffff,0xffff,0xffff,0xffff,
    0xffff,0xffff,0xffff,0xffff,0xffff,0xffff,0xffff,0xffff,0xffff,0xffff,0xffff,0xffff,
    0xffff,0xffff,0xffff,0xffff,0xffff,0xffff,0xffff,0xffff,0xffff,0xffff,0xffff,0xffff,
    0xffff,0xffff,0xffff,0xffff,0xffff,0xffff,0xffff,0xffff,0xffff,0xffff,0xffff,0xffff,
    0xffff,0xffff,0xffff,0xffff,0xffff,0xffff,0xffff,0xffff,0xffff,0xffff,0xffff,0xffff,
    0xffff,0xffff,0xffff,0xffff,0xffff,0xffff,0xffff,0xffff,0xffff,0xffff,0xffff,0xffff,
    0xffff,0xffff,0xffff,0xffff,0xffff,0xffff,0xffff,0xffff,0xffff,0xffff,0xffff,0xffff,
    0xffff,0xffff,0xffff,0xffff,0xffff,0xffff,0xffff,0xffff,0xffff,0xffff,0xffff,0xffff,
    0xffff,0xffff,0xffff,0xffff,0xffff,0xffff,0xffff,0xffff,0xffff,0xffff,0xffff,0xffff,
    0xffff,0xffff,0xffff,0xffff,0xffff,0xffff,0xffff,0xffff,0xffff,0xffff,0xffff,0xffff,
    0xffff,0xffff,0xffff,0xffff,0xffff,0xffff,0xffff,0xffff,0xffff,0xffff,0xffff,0xffff,
    0xffff,0xffff,0xffff,0xffff,0xffff,0xffff,0xffff,0xffff,0xffff,0xffff,0xffff,0xffff,
    0xffff,0xffff,0xffff,0xffff,0xffff,0xffff,0xffff,0xffff,0xffff,0xffff,0xffff,0xffff,
    0xffff,0xffff,0xffff,0xffff,0xffff,0xffff,0xffff,0xffff,0xffff,0xffff,0xffff,0xffff,
    0xffff,0xffff,0xffff,0xffff,0xffff,0xffff,0xffff,0xffff,0xffff,0xffff,0xffff,0xffff,
    0xffff,0xffff,0xffff,0xffff,0xffff,0xffff,0xffff,0xffff,0xffff,0xffff,0xffff,0xffff,
    0xffff,0xffff,0xffff,0xffff,0xffff,0xffff,0xffff,0xffff,0xffff,0xffff,0xffff,0xffff,
    0xffff,0xffff,0xffff,0xffff,0xffff,0xffff,0xffff,0xffff,0xffff,0xffff,0xffff,0xffff,
    0xffff,0xffff,0xffff,0xffff,0xffff,0xffff,0xffff,0xffff,0xffff,0xffff,0xffff,0xffff,
    0xffff,0xffff,0xffff,0xffff,0xffff,0xffff,0xffff,0xffff,0xffff,0xffff,0xffff,0xffff,
    0xffff,0xffff,0xffff,0xffff,0xffff,0xffff,0xffff,0xffff,0xffff,0xffff,0xffff,0xffff,
    0xffff,0xffff,0xffff,0xffff,0xffff,0xffff,0xffff,0xffff,0xffff,0xffff,0xffff,0xffff,
    0xffff,0xffff,0xffff,0xffff,0xffff,0xffff,0xffff,0xffff,0xffff,0xffff,0xffff,0xffff,
    0xffff,0xffff,0xffff,0xffff,0xffff,0xffff,0xffff,0xffff,0xffff,0xffff,0xffff,0xffff,
    0xffff,0xffff,0xffff,0xffff,0xffff,0xffff,0xffff,0xffff,0xffff,0xffff,0xffff,0xffff,
    0xffff,0xffff,0xffff,0xffff,0xffff,0xffff,0xffff,0xffff,0xffff,0xffff,0xffff,0xffff,
    0xffff,0xffff,0xffff,0xffff,0xffff,0xffff,0xffff,0xffff,0xffff,0xffff,0xffff,0xffff,
    0xffff,0xffff,0xffff,0xffff,0xffff,0xffff,0xffff,0xffff,0xffff,0xffff,0xffff,0xffff,
    0xffff,0xffff,0xffff,0xffff,0xffff,0xffff,0xffff,0xffff,0xffff,0xffff,0xffff,0xffff,
    0xffff,0xffff,0xffff,0xffff,0xffff,0xffff,0xffff,0xffff,0xffff,0xffff,0xffff,0xffff,
    0xffff,0xffff,0xffff,0xffff,0xffff,0xffff,0xffff,0xffff,0xffff,0xffff,0xffff,0xffff,
    0xffff,0xffff,0xffff,0xffff,0xffff,0xffff,0xffff,0xffff,0xffff,0xffff,0xffff,0xffff,
    0xffff,0xffff,0xffff,0xffff,0xffff,0xffff,0xffff,0xffff,0xffff,0xffff,0xffff,0xffff,
    0xffff,0xffff,0xffff,0xffff,0xffff,0xffff,0xffff,0xffff,0xffff,0xffff,0xffff,0xffff,
    0xffff,0xffff,0xffff,0xffff,0xffff,0xffff,0xffff,0xffff,0xffff,0xffff,0xffff,0xffff,
    0xffff,0xffff,0xffff,0xffff,0xffff,0xffff,0xffff,0xffff,0xffff,0xffff,0xffff,0xffff,
    0xffff,0xffff,0xffff,0xffff,0xffff,0xffff,0xffff,0xffff,0xffff,0xffff,0xffff,0xffff,
    0xffff,0xffff,0xffff,0xffff,0xffff,0xffff,0xffff,0xffff,0xffff,0xffff,0xffff,0xffff,
    0xffff,0xffff,0xffff,0xffff,0xffff,0xffff,0xffff,0xffff,0xffff,0xffff,0xffff,0xffff,
    0xffff,0xffff,0xffff,0xffff,0xffff,0xffff,0xffff,0xffff,0xffff,0xffff,0xffff,0xffff,
    0xffff,0xffff,0xffff,0xffff,0xffff,0xffff,0xffff,0xffff,0xffff,0xffff,0xffff,0xffff,
    0xffff,0xffff,0xffff,0xffff,0xffff,0xffff,0xffff,0xffff,0xffff,0xffff,0xffff,0xffff,
    0xffff,0xffff,0xffff,0xffff,0xffff,0xffff,0xffff,0xffff,0xffff,0xffff,0xffff,0xffff,
    0xffff,0xffff,0xffff,0xffff,0xffff,0xffff,0xffff,0xffff,0xffff,0xffff,0xffff,0xffff,
    0xffff,0xffff,0xffff,0xffff,0xffff,0xffff,0xffff,0xffff,0xffff,0xffff,0xffff,0xffff,
    0xffff,0xffff,0xffff,0xffff,0xffff,0xffff,0xffff,0xffff,0xffff,0xffff,0xffff,0xffff,
    0xffff,0xffff,0xffff,0xffff,0xffff,0xffff,0xffff,0xffff,0xffff,0xffff,0xffff,0xffff,
    0xffff,0xffff,0xffff,0xffff,0xffff,0xffff,0xffff,0xffff,0xffff,0xffff,0xffff,0xffff,
    0xffff,0xffff,0xffff,0xffff,0xffff,0xffff,0xffff,0xffff,0xffff,0xffff,0xffff,0xffff,
    0xffff,0xffff,0xffff,0xffff,0xffff,0xffff,0xffff,0xffff,0xffff,0xffff,0xffff,0xffff,
    0xffff,0xffff,0xffff,0xffff,0xffff,0xffff,0xffff,0xffff,0xffff,0xffff,0xffff,0xffff,
    0xffff,0xffff,0xffff,0xffff,0xffff,0xffff,0xffff,0xffff,0xffff,0xffff,0xffff,0xffff,
    0xffff,0xffff,0xffff,0xffff,0xffff,0xffff,0xffff,0xffff,0xffff,0xffff,0xffff,0xffff,
    0xffff,0xffff,0xffff,0xffff,0xffff,0xffff,0xffff,0xffff,0xffff,0xffff,0xffff,0xffff,
    0xffff,0xffff,0xffff,0xffff,0xffff,0xffff,0xffff,0xffff,0xffff,0xffff,0xffff,0xffff,
    0xffff,0xffff,0xffff,0xffff,0xffff,0xffff,0xffff,0xffff,0xffff,0xffff,0xffff,0xffff,
    0xffff,0xffff,0xffff,0xffff,0xffff,0xffff,0xffff,0xffff,0xffff,0xffff,0xffff,0xffff,
    0xffff,0xffff,0xffff,0xffff,0xffff,0xffff,0xffff,0xffff,0xffff,0xffff,0xffff,0xffff,
    0xffff,0xffff,0xffff,0xffff,0xffff,0xffff,0xffff,0xffff,0xffff,0xffff,0xffff,0xffff,
    0xffff,0xffff,0xffff,0xffff,0xffff,0xffff,0xffff,0xffff,0xffff,0xffff,0xffff,0xffff,
    0xffff,0xffff,0xffff,0xffff,0xffff,0xffff,0xffff,0xffff,0xffff,0xffff,0xffff,0xffff,
    0xffff,0xffff,0xffff,0xffff,0xffff,0xffff,0xffff,0xffff,0xffff,0xffff,0xffff,0xffff,
    0xffff,0xffff,0xffff,0xffff,0xffff,0xffff,0xffff,0xffff,0xffff,0xffff,0xffff,0xffff,
    0xffff,0xffff,0xffff,0xffff,0xffff,0xffff,0xffff,0xffff,0xffff,0xffff,0xffff,0xffff,
    0xffff,0xffff,0xffff,0xffff,0xffff,0xffff,0xffff,0xffff,0xffff,0xffff,0xffff,0xffff,
    0xffff,0xffff,0xffff,0xffff,0xffff,0xffff,0xffff,0xffff,0xffff,0xffff,0xffff,0xffff,
    0xffff,0xffff,0xffff,0xffff,0xffff,0xffff,0xffff,0xffff,0xffff,0xffff,0xffff,0xffff,
    0xffff,0xffff,0xffff,0xffff,0xffff,0xffff,0xffff,0xffff,0xffff,0xffff,0xffff,0xffff,
    0xffff,0xffff,0xffff,0xffff,0xffff,0xffff,0xffff,0xffff,0xffff,0xffff,0xffff,0xffff,
    0xffff,0xffff,0xffff,0xffff,0xffff,0xffff,0xffff,0xffff,0xffff,0xffff,0xffff,0xffff,
    0xffff,0xffff,0xffff,0xffff,0xffff,0xffff,0xffff,0xffff,0xffff,0xffff,0xffff,0xffff,
    0xffff,0xffff,0xffff,0xffff,0xffff,0xffff,0xffff,0xffff,0xffff,0xffff,0xffff,0xffff,
    0xffff,0xffff,0xffff,0xffff,0xffff,0xffff,0xffff,0xffff,0xffff,0xffff,0xffff,0xffff,
    0xffff,0xffff,0xffff,0xffff,0xffff,0xffff,0xffff,0xffff,0xffff,0xffff,0xffff,0xffff,
    0xffff,0xffff,0xffff,0xffff,0xffff,0xffff,0xffff,0xffff,0xffff,0xffff,0xffff,0xffff,
    0xffff,0xffff,0xffff,0xffff,0xffff,0xffff,0xffff,0xffff,0xffff,0xffff,0xffff,0xffff,
    0xffff,0xffff,0xffff,0xffff,0xffff,0xffff,0xffff,0xffff,0xffff,0xffff,0xffff,0xffff,
    0xffff,0xffff,0xffff,0xffff,0xffff,0xffff,0xffff,0xffff,0xffff,0xffff,0xffff,0xffff,
    0xffff,0xffff,0xffff,0xffff,0xffff,0xffff,0xffff,0xffff,0xffff,0xffff,0xffff,0xffff,
    0xffff,0xffff,0xffff,0xffff,0xffff,0xffff,0xffff,0xffff,0xffff,0xffff,0xffff,0xffff,
    0xffff,0xffff,0xffff,0xffff,0xffff,0xffff,0xffff,0xffff,0xffff,0xffff,0xffff,0xffff,
    0xffff,0xffff,0xffff,0xffff,0xffff,0xffff,0xffff,0xffff,0xffff,0xffff,0xffff,0xffff,
    0xffff,0xffff,0xffff,0xffff,0xffff,0xffff,0xffff,0xffff,0xffff,0xffff,0xffff,0xffff,
    0xffff,0xffff,0xffff,0xffff,0xffff,0xffff,0xffff,0xffff,0xffff,0xffff,0xffff,0xffff,
    0xffff,0xffff,0xffff,0xffff,0xffff,0xffff,0xffff,0xffff,0xffff,0xffff,0xffff,0xffff,
    0xffff,0xffff,0xffff,0xffff,0xffff,0xffff,0xffff,0xffff,0xffff,0xffff,0xffff,0xffff,
    0xffff,0xffff,0xffff,0xffff,0xffff,0xffff,0xffff,0xffff,0xffff,0xffff,0xffff,0xffff,
    0xffff,0xffff,0xffff,0xffff,0xffff,0xffff,0xffff,0xffff,0xffff,0xffff,0xffff,0xffff,
    0xffff,0xffff,0xffff,0xffff,0xffff,0xffff,0xffff,0xffff,0xffff,0xffff,0xffff,0xffff,
    0xffff,0xffff,0xffff,0xffff,0xffff,0xffff,0xffff,0xffff,0xffff,0xffff,0xffff,0xffff,
    0xffff,0xffff,0xffff,0xffff,0xffff,0xffff,0xffff,0xffff,0xffff,0xffff,0xffff,0xffff,
    0xffff,0xffff,0xffff,0xffff,0xffff,0xffff,0xffff,0xffff,0xffff,0xffff,0xffff,0xffff,
    0xffff,0xffff,0xffff,0xffff,0xffff,0xffff,0xffff,0xffff,0xffff,0xffff,0xffff,0xffff,
    0xffff,0xffff,0xffff,0xffff,0xffff,0xffff,0xffff,0xffff,0xffff,0xffff,0xffff,0xffff,
    0xffff,0xffff,0xffff,0xffff,0xffff,0xffff,0xffff,0xffff,0xffff,0xffff,0xffff,0xffff,
    0xffff,0xffff,0xffff,0xffff,0xffff,0xffff,0xffff,0xffff,0xffff,0xffff,0xffff,0xffff,
    0xffff,0xffff,0xffff,0xffff,0xffff,0xffff,0xffff,0xffff,0xffff,0xffff,0xffff,0xffff,
    0xffff,0xffff,0xffff,0xffff,0xffff,0xffff,0xffff,0xffff,0xffff,0xffff,0xffff,0xffff,
    0xffff,0xffff,0xffff,0xffff,0xffff,0xffff,0xffff,0xffff,0xffff,0xffff,0xffff,0xffff,
    0xffff,0xffff,0xffff,0xffff,0xffff,0xffff,0xffff,0xffff,0xffff,0xffff,0xffff,0xffff,
    0xffff,0xffff,0xffff,0xffff,0xffff,0xffff,0xffff,0xffff,0xffff,0xffff,0xffff,0xffff,
    0xffff,0xffff,0xffff,0xffff,0xffff,0xffff,0xffff,0xffff,0xffff,0xffff,0xffff,0xffff,
    0xffff,0xffff,0xffff,0xffff,0xffff,0xffff,0xffff,0xffff,0xffff,0xffff,0xffff,0xffff,
    0xffff,0xffff,0xffff,0xffff,0xffff,0xffff,0xffff,0xffff,0xffff,0xffff,0xffff,0xffff,
    0xffff,0xffff,0xffff,0xffff,0xffff,0xffff,0xffff,0xffff,0xffff,0xffff,0xffff,0xffff,
    0xffff,0xffff,0xffff,0xffff,0xffff,0xffff,0xffff,0xffff,0xffff,0xffff,0xffff,0xffff,
    0xffff,0xffff,0xffff,0xffff,0xffff,0xffff,0xffdb,0xffb9,0xffdb,0xffff,0xffff,0xffff,
    0xffff,0xffff,0xffff,0xffff,0xffff,0xffff,0xffff,0xffff,0xffff,0xffff,0xffff,0xffff,
    0xffff,0xffff,0xffff,0xffff,0xffff,0xffff,0xffff,0xffff,0xffff,0xffff,0xffff,0xffff,
    0xffff,0xffff,0xffff,0xffff,0xffff,0xffff,0xffff,0xffff,0xffff,0xffff,0xffff,0xffff,
    0xffff,0xffff,0xffff,0xffff,0xffff,0xffff,0xffff,0xffff,0xffff,0xffff,0xffff,0xffff,
    0xffff,0xffff,0xffff,0xffff,0xffff,0xffff,0xffff,0xffff,0xffff,0xffff,0xffff,0xffff,
    0xffff,0xffff,0xffff,0xffff,0xffff,0xffff,0xffff,0xffff,0xffff,0xffff,0xffff,0xffff,
    0xffff,0xffff,0xffff,0xffff,0xffff,0xffff,0xffff,0xffff,0xffff,0xffff,0xffff,0xffff,
    0xffff,0xffff,0xffff,0xffff,0xffff,0xffff,0xffff,0xffff,0xffff,0xffff,0xffff,0xffff,
    0xffff,0xffff,0xffff,0xffff,0xffff,0xffff,0xffff,0xffff,0xffff,0xffff,0xffff,0xffff,
    0xffff,0xffff,0xffff,0xffff,0xffff,0xffff,0xffff,0xffff,0xffff,0xffff,0xffff,0xffff,
    0xffff,0xffff,0xffff,0xffff,0xffff,0xffff,0xffff,0xffff,0xffff,0xffff,0xffff,0xffff,
    0xffff,0xffff,0xffff,0xffff,0xffff,0xffff,0xffff,0xffff,0xffff,0xffff,0xffff,0xffff,
    0xffff,0xffff,0xffff,0xffff,0xffff,0xffff,0xffff,0xffff,0xffff,0xffff,0xffff,0xffff,
    0xffff,0xffff,0xffff,0xffff,0xffff,0xffff,0xffff,0xffff,0xffff,0xffff,0xffff,0xffff,
    0xffff,0xffff,0xffff,0xffff,0xffff,0xffff,0xffff,0xffff,0xffff,0xffff,0xffff,0xffff,
    0xffff,0xffff,0xffff,0xffff,0xffff,0xffff,0xffff,0xffff,0xffff,0xffff,0xffff,0xffff,
    0xffff,0xffff,0xffff,0xffff,0xffff,0xffff,0xffff,0xffff,0xffff,0xffff,0xffff,0xffff,
    0xffff,0xffff,0xffff,0xffff,0xffff,0xffff,0xffff,0xffff,0xffff,0xffff,0xffff,0xffff,
    0xffff,0xffff,0xffff,0xffff,0xffff,0xffff,0xffff,0xffff,0xffff,0xffff,0xffff,0xffff,
    0xffff,0xffff,0xffff,0xffff,0xffff,0xffff,0xffff,0xffff,0xffff,0xffff,0xffff,0xffff,
    0xffff,0xffff,0xffff,0xffff,0xffff,0xffff,0xffff,0xffff,0xffff,0xffb9,0xffb7,0xffb7,
    0xffb7,0xffb7,0xffff,0xffff,0xffff,0xffff,0xffff,0xffff,0xffff,0xffff,0xffff,0xffff,
    0xffff,0xffff,0xffff,0xffff,0xffff,0xffff,0xffff,0xffff,0xffff,0xffff,0xffff,0xffff,
    0xffff,0xffff,0xffff,0xffff,0xffff,0xffff,0xffff,0xffff,0xffff,0xffff,0xffff,0xffff,
    0xffff,0xffff,0xffff,0xffff,0xffff,0xffff,0xffff,0xffff,0xffff,0xffff,0xffff,0xffff,
    0xffff,0xffff,0xffff,0xffff,0xffff,0xffff,0xffff,0xffff,0xffff,0xffff,0xffff,0xffff,
    0xffff,0xffff,0xffff,0xffff,0xffff,0xffff,0xffff,0xffff,0xffff,0xffff,0xffff,0xffff,
    0xffff,0xffff,0xffff,0xffff,0xffff,0xffff,0xffff,0xffff,0xffff,0xffff,0xffff,0xffff,
    0xffff,0xffff,0xffff,0xffff,0xffff,0xffff,0xffff,0xffff,0xffff,0xffff,0xffff,0xffff,
    0xffff,0xffff,0xffff,0xffff,0xffff,0xffff,0xffff,0xffff,0xffff,0xffff,0xffff,0xffff,
    0xffff,0xffff,0xffff,0xffff,0xffff,0xffff,0xffff,0xffff,0xffff,0xffff,0xffff,0xffff,
    0xffff,0xffff,0xffff,0xffff,0xffff,0xffff,0xffff,0xffff,0xffff,0xffff,0xffff,0xffff,
    0xffff,0xffff,0xffff,0xffff,0xffff,0xffff,0xffff,0xffff,0xffff,0xffff,0xffff,0xffff,
    0xffff,0xffff,0xffff,0xffff,0xffff,0xffff,0xffff,0xffff,0xffff,0xffff,0xffff,0xffff,
    0xffff,0xffff,0xffff,0xffff,0xffff,0xffff,0xffff,0xffff,0xffff,0xffff,0xffff,0xffff,
    0xffff,0xffff,0xffff,0xffff,0xffff,0xffff,0xffff,0xffff,0xffff,0xffff,0xffff,0xffff,
    0xffff,0xffff,0xffff,0xffff,0xffff,0xffff,0xffff,0xffff,0xffff,0xffff,0xffff,0xffff,
    0xffff,0xffff,0xffff,0xffff,0xffff,0xffff,0xffff,0xffff,0xffff,0xffff,0xffff,0xffff,
    0xffff,0xffff,0xffff,0xffff,0xffff,0xffff,0xffff,0xffff,0xffff,0xffff,0xffff,0xffff,
    0xffff,0xffff,0xffff,0xffff,0xffff,0xffff,0xffff,0xffff,0xffff,0xffff,0xffff,0xffff,
    0xffff,0xffff,0xffff,0xffff,0xffff,0xffff,0xffff,0xffff,0xffff,0xffff,0xffff,0xffff,
    0xffff,0xffff,0xffff,0xffff,0xffff,0xffff,0xffff,0xffff,0xffff,0xffff,0xffff,0xffff,
    0xffff,0xffb7,0xffb7,0xffb7,0xffb7,0xffb7,0xfffe,0xffff,0xffff,0xffff,0xffff,0xffff,
    0xffff,0xffff,0xffff,0xffff,0xffff,0xffff,0xffff,0xffff,0xffff,0xffff,0xffff,0xffff,
    0xffff,0xffff,0xffff,0xffff,0xffff,0xffff,0xffff,0xffff,0xffff,0xffff,0xffff,0xffff,
    0xffff,0xffff,0xffff,0xffff,0xffff,0xffff,0xffff,0xffff,0xffff,0xffff,0xffff,0xffff,
    0xffff,0xffff,0xffff,0xffff,0xffff,0xffff,0xffff,0xffff,0xffff,0xffff,0xffff,0xffff,
    0xffff,0xffff,0xffff,0xffff,0xffff,0xffff,0xffff,0xffff,0xffff,0xffff,0xffff,0xffff,
    0xffff,0xffff,0xffff,0xffff,0xffff,0xffff,0xffff,0xffff,0xffff,0xffff,0xffff,0xffff,
    0xffff,0xffff,0xffff,0xffff,0xffff,0xffff,0xffff,0xffff,0xffff,0xffff,0xffff,0xffff,
    0xffff,0xffff,0xffff,0xffff,0xffff,0xffff,0xffff,0xffff,0xffff,0xffff,0xffff,0xffff,
    0xffff,0xffff,0xffff,0xffff,0xffff,0xffff,0xffff,0xffff,0xffff,0xffff,0xffff,0xffff,
    0xffff,0xffff,0xffff,0xffff,0xffff,0xffff,0xffff,0xffff,0xffff,0xffff,0xffff,0xffff,
    0xffff,0xffff,0xffff,0xffff,0xffff,0xffff,0xffff,0xffff,0xffff,0xffff,0xffff,0xffff,
    0xffff,0xffff,0xffff,0xffff,0xffff,0xffff,0xffff,0xffff,0xffff,0xffff,0xffff,0xffff,
    0xffff,0xffff,0xffff,0xffff,0xffff,0xffff,0xffff,0xffff,0xffff,0xffff,0xffff,0xffff,
    0xffff,0xffff,0xffff,0xffff,0xffff,0xffff,0xffff,0xffff,0xffff,0xffff,0xffff,0xffff,
    0xffff,0xffff,0xffff,0xffff,0xffff,0xffff,0xffff,0xffff,0xffff,0xffff,0xffff,0xffff,
    0xffff,0xffff,0xffff,0xffff,0xffff,0xffff,0xffff,0xffff,0xffff,0xffff,0xffff,0xffff,
    0xffff,0xffff,0xffff,0xffff,0xffff,0xffff,0xffff,0xffff,0xffff,0xffff,0xffff,0xffff,
    0xffff,0xffff,0xffff,0xffff,0xffff,0xffff,0xffff,0xffff,0xffff,0xffff,0xffff,0xffff,
    0xffff,0xffff,0xffff,0xffff,0xffff,0xffff,0xffff,0xffff,0xffff,0xffff,0xffff,0xffff,
    0xffff,0xffff,0xffff,0xffff,0xffff,0xffff,0xffff,0xffff,0xffff,0xffff,0xffff,0xffff,
    0xffff,0xffff,0xffff,0xffff,0xffff,0xffb7,0xffb7,0xffb7,0xffb7,0xffb7,0xfffd,0xffff,
    0xffff,0xffff,0xffff,0xffff,0xffff,0xffff,0xffff,0xffff,0xffff,0xffff,0xffff,0xffff,
    0xffff,0xffff,0xffff,0xffff,0xffff,0xffff,0xffff,0xffff,0xffff,0xffff,0xffff,0xffff,
    0xffff,0xffff,0xffff,0xffff,0xffff,0xffff,0xffff,0xffff,0xffff,0xffff,0xffff,0xffff,
    0xffff,0xffff,0xffff,0xffff,0xffff,0xffff,0xffff,0xffff,0xffff,0xffff,0xffff,0xffff,
    0xffff,0xffff,0xffff,0xffff,0xffff,0xffff,0xffff,0xffff,0xffff,0xffff,0xffff,0xffff,
    0xffff,0xffff,0xffff,0xffff,0xffff,0xffff,0xffff,0xffff,0xffff,0xffff,0xffff,0xffff,
    0xffff,0xffff,0xffff,0xffff,0xffff,0xffff,0xffff,0xffff,0xffff,0xffff,0xffff,0xffff,
    0xffff,0xffff,0xffff,0xffff,0xffff,0xffff,0xffff,0xffff,0xffff,0xffff,0xffff,0xffff,
    0xffff,0xffff,0xffff,0xffff,0xffff,0xffff,0xffff,0xffff,0xffff,0xffff,0xffff,0xffff,
    0xffff,0xffff,0xffff,0xffff,0xffff,0xffff,0xffff,0xffff,0xffff,0xffff,0xffff,0xffff,
    0xffff,0xffff,0xffff,0xffff,0xffff,0xffff,0xffff,0xffff,0xffff,0xffff,0xffff,0xffff,
    0xffff,0xffff,0xffff,0xffff,0xffff,0xffff,0xffff,0xffff,0xffff,0xffff,0xffff,0xffff,
    0xffff,0xffff,0xffff,0xffff,0xffff,0xffff,0xffff,0xffff,0xffff,0xffff,0xffff,0xffff,
    0xffff,0xffff,0xffff,0xffff,0xffff,0xffff,0xffff,0xffff,0xffff,0xffff,0xffff,0xffff,
    0xffff,0xffff,0xffff,0xffff,0xffff,0xffff,0xffff,0xffff,0xffff,0xffff,0xffff,0xffff,
    0xffff,0xffff,0xffff,0xffff,0xffff,0xffff,0xffff,0xffff,0xffff,0xffff,0xffff,0xffff,
    0xffff,0xffff,0xffff,0xffff,0xffff,0xffff,0xffff,0xffff,0xffff,0xffff,0xffff,0xffff,
    0xffff,0xffff,0xffff,0xffff,0xffff,0xffff,0xffff,0xffff,0xffff,0xffff,0xffff,0xffff,
    0xffff,0xffff,0xffff,0xffff,0xffff,0xffff,0xffff,0xffff,0xffff,0xffff,0xffff,0xffff,
    0xffff,0xffff,0xffff,0xffff,0xffff,0xffff,0xffff,0xffff,0xffff,0xffff,0xffff,0xffff,
    0xffff,0xffff,0xffff,0xffff,0xffff,0xffff,0xffff,0xffff,0xffff,0xffb9,0xffb7,0xffb7,
    0xffb7,0xffb7,0xfffe,0xffff,0xffff,0xffff,0xffff,0xffff,0xffff,0xffff,0xffff,0xffff,
    0xffff,0xffff,0xffff,0xffff,0xffff,0xffff,0xffff,0xffff,0xffff,0xffff,0xffff,0xffff,
    0xffff,0xffff,0xffff,0xffff,0xffff,0xffff,0xffff,0xffff,0xffff,0xffff,0xffff,0xffff,
    0xffff,0xffff,0xffff,0xffff,0xffff,0xffff,0xffff,0xffff,0xffff,0xffff,0xffff,0xffff,
    0xffff,0xffff,0xffff,0xffff,0xffff,0xffff,0xffff,0xffff,0xffff,0xffff,0xffff,0xffff,
    0xffff,0xffff,0xffff,0xffff,0xffff,0xffff,0xffff,0xffff,0xffff,0xffff,0xffff,0xffff,
    0xffff,0xffff,0xffff,0xffff,0xffff,0xffff,0xffff,0xffff,0xffff,0xffff,0xffff,0xffff,
    0xffff,0xffff,0xffff,0xffff,0xffff,0xffff,0xffff,0xffff,0xffff,0xffff,0xffff,0xffff,
    0xffff,0xffff,0xffff,0xffff,0xffff,0xffff,0xffff,0xffff,0xffff,0xffff,0xffff,0xffff,
    0xffff,0xffff,0xffff,0xffff,0xffff,0xffff,0xffff,0xffff,0xffff,0xffff,0xffff,0xffff,
    0xffff,0xffff,0xffff,0xffff,0xffff,0xffff,0xffff,0xffff,0xffff,0xffff,0xffff,0xffff,
    0xffff,0xffff,0xffff,0xffff,0xffff,0xffff,0xffff,0xffff,0xffff,0xffff,0xffff,0xffff,
    0xffff,0xffff,0xffff,0xffff,0xffff,0xffff,0xffff,0xffff,0xffff,0xffff,0xffff,0xffff,
    0xffff,0xffff,0xffff,0xffff,0xffff,0xffff,0xffff,0xffff,0xffff,0xffff,0xffff,0xffff,
    0xffff,0xffff,0xffff,0xffff,0xffff,0xffff,0xffff,0xffff,0xffff,0xffff,0xffff,0xffff,
    0xffff,0xffff,0xffff,0xffff,0xffff,0xffff,0xffff,0xffff,0xffff,0xffff,0xffff,0xffff,
    0xffff,0xffff,0xffff,0xffff,0xffff,0xffff,0xffff,0xffff,0xffff,0xffff,0xffff,0xffff,
    0xffff,0xffff,0xffff,0xffff,0xffff,0xffff,0xffff,0xffff,0xffff,0xffff,0xffff,0xffff,
    0xffff,0xffff,0xffff,0xffff,0xffff,0xffff,0xffff,0xffff,0xffff,0xffff,0xffff,0xffff,
    0xffff,0xffff,0xffff,0xffff,0xffff,0xffff,0xffff,0xffff,0xffff,0xffff,0xffff,0xffff,
    0xffff,0xffff,0xffff,0xffff,0xffff,0xffff,0xffff,0xffff,0xffff,0xffff,0xffff,0xffff,
    0xffff,0xffff,0xffdb,0xffb9,0xffda,0xffff,0xffff,0xffff,0xffff,0xffff,0xffff,0xffff,
    0xffff,0xffff,0xffff,0xffff,0xffff,0xffff,0xffff,0xffff,0xffff,0xffff,0xffff,0xffff,
    0xffff,0xffff,0xffff,0xffff,0xffff,0xffff,0xffff,0xffff,0xffff,0xffff,0xffff,0xffff,
    0xffff,0xffff,0xffff,0xffff,0xffff,0xffff,0xffff,0xffff,0xffff,0xffff,0xffff,0xffff,
    0xffff,0xffff,0xffff,0xffff,0xffff,0xffff,0xffff,0xffff,0xffff,0xffff,0xffff,0xffff,
    0xffff,0xffff,0xffff,0xffff,0xffff,0xffff,0xffff,0xffff,0xffff,0xffff,0xffff,0xffff,
    0xffff,0xffff,0xffff,0xffff,0xffff,0xffff,0xffff,0xffff,0xffff,0xffff,0xffff,0xffff,
    0xffff,0xffff,0xffff,0xffff,0xffff,0xffff,0xffff,0xffff,0xffff,0xffff,0xffff,0xffff,
    0xffff,0xffff,0xffff,0xffff,0xffff,0xffff,0xffff,0xffff,0xffff,0xffff,0xffff,0xffff,
    0xffff,0xffff,0xffff,0xffff,0xffff,0xffff,0xffff,0xffff,0xffff,0xffff,0xffff,0xffff,
    0xffff,0xffff,0xffff,0xffff,0xffff,0xffff,0xffff,0xffff,0xffff,0xffff,0xffff,0xffff,
    0xffff,0xffff,0xffff,0xffff,0xffff,0xffff,0xffff,0xffff,0xffff,0xffff,0xffff,0xffff,
    0xffff,0xffff,0xffff,0xffff,0xffff,0xffff,0xffff,0xffff,0xffff,0xffff,0xffff,0xffff,
    0xffff,0xffff,0xffff,0xffff,0xffff,0xffff,0xffff,0xffff,0xffff,0xffff,0xffff,0xffff,
    0xffff,0xffff,0xffff,0xffff,0xffff,0xffff,0xffff,0xffff,0xffff,0xffff,0xffff,0xffff,
    0xffff,0xffff,0xffff,0xffff,0xffff,0xffff,0xffff,0xffff,0xffff,0xffff,0xffff,0xffff,
    0xffff,0xffff,0xffff,0xffff,0xffff,0xffff,0xffff,0xffff,0xffff,0xffff,0xffff,0xffff,
    0xffff,0xffff,0xffff,0xffff,0xffff,0xffff,0xffff,0xffff,0xffff,0xffff,0xffff,0xffff,
    0xffff,0xffff,0xffff,0xffff,0xffff,0xffff,0xffff,0xffff,0xffff,0xffff,0xffff,0xffff,
    0xffff,0xffff,0xffff,0xffff,0xffff,0xffff,0xffff,0xffff,0xffff,0xffff,0xffff,0xffff,
    0xffff,0xffff,0xffff,0xffff,0xffff,0xffff,0xffff,0xffff,0xffff,0xffff,0xffff,0xffff,
    0xffff,0xffff,0xffff,0xffff,0xffff,0xffff,0xffff,0xffff,0xffff,0xffff,0xffff,0xffff,
    0xffff,0xffff,0xffff,0xffff,0xffff,0xffff,0xffff,0xffff,0xffff,0xffff,0xffff,0xffff,
    0xffff,0xffff,0xffff,0xffff,0xffff,0xffff,0xffff,0xffff,0xffff,0xffff,0xffff,0xffff,
    0xffff,0xffff,0xffff,0xffff,0xffff,0xffff,0xffff,0xffff,0xffff,0xffff,0xffff,0xffff,
    0xffff,0xffff,0xffff,0xffff,0xffff,0xffff,0xffff,0xffff,0xffff,0xffff,0xffff,0xffff,
    0xffff,0xffff,0xffff,0xffff,0xffff,0xffff,0xffff,0xffff,0xffff,0xffff,0xffff,0xffff,
    0xffff,0xffff,0xffff,0xffff,0xffff,0xffff,0xffff,0xffff,0xffff,0xffff,0xffff,0xffff,
    0xffff,0xffff,0xffff,0xffff,0xffff,0xffff,0xffff,0xffff,0xffff,0xffff,0xffff,0xffff,
    0xffff,0xffff,0xffff,0xffff,0xffff,0xffff,0xffff,0xffff,0xffff,0xffff,0xffff,0xffff,
    0xffff,0xffff,0xffff,0xffff,0xffff,0xffff,0xffff,0xffff,0xffff,0xffff,0xffff,0xffff,
    0xffff,0xffff,0xffff,0xffff,0xffff,0xffff,0xffff,0xffff,0xffff,0xffff,0xffff,0xffff,
    0xffff,0xffff,0xffff,0xffff,0xffff,0xffff,0xffff,0xffff,0xffff,0xffff,0xffff,0xffff,
    0xffff,0xffff,0xffff,0xffff,0xffff,0xffff,0xffff,0xffff,0xffff,0xffff,0xffff,0xffff,
    0xffff,0xffff,0xffff,0xffff,0xffff,0xffff,0xffff,0xffff,0xffff,0xffff,0xffff,0xffff,
    0xffff,0xffff,0xffff,0xffff,0xffff,0xffff,0xffff,0xffff,0xffff,0xffff,0xffff,0xffff,
    0xffff,0xffff,0xffff,0xffff,0xffff,0xffff,0xffff,0xffff,0xffff,0xffff,0xffff,0xffff,
    0xffff,0xffff,0xffff,0xffff,0xffff,0xffff,0xffff,0xffff,0xffff,0xffff,0xffff,0xffff,
    0xffff,0xffff,0xffff,0xffff,0xffff,0xffff,0xffff,0xffff,0xffff,0xffff,0xffff,0xffff,
    0xffff,0xffff,0xffff,0xffff,0xffff,0xffff,0xffff,0xffff,0xffff,0xffff,0xffff,0xffff,
    0xffff,0xffff,0xffff,0xffff,0xffff,0xffff,0xffff,0xffff,0xffff,0xffff,0xffff,0xffff,
    0xffff,0xffff,0xffff,0xffff,0xffff,0xffff,0xffff,0xffff,0xffff,0xffff,0xffff,0xffff,
    0xffff,0xffff,0xffff,0xffff,0xffff,0xffff,0xffff,0xffff,0xffff,0xffff,0xffff,0xffff,
    0xffff,0xffff,0xffff,0xffff,0xffff,0xffff,0xffff,0xffff,0xffff,0xffff,0xffff,0xffff,
    0xffff,0xffff,0xffff,0xffff,0xffff,0xffff,0xffff,0xffff,0xffff,0xffff,0xffff,0xffff,
    0xffff,0xffff,0xffff,0xffff,0xffff,0xffff,0xffff,0xffff,0xffff,0xffff,0xffff,0xffff,
    0xffff,0xffff,0xffff,0xffff,0xffff,0xffff,0xffff,0xffff,0xffff,0xffff,0xffff,0xffff,
    0xffff,0xffff,0xffff,0xffff,0xffff,0xffff,0xffff,0xffff,0xffff,0xffff,0xffff,0xffff,
    0xffff,0xffff,0xffff,0xffff,0xffff,0xffff,0xffff,0xffff,0xffff,0xffff,0xffff,0xffff,
    0xffff,0xffff,0xffff,0xffff,0xffff,0xffff,0xffff,0xffff,0xffff,0xffff,0xffff,0xffff,
    0xffff,0xffff,0xffff,0xffff,0xffff,0xffff,0xffff,0xffff,0xffff,0xffff,0xffff,0xffff,
    0xffff,0xffff,0xffff,0xffff,0xffff,0xffff,0xffff,0xffff,0xffff,0xffff,0xffff,0xffff,
    0xffff,0xffff,0xffff,0xffff,0xffff,0xffff,0xffff,0xffff,0xffff,0xffff,0xffff,0xffff,
    0xffff,0xffff,0xffff,0xffff,0xffff,0xffff,0xffff,0xffff,0xffff,0xffff,0xffff,0xffff,
    0xffff,0xffff,0xffff,0xffff,0xffff,0xffff,0xffff,0xffff,0xffff,0xffff,0xffff,0xffff,
    0xffff,0xffff,0xffff,0xffff,0xffff,0xffff,0xffff,0xffff,0xffff,0xffff,0xffff,0xffff,
    0xffff,0xffff,0xffff,0xffff,0xffff,0xffff,0xffff,0xffff,0xffff,0xffff,0xffff,0xffff,
    0xffff,0xffff,0xffff,0xffff,0xffff,0xffff,0xffff,0xffff,0xffff,0xffff,0xffff,0xffff,
    0xffff,0xffff,0xffff,0xffff,0xffff,0xffff,0xffff,0xffff,0xffff,0xffff,0xffff,0xffff,
    0xffff,0xffff,0xffff,0xffff,0xffff,0xffff,0xffff,0xffff,0xffff,0xffff,0xffff,0xffff,
    0xffff,0xffff,0xffff,0xffff,0xffff,0xffff,0xffff,0xffff,0xffff,0xffff,0xffff,0xffff,
    0xffff,0xffff,0xffff,0xffff,0xffff,0xffff,0xffff,0xffff,0xffff,0xffff,0xffff,0xffff,
    0xffff,0xffff,0xffff,0xffff,0xffff,0xffff,0xffff,0xffff,0xffff,0xffff,0xffff,0xffff,
    0xffff,0xffff,0xffff,0xffff,0xffff,0xffff,0xffff,0xffff,0xffff,0xffff,0xffff,0xffff,
    0xffff,0xffff,0xffff,0xffff,0xffff,0xffff,0xffff,0xffff,0xffff,0xffff,0xffff,0xffff,
    0xffff,0xffff,0xffff,0xffff,0xffff,0xffff,0xffff,0xffff,0xffff,0xffff,0xffff,0xffff,
    0xffff,0xffff,0xffff,0xffff,0xffff,0xffff,0xffff,0xffff,0xffff,0xffff,0xffff,0xffff,
    0xffff,0xffff,0xffff,0xffff,0xffff,0xffff,0xffff,0xffff,0xffff,0xffff,0xffff,0xffff,
    0xffff,0xffff,0xffff,0xffdc,0xffdb,0xffb9,0xffb7,0xffb7,0xffb9,0xffdc,0xffff,0xffff,
    0xffff,0xffff,0xffff,0xffff,0xffff,0xffff,0xffff,0xffff,0xffff,0xffff,0xffff,0xffff,
    0xffff,0xffff,0xffff,0xffff,0xffff,0xffff,0xffff,0xffff,0xffff,0xffff,0xffff,0xffff,
    0xffff,0xffff,0xffff,0xffff,0xffff,0xffff,0xffff,0xffff,0xffff,0xffff,0xffff,0xffff,
    0xffff,0xffff,0xffff,0xffff,0xffff,0xffff,0xffff,0xffff,0xffff,0xffff,0xffff,0xffff,
    0xffff,0xffff,0xffff,0xffff,0xffff,0xffff,0xffff,0xffff,0xffff,0xffff,0xffff,0xffff,
    0xffff,0xffff,0xffff,0xffff,0xffff,0xffff,0xffff,0xffff,0xffff,0xffff,0xffff,0xffff,
    0xffff,0xffff,0xffff,0xffff,0xffff,0xffff,0xffff,0xffff,0xffff,0xffff,0xffff,0xffff,
    0xffff,0xffff,0xffff,0xffff,0xffff,0xffff,0xffff,0xffff,0xffff,0xffff,0xffff,0xffff,
    0xffff,0xffff,0xffff,0xffff,0xffff,0xffff,0xffff,0xffff,0xffff,0xffff,0xffff,0xffff,
    0xffff,0xffff,0xffff,0xffff,0xffff,0xffff,0xffff,0xffff,0xffff,0xffff,0xffff,0xffff,
    0xffff,0xffff,0xffff,0xffff,0xffff,0xffff,0xffff,0xffff,0xffff,0xffff,0xffff,0xffff,
    0xffff,0xffff,0xffff,0xffff,0xffff,0xffff,0xffff,0xffff,0xffff,0xffff,0xffff,0xffff,
    0xffff,0xffff,0xffff,0xffff,0xffff,0xffff,0xffff,0xffff,0xffff,0xffff,0xffff,0xffff,
    0xffff,0xffff,0xffff,0xffff,0xffff,0xffff,0xffff,0xffff,0xffff,0xffff,0xffff,0xffff,
    0xffff,0xffff,0xffff,0xffff,0xffff,0xffff,0xffff,0xffff,0xffff,0xffff,0xffff,0xffff,
    0xffff,0xffff,0xffff,0xffff,0xffff,0xffff,0xffff,0xffff,0xffff,0xffff,0xffff,0xffff,
    0xffff,0xffff,0xffff,0xffff,0xffff,0xffff,0xffff,0xffff,0xffff,0xffff,0xffff,0xffff,
    0xffff,0xffff,0xffff,0xffff,0xffff,0xffff,0xffff,0xffff,0xffff,0xffff,0xffff,0xffff,
    0xffff,0xffff,0xffff,0xffff,0xffff,0xffff,0xffff,0xffff,0xffff,0xffff,0xffff,0xffff,
    0xffff,0xffff,0xffff,0xffff,0xffff,0xffff,0xffff,0xffff,0xffff,0xffff,0xffff,0xffff,
    0xffff,0xffff,0xffff,0xffff,0xffff,0xfffe,0xffb9,0xffb6,0xff95,0xff94,0xff94,0xff94,
    0xff94,0xffb6,0xffdb,0xfffe,0xffff,0xffff,0xffff,0xffff,0xffff,0xffff,0xffff,0xffff,
    0xffff,0xffff,0xffff,0xffff,0xffff,0xffff,0xffff,0xffff,0xffff,0xffff,0xffff,0xffff,
    0xffff,0xffff,0xffff,0xffff,0xffff,0xffff,0xffff,0xffff,0xffff,0xffff,0xffff,0xffff,
    0xffff,0xffff,0xffff,0xffff,0xffff,0xffff,0xffff,0xffff,0xffff,0xffff,0xffff,0xffff,
    0xffff,0xffff,0xffff,0xffff,0xffff,0xffff,0xffff,0xffff,0xffff,0xffff,0xffff,0xffff,
    0xffff,0xffff,0xffff,0xffff,0xffff,0xffff,0xffff,0xffff,0xffff,0xffff,0xffff,0xffff,
    0xffff,0xffff,0xffff,0xffff,0xffff,0xffff,0xffff,0xffff,0xffff,0xffff,0xffff,0xffff,
    0xffff,0xffff,0xffff,0xffff,0xffff,0xffff,0xffff,0xffff,0xffff,0xffff,0xffff,0xffff,
    0xffff,0xffff,0xffff,0xffff,0xffff,0xffff,0xffff,0xffff,0xffff,0xffff,0xffff,0xffff,
    0xffff,0xffff,0xffff,0xffff,0xffff,0xffff,0xffff,0xffff,0xffff,0xffff,0xffff,0xffff,
    0xffff,0xffff,0xffff,0xffff,0xffff,0xffff,0xffff,0xffff,0xffff,0xffff,0xffff,0xffff,
    0xffff,0xffff,0xffff,0xffff,0xffff,0xffff,0xffff,0xffff,0xffff,0xffff,0xffff,0xffff,
    0xffff,0xffff,0xffff,0xffff,0xffff,0xffff,0xffff,0xffff,0xffff,0xffff,0xffff,0xffff,
    0xffff,0xffff,0xffff,0xffff,0xffff,0xffff,0xffff,0xffff,0xffff,0xffff,0xffff,0xffff,
    0xffff,0xffff,0xffff,0xffff,0xffff,0xffff,0xffff,0xffff,0xffff,0xffff,0xffff,0xffff,
    0xffff,0xffff,0xffff,0xffff,0xffff,0xffff,0xffff,0xffff,0xffff,0xffff,0xffff,0xffff,
    0xffff,0xffff,0xffff,0xffff,0xffff,0xffff,0xffff,0xffff,0xffff,0xffff,0xffff,0xffff,
    0xffff,0xffff,0xffff,0xffff,0xffff,0xffff,0xffff,0xffff,0xffff,0xffff,0xffff,0xffff,
    0xffff,0xffff,0xffff,0xffff,0xffff,0xffff,0xffff,0xffff,0xffff,0xffff,0xffff,0xffff,
    0xffff,0xffff,0xffff,0xffff,0xffff,0xffdc,0xffdb,0xfffe,0xffff,0xffff,0xffff,0xffff,
    0xffff,0xffff,0xffff,0xffff,0xffff,0xffff,0xffff,0xffff,0xffdb,0xffb6,0xff94,0xff94,
    0xff94,0xff94,0xff94,0xff94,0xff94,0xff94,0xff94,0xffb6,0xffdb,0xffff,0xffff,0xffff,
    0xffff,0xffff,0xffff,0xffff,0xffff,0xffff,0xffff,0xffff,0xffff,0xffff,0xffff,0xffff,
    0xffff,0xffff,0xffff,0xffff,0xffff,0xffff,0xffff,0xffff,0xffff,0xffff,0xffff,0xffff,
    0xffff,0xffff,0xffff,0xffff,0xffff,0xffff,0xffff,0xffff,0xffff,0xffff,0xffff,0xffff,
    0xffff,0xffff,0xffff,0xffff,0xffff,0xffff,0xffff,0xffff,0xffff,0xffff,0xffff,0xffff,
    0xffff,0xffff,0xffff,0xffff,0xffff,0xffff,0xffff,0xffff,0xffff,0xffff,0xffff,0xffff,
    0xffff,0xffff,0xffff,0xffff,0xffff,0xffff,0xffff,0xffff,0xffff,0xffff,0xffff,0xffff,
    0xffff,0xffff,0xffff,0xffff,0xffff,0xffff,0xffff,0xffff,0xffff,0xffff,0xffff,0xffff,
    0xffff,0xffff,0xffff,0xffff,0xffff,0xffff,0xffff,0xffff,0xffff,0xffff,0xffff,0xffff,
    0xffff,0xffff,0xffff,0xffff,0xffff,0xffff,0xffff,0xffff,0xffff,0xffff,0xffff,0xffff,
    0xffff,0xffff,0xffff,0xffff,0xffff,0xffff,0xffff,0xffff,0xffff,0xffff,0xffff,0xffff,
    0xffff,0xffff,0xffff,0xffff,0xffff,0xffff,0xffff,0xffff,0xffff,0xffff,0xffff,0xffff,
    0xffff,0xffff,0xffff,0xffff,0xffff,0xffff,0xffff,0xffff,0xffff,0xffff,0xffff,0xffff,
    0xffff,0xffff,0xffff,0xffff,0xffff,0xffff,0xffff,0xffff,0xffff,0xffff,0xffff,0xffff,
    0xffff,0xffff,0xffff,0xffff,0xffff,0xffff,0xffff,0xffff,0xffff,0xffff,0xffff,0xffff,
    0xffff,0xffff,0xffff,0xffff,0xffff,0xffff,0xffff,0xffff,0xffff,0xffff,0xffff,0xffff,
    0xffff,0xffff,0xffff,0xffff,0xffff,0xffff,0xffff,0xffff,0xffff,0xffff,0xffff,0xffff,
    0xffff,0xffff,0xffff,0xffff,0xffff,0xffff,0xffff,0xffff,0xffff,0xffff,0xffff,0xffff,
    0xffff,0xffff,0xffff,0xffff,0xffff,0xffff,0xffff,0xffff,0xffff,0xffdb,0xff8e,0xfb73,
    0xffff,0xffff,0xffff,0xffff,0xffff,0xffff,0xffff,0xffff,0xffdb,0xffb6,0xff95,0xffb7,
    0xffdb,0xffff,0xffff,0xffff,0xffff,0xffff,0xffff,0xffff,0xffff,0xffff,0xffff,0xffdc,
    0xffb6,0xff94,0xff94,0xff94,0xff94,0xff94,0xff94,0xff94,0xff94,0xff94,0xff94,0xff94,
    0xff95,0xffb7,0xffdb,0xffff,0xffff,0xffff,0xffff,0xffff,0xffff,0xffff,0xffff,0xffff,
    0xffff,0xffff,0xffff,0xffff,0xffff,0xffff,0xffff,0xffff,0xffff,0xffff,0xffff,0xffff,
    0xffff,0xffff,0xffff,0xffff,0xffff,0xffff,0xffff,0xffff,0xffff,0xffff,0xffff,0xffff,
    0xffff,0xffff,0xffff,0xffff,0xffff,0xffff,0xffff,0xffff,0xffff,0xffff,0xffff,0xffff,
    0xffff,0xffff,0xffff,0xffff,0xffff,0xffff,0xffff,0xffff,0xffff,0xffff,0xffff,0xffff,
    0xffff,0xffff,0xffff,0xffff,0xffff,0xffff,0xffff,0xffff,0xffff,0xffff,0xffff,0xffff,
    0xffff,0xffff,0xffff,0xffff,0xffff,0xffff,0xffff,0xffff,0xffff,0xffff,0xffff,0xffff,
    0xffff,0xffff,0xffff,0xffff,0xffff,0xffff,0xffff,0xffff,0xffff,0xffff,0xffff,0xffff,
    0xffff,0xffff,0xffff,0xffff,0xffff,0xffff,0xffff,0xffff,0xffff,0xffff,0xffff,0xffff,
    0xffff,0xffff,0xffff,0xffff,0xffff,0xffff,0xffff,0xffff,0xffff,0xffff,0xffff,0xffff,
    0xffff,0xffff,0xffff,0xffff,0xffff,0xffff,0xffff,0xffff,0xffff,0xffff,0xffff,0xffff,
    0xffff,0xffff,0xffff,0xffff,0xffff,0xffff,0xffff,0xffff,0xffff,0xffff,0xffff,0xffff,
    0xffff,0xffff,0xffff,0xffff,0xffff,0xffff,0xffff,0xffff,0xffff,0xffff,0xffff,0xffff,
    0xffff,0xffff,0xffff,0xffff,0xffff,0xffff,0xffff,0xffff,0xffff,0xffff,0xffff,0xffff,
    0xffff,0xffff,0xffff,0xffff,0xffff,0xffff,0xffff,0xffff,0xffff,0xffff,0xffff,0xffff,
    0xffff,0xffff,0xffff,0xffff,0xffff,0xffff,0xffff,0xffff,0xffff,0xffff,0xffff,0xffff,
    0xffff,0xffff,0xffff,0xffff,0xffff,0xffff,0xffff,0xffff,0xffff,0xffff,0xffff,0xffff,
    0xffff,0xffff,0xffff,0xffff,0xffff,0xffff,0xffff,0xffff,0xffff,0xffff,0xffff,0xffff,
    0xffff,0xffb7,0xff8e,0xff8e,0xffff,0xffff,0xffff,0xffff,0xffff,0xffff,0xffff,0xfffe,
    0xffb6,0xff94,0xff94,0xff94,0xffb6,0xffb9,0xfffe,0xffff,0xffff,0xffff,0xffff,0xffff,
    0xffff,0xffff,0xffff,0xffb9,0xff94,0xff94,0xff94,0xff94,0xff95,0xffb7,0xffb9,0xffb9,
    0xffb7,0xff95,0xff94,0xff94,0xff94,0xff94,0xffb6,0xffb9,0xfffe,0xffff,0xffff,0xffff,
    0xffff,0xffff,0xffff,0xffff,0xffff,0xffff,0xffff,0xffff,0xffff,0xffff,0xffff,0xffff,
    0xffff,0xffff,0xffff,0xffff,0xffff,0xffff,0xffff,0xffff,0xffff,0xffff,0xffff,0xffff,
    0xffff,0xffff,0xffff,0xffff,0xffff,0xffff,0xffff,0xffff,0xffff,0xffff,0xffff,0xffff,
    0xffff,0xffff,0xffff,0xffff,0xffff,0xffff,0xffff,0xffff,0xffff,0xffff,0xffff,0xffff,
    0xffff,0xffff,0xffff,0xffff,0xffff,0xffff,0xffff,0xffff,0xffff,0xffff,0xffff,0xffff,
    0xffff,0xffff,0xffff,0xffff,0xffff,0xffff,0xffff,0xffff,0xffff,0xffff,0xffff,0xffff,
    0xffff,0xffff,0xffff,0xffff,0xffff,0xffff,0xffff,0xffff,0xffff,0xffff,0xffff,0xffff,
    0xffff,0xffff,0xffff,0xffff,0xffff,0xffff,0xffff,0xffff,0xffff,0xffff,0xffff,0xffff,
    0xffff,0xffff,0xffff,0xffff,0xffff,0xffff,0xffff,0xffff,0xffff,0xffff,0xffff,0xffff,
    0xffff,0xffff,0xffff,0xffff,0xffff,0xffff,0xffff,0xffff,0xffff,0xffff,0xffff,0xffff,
    0xffff,0xffff,0xffff,0xffff,0xffff,0xffff,0xffff,0xffff,0xffff,0xffff,0xffff,0xffff,
    0xffff,0xffff,0xffff,0xffff,0xffff,0xffff,0xffff,0xffff,0xffff,0xffff,0xffff,0xffff,
    0xffff,0xffff,0xffff,0xffff,0xffff,0xffff,0xffff,0xffff,0xffff,0xffff,0xffff,0xffff,
    0xffff,0xffff,0xffff,0xffff,0xffff,0xffff,0xffff,0xffff,0xffff,0xffff,0xffff,0xffff,
    0xffff,0xffff,0xffff,0xffff,0xffff,0xffff,0xffff,0xffff,0xffff,0xffff,0xffff,0xffff,
    0xffff,0xffff,0xffff,0xffff,0xffff,0xffff,0xffff,0xffff,0xffff,0xffff,0xffff,0xffff,
    0xffff,0xffff,0xffff,0xffff,0xffff,0xffff,0xffff,0xffff,0xffff,0xffff,0xffff,0xffff,
    0xffff,0xffff,0xffff,0xffff,0xffff,0xffdc,0xff95,0xffb7,0xffff,0xffff,0xffff,0xffff,
    0xffff,0xffff,0xffff,0xffb9,0xff94,0xff94,0xff94,0xff94,0xff94,0xff95,0xffb7,0xffdb,
    0xfffe,0xffff,0xffff,0xffff,0xffff,0xffff,0xffdb,0xff95,0xff94,0xff94,0xff94,0xffb6,
    0xffda,0xffff,0xffff,0xffff,0xfffd,0xffda,0xffb6,0xff94,0xff94,0xff94,0xff94,0xff95,
    0xffb7,0xfffe,0xffff,0xffff,0xffff,0xffff,0xffff,0xffff,0xffff,0xffff,0xffff,0xffff,
    0xffff,0xffff,0xffff,0xffff,0xffff,0xffff,0xffff,0xffff,0xffff,0xffff,0xffff,0xffff,
    0xffff,0xffff,0xffff,0xffff,0xffff,0xffff,0xffff,0xffff,0xffff,0xffff,0xffff,0xffff,
    0xffff,0xffff,0xffff,0xffff,0xffff,0xffff,0xffff,0xffff,0xffff,0xffff,0xffff,0xffff,
    0xffff,0xffff,0xffff,0xffff,0xffff,0xffff,0xffff,0xffff,0xffff,0xffff,0xffff,0xffff,
    0xffff,0xffff,0xffff,0xffff,0xffff,0xffff,0xffff,0xffff,0xffff,0xffff,0xffff,0xffff,
    0xffff,0xffff,0xffff,0xffff,0xffff,0xffff,0xffff,0xffff,0xffff,0xffff,0xffff,0xffff,
    0xffff,0xffff,0xffff,0xffff,0xffff,0xffff,0xffff,0xffff,0xffff,0xffff,0xffff,0xffff,
    0xffff,0xffff,0xffff,0xffff,0xffff,0xffff,0xffff,0xffff,0xffff,0xffff,0xffff,0xffff,
    0xffff,0xffff,0xffff,0xffff,0xffff,0xffff,0xffff,0xffff,0xffff,0xffff,0xffff,0xffff,
    0xffff,0xffff,0xffff,0xffff,0xffff,0xffff,0xffff,0xffff,0xffff,0xffff,0xffff,0xffff,
    0xffff,0xffff,0xffff,0xffff,0xffff,0xffff,0xffff,0xffff,0xffff,0xffff,0xffff,0xffff,
    0xffff,0xffff,0xffff,0xffff,0xffff,0xffff,0xffff,0xffff,0xffff,0xffff,0xffff,0xffff,
    0xffff,0xffff,0xffff,0xffff,0xffff,0xffff,0xffff,0xffff,0xffff,0xffff,0xffff,0xffff,
    0xffff,0xffff,0xffff,0xffff,0xffff,0xffff,0xffff,0xffff,0xffff,0xffff,0xffff,0xffff,
    0xffff,0xffff,0xffff,0xffff,0xffff,0xffff,0xffff,0xffff,0xffff,0xffff,0xffff,0xffff,
    0xffff,0xffff,0xffff,0xffff,0xffff,0xffff,0xffff,0xffff,0xffff,0xffff,0xffff,0xffff,
    0xffff,0xffff,0xffff,0xffff,0xffff,0xffff,0xffff,0xffff,0xffff,0xffff,0xffff,0xffff,
    0xffff,0xffff,0xffff,0xffff,0xffff,0xffff,0xffdc,0xff95,0xff94,0xff94,0xff94,0xff94,
    0xff94,0xff94,0xff94,0xff95,0xffb9,0xffdb,0xffff,0xffff,0xffff,0xfffe,0xffb7,0xff94,
    0xff94,0xff94,0xffb6,0xffdc,0xffff,0xffff,0xffff,0xffff,0xffff,0xffff,0xfffe,0xffb9,
    0xff95,0xff94,0xff94,0xff94,0xff94,0xffb7,0xffff,0xffff,0xffff,0xffff,0xffff,0xffff,
    0xffff,0xffff,0xffff,0xffff,0xffff,0xffff,0xffff,0xffff,0xffff,0xffff,0xffff,0xffff,
    0xffff,0xffff,0xffff,0xffff,0xffff,0xffff,0xffff,0xffff,0xffff,0xffff,0xffff,0xffff,
    0xffff,0xffff,0xffff,0xffff,0xffff,0xffff,0xffff,0xffff,0xffff,0xffff,0xffff,0xffff,
    0xffff,0xffff,0xffff,0xffff,0xffff,0xffff,0xffff,0xffff,0xffff,0xffff,0xffff,0xffff,
    0xffff,0xffff,0xffff,0xffff,0xffff,0xffff,0xffff,0xffff,0xffff,0xffff,0xffff,0xffff,
    0xffff,0xffff,0xffff,0xffff,0xffff,0xffff,0xffff,0xffff,0xffff,0xffff,0xffff,0xffff,
    0xffff,0xffff,0xffff,0xffff,0xffff,0xffff,0xffff,0xffff,0xffff,0xffff,0xffff,0xffff,
    0xffff,0xffff,0xffff,0xffff,0xffff,0xffff,0xffff,0xffff,0xffff,0xffff,0xffff,0xffff,
    0xffff,0xffff,0xffff,0xffff,0xffff,0xffff,0xffff,0xffff,0xffff,0xffff,0xffff,0xffff,
    0xffff,0xffff,0xffff,0xffff,0xffff,0xffff,0xffff,0xffff,0xffff,0xffff,0xffff,0xffff,
    0xffff,0xffff,0xffff,0xffff,0xffff,0xffff,0xffff,0xffff,0xffff,0xffff,0xffff,0xffff,
    0xffff,0xffff,0xffff,0xffff,0xffff,0xffff,0xffff,0xffff,0xffff,0xffff,0xffff,0xffff,
    0xffff,0xffff,0xffff,0xffff,0xffff,0xffff,0xffff,0xffff,0xffff,0xffff,0xffff,0xffff,
    0xffff,0xffff,0xffff,0xffff,0xffff,0xffff,0xffff,0xffff,0xffff,0xffff,0xffff,0xffff,
    0xffff,0xffff,0xffff,0xffff,0xffff,0xffff,0xffff,0xffff,0xffff,0xffff,0xffff,0xffff,
    0xffff,0xffff,0xffff,0xffff,0xffff,0xffff,0xffff,0xffff,0xffff,0xffff,0xffff,0xffff,
    0xffff,0xffff,0xffff,0xffff,0xffff,0xffff,0xffff,0xffff,0xffff,0xffff,0xffff,0xffff,
    0xffff,0xffff,0xffff,0xffff,0xffff,0xffff,0xffff,0xffff,0xffff,0xfffe,0xffb7,0xff94,
    0xff94,0xff94,0xff94,0xff94,0xff94,0xff94,0xff94,0xff94,0xff94,0xffb6,0xffb9,0xfffe,
    0xffff,0xffb9,0xff95,0xff94,0xff94,0xff95,0xffb9,0xffff,0xffff,0xffff,0xffff,0xffff,
    0xffff,0xffff,0xffff,0xffff,0xffdc,0xffb7,0xff94,0xff94,0xff94,0xff95,0xffdb,0xffff,
    0xffff,0xffff,0xffff,0xffff,0xffff,0xffff,0xffff,0xffff,0xffff,0xffff,0xffff,0xffff,
    0xffff,0xffff,0xffff,0xffff,0xffff,0xffff,0xffff,0xffff,0xffff,0xffff,0xffff,0xffff,
    0xffff,0xffff,0xffff,0xffff,0xffff,0xffff,0xffff,0xffff,0xffff,0xffff,0xffff,0xffff,
    0xffff,0xffff,0xffff,0xffff,0xffff,0xffff,0xffff,0xffff,0xffff,0xffff,0xffff,0xffff,
    0xffff,0xffff,0xffff,0xffff,0xffff,0xffff,0xffff,0xffff,0xffff,0xffff,0xffff,0xffff,
    0xffff,0xffff,0xffff,0xffff,0xffff,0xffff,0xffff,0xffff,0xffff,0xffff,0xffff,0xffff,
    0xffff,0xffff,0xffff,0xffff,0xffff,0xffff,0xffff,0xffff,0xffff,0xffff,0xffff,0xffff,
    0xffff,0xffff,0xffff,0xffff,0xffff,0xffff,0xffff,0xffff,0xffff,0xffff,0xffff,0xffff,
    0xffff,0xffff,0xffff,0xffff,0xffff,0xffff,0xffff,0xffff,0xffff,0xffff,0xffff,0xffff,
    0xffff,0xffff,0xffff,0xffff,0xffff,0xffff,0xffff,0xffff,0xffff,0xffff,0xffff,0xffff,
    0xffff,0xffff,0xffff,0xffff,0xffff,0xffff,0xffff,0xffff,0xffff,0xffff,0xffff,0xffff,
    0xffff,0xffff,0xffff,0xffff,0xffff,0xffff,0xffff,0xffff,0xffff,0xffff,0xffff,0xffff,
    0xffff,0xffff,0xffff,0xffff,0xffff,0xffff,0xffff,0xffff,0xffff,0xffff,0xffff,0xffff,
    0xffff,0xffff,0xffff,0xffff,0xffff,0xffff,0xffff,0xffff,0xffff,0xffff,0xffff,0xffff,
    0xffff,0xffff,0xffff,0xffff,0xffff,0xffff,0xffff,0xffff,0xffff,0xffff,0xffff,0xffff,
    0xffff,0xffff,0xffff,0xffff,0xffff,0xffff,0xffff,0xffff,0xffff,0xffff,0xffff,0xffff,
    0xffff,0xffff,0xffff,0xffff,0xffff,0xffff,0xffff,0xffff,0xffff,0xffff,0xffff,0xffff,
    0xffff,0xffff,0xffff,0xffff,0xffff,0xffff,0xffff,0xffff,0xffff,0xffff,0xffff,0xffff,
    0xffff,0xffda,0xff95,0xff94,0xff94,0xff94,0xff94,0xff94,0xff94,0xff94,0xff94,0xff94,
    0xff94,0xff94,0xff95,0xffb7,0xffb9,0xff95,0xff94,0xff94,0xff94,0xffb6,0xffdc,0xffff,
    0xffff,0xffff,0xffff,0xffff,0xffff,0xffff,0xffff,0xffff,0xffff,0xfffd,0xffb6,0xff94,
    0xff94,0xff94,0xffb7,0xffff,0xffff,0xffff,0xffff,0xffff,0xffff,0xffff,0xffff,0xffff,
    0xffff,0xffff,0xffff,0xffff,0xffff,0xffff,0xffff,0xffff,0xffff,0xffff,0xffff,0xffff,
    0xffff,0xffff,0xffff,0xffff,0xffff,0xffff,0xffff,0xffff,0xffff,0xffff,0xffff,0xffff,
    0xffff,0xffff,0xffff,0xffff,0xffff,0xffff,0xffff,0xffff,0xffff,0xffff,0xffff,0xffff,
    0xffff,0xffff,0xffff,0xffff,0xffff,0xffff,0xffff,0xffff,0xffff,0xffff,0xffff,0xffff,
    0xffff,0xffff,0xffff,0xffff,0xffff,0xffff,0xffff,0xffff,0xffff,0xffff,0xffff,0xffff,
    0xffff,0xffff,0xffff,0xffff,0xffff,0xffff,0xffff,0xffff,0xffff,0xffff,0xffff,0xffff,
    0xffff,0xffff,0xffff,0xffff,0xffff,0xffff,0xffff,0xffff,0xffff,0xffff,0xffff,0xffff,
    0xffff,0xffff,0xffff,0xffff,0xffff,0xffff,0xffff,0xffff,0xffff,0xffff,0xffff,0xffff,
    0xffff,0xffff,0xffff,0xffff,0xffff,0xffff,0xffff,0xffff,0xffff,0xffff,0xffff,0xffff,
    0xffff,0xffff,0xffff,0xffff,0xffff,0xffff,0xffff,0xffff,0xffff,0xffff,0xffff,0xffff,
    0xffff,0xffff,0xffff,0xffff,0xffff,0xffff,0xffff,0xffff,0xffff,0xffff,0xffff,0xffff,
    0xffff,0xffff,0xffff,0xffff,0xffff,0xffff,0xffff,0xffff,0xffff,0xffff,0xffff,0xffff,
    0xffff,0xffff,0xffff,0xffff,0xffff,0xffff,0xffff,0xffff,0xffff,0xffff,0xffff,0xffff,
    0xffff,0xffff,0xffff,0xffff,0xffff,0xffff,0xffff,0xffff,0xffff,0xffff,0xffff,0xffff,
    0xffff,0xffff,0xffff,0xffff,0xffff,0xffff,0xffff,0xffff,0xffff,0xffff,0xffff,0xffff,
    0xffff,0xffff,0xffff,0xffff,0xffff,0xffff,0xffff,0xffff,0xffff,0xffff,0xffff,0xffff,
    0xffff,0xffff,0xffff,0xffff,0xffff,0xffff,0xffff,0xffff,0xffff,0xffff,0xffff,0xffff,
    0xffff,0xffff,0xffff,0xffff,0xffdc,0xffb6,0xff94,0xff94,0xff94,0xff94,0xff94,0xff94,
    0xff94,0xff94,0xff94,0xff94,0xff94,0xff94,0xff94,0xff94,0xff94,0xff94,0xff94,0xff94,
    0xff95,0xffdc,0xffff,0xffff,0xffff,0xffff,0xffff,0xffff,0xffff,0xffff,0xffff,0xffff,
    0xffff,0xffff,0xffdb,0xff94,0xff94,0xff94,0xffb6,0xfffe,0xffff,0xffff,0xffff,0xffff,
    0xffff,0xffff,0xffff,0xffff,0xffff,0xffff,0xffff,0xffff,0xffff,0xffff,0xffff,0xffff,
    0xffff,0xffff,0xffff,0xffff,0xffff,0xffff,0xffff,0xffff,0xffff,0xffff,0xffff,0xffff,
    0xffff,0xffff,0xffff,0xffff,0xffff,0xffff,0xffff,0xffff,0xffff,0xffff,0xffff,0xffff,
    0xffff,0xffff,0xffff,0xffff,0xfffe,0xffdb,0xfffe,0xffff,0xffff,0xffff,0xffff,0xffff,
    0xffff,0xffff,0xffff,0xffff,0xffff,0xffff,0xffff,0xffff,0xffff,0xffff,0xffff,0xffff,
    0xffff,0xffff,0xffff,0xffff,0xffff,0xffff,0xffff,0xffff,0xffff,0xffff,0xffff,0xffff,
    0xffff,0xffff,0xffff,0xffff,0xffff,0xffff,0xffff,0xffff,0xffff,0xffff,0xffff,0xffff,
    0xffff,0xffff,0xffff,0xffff,0xffff,0xffff,0xffff,0xffff,0xffff,0xffff,0xffff,0xffff,
    0xffff,0xffff,0xffb7,0xff8e,0xff2e,0xfb73,0xffff,0xffff,0xffff,0xffff,0xffff,0xffff,
    0xffff,0xffff,0xffff,0xffff,0xffff,0xffff,0xffff,0xffff,0xffff,0xffff,0xffff,0xffff,
    0xffff,0xffff,0xffff,0xffff,0xffff,0xffff,0xffff,0xffff,0xffff,0xffff,0xffff,0xffff,
    0xffff,0xffff,0xffff,0xffff,0xffff,0xffff,0xffff,0xffff,0xffff,0xffff,0xffff,0xffff,
    0xffff,0xffff,0xffff,0xffff,0xffff,0xffff,0xffff,0xffff,0xffff,0xffff,0xffff,0xffff,
    0xffff,0xffff,0xffff,0xffff,0xffff,0xffff,0xffff,0xffff,0xffff,0xffff,0xffff,0xffff,
    0xffff,0xffff,0xffff,0xffff,0xffff,0xffff,0xffff,0xffff,0xffff,0xffff,0xffff,0xffff,
    0xffff,0xffff,0xffff,0xffff,0xffff,0xffff,0xffff,0xffff,0xffff,0xffff,0xffff,0xffff,
    0xffff,0xffff,0xffff,0xffff,0xffff,0xffff,0xffff,0xffff,0xffff,0xffff,0xffff,0xffff,
    0xffff,0xffff,0xffff,0xffff,0xffff,0xffff,0xffff,0xffff,0xffb7,0xff94,0xff94,0xff94,
    0xff95,0xff94,0xff94,0xff94,0xff94,0xff94,0xff94,0xff94,0xff94,0xff94,0xff94,0xff94,
    0xff94,0xff94,0xff94,0xff94,0xffb7,0xffff,0xffff,0xffff,0xffff,0xffff,0xffff,0xffff,
    0xffff,0xffff,0xffff,0xffff,0xffff,0xffff,0xffdc,0xff95,0xff94,0xff94,0xffb7,0xffdc,
    0xffff,0xffff,0xffff,0xffff,0xffff,0xffff,0xffff,0xffff,0xffff,0xffff,0xffff,0xffff,
    0xffff,0xffff,0xffff,0xffff,0xffff,0xffff,0xffff,0xffff,0xffff,0xffff,0xffff,0xffff,
    0xffff,0xffff,0xffff,0xffff,0xffff,0xffff,0xffff,0xffff,0xffff,0xffff,0xffff,0xffff,
    0xffff,0xffff,0xffff,0xffff,0xffff,0xffff,0xffff,0xfffe,0xffb7,0xffb7,0xffb7,0xfffe,
    0xffff,0xffff,0xffff,0xffff,0xffff,0xffff,0xffff,0xffff,0xffff,0xffff,0xffff,0xffff,
    0xffff,0xffff,0xffff,0xffff,0xffff,0xffff,0xffff,0xffff,0xffff,0xffff,0xffff,0xffff,
    0xffff,0xffff,0xffff,0xffff,0xffff,0xffff,0xffff,0xffff,0xffff,0xffff,0xffff,0xffff,
    0xffff,0xffff,0xffff,0xffff,0xffff,0xffff,0xffff,0xffff,0xffff,0xffff,0xffff,0xffff,
    0xffff,0xffff,0xffff,0xffff,0xffff,0xffb6,0xfee9,0xfee9,0xfee9,0xfee9,0xff2e,0xffff,
    0xffff,0xffff,0xffff,0xffff,0xffff,0xffff,0xffff,0xffff,0xffff,0xffff,0xffff,0xffff,
    0xffff,0xffff,0xffff,0xffff,0xffff,0xffff,0xffff,0xffff,0xffff,0xffff,0xffff,0xffff,
    0xffff,0xffff,0xffff,0xffff,0xffff,0xffff,0xffff,0xffff,0xffff,0xffff,0xffff,0xffff,
    0xffff,0xffff,0xffff,0xffff,0xffff,0xffff,0xffff,0xffff,0xffff,0xffff,0xffff,0xffff,
    0xffff,0xffff,0xffff,0xffff,0xffff,0xffff,0xffff,0xffff,0xffff,0xffff,0xffff,0xffff,
    0xffff,0xffff,0xffff,0xffff,0xffff,0xffff,0xffff,0xffff,0xffff,0xffff,0xffff,0xffff,
    0xffff,0xffff,0xffff,0xffff,0xffff,0xffff,0xffff,0xffff,0xffff,0xffff,0xffff,0xffff,
    0xffff,0xffff,0xffff,0xffff,0xffff,0xffff,0xffff,0xffff,0xffff,0xffff,0xffff,0xffff,
    0xffff,0xffff,0xffff,0xffff,0xffff,0xffff,0xffff,0xffff,0xffff,0xffff,0xffff,0xffdc,
    0xff95,0xff94,0xff94,0xff94,0xff94,0xff94,0xff94,0xff94,0xff94,0xff94,0xff94,0xff94,
    0xff94,0xff94,0xff94,0xff94,0xff94,0xff94,0xff94,0xff94,0xffb6,0xffdb,0xffff,0xffff,
    0xffff,0xffff,0xffff,0xffff,0xffff,0xffff,0xffff,0xffff,0xffff,0xffff,0xffdc,0xffb6,
    0xff94,0xff94,0xff95,0xffdb,0xffff,0xffff,0xffff,0xffff,0xffff,0xffff,0xffff,0xffff,
    0xffff,0xffff,0xffff,0xffff,0xffff,0xffff,0xffff,0xffff,0xffff,0xffff,0xffff,0xffff,
    0xffff,0xffff,0xffff,0xffff,0xffff,0xffff,0xffff,0xffff,0xffff,0xffff,0xffff,0xffff,
    0xffff,0xffff,0xffff,0xffff,0xffff,0xffff,0xffff,0xffff,0xffff,0xffff,0xffff,0xffdb,
    0xffb7,0xffb7,0xffb7,0xffdb,0xffff,0xffff,0xffff,0xffff,0xffff,0xffff,0xffff,0xffff,
    0xffff,0xffff,0xffff,0xffff,0xffff,0xffff,0xffff,0xffff,0xffff,0xffff,0xffff,0xffff,
    0xffff,0xffff,0xffff,0xffff,0xffff,0xffff,0xffff,0xffff,0xffff,0xffff,0xffff,0xffff,
    0xffff,0xffff,0xffff,0xffff,0xffff,0xffff,0xffff,0xffff,0xffff,0xffff,0xffff,0xffff,
    0xffff,0xffff,0xffff,0xffff,0xffff,0xffff,0xffff,0xffff,0xffff,0xfee9,0xfee9,0xfee9,
    0xfee9,0xfee9,0xfee9,0xff95,0xffff,0xffff,0xffff,0xffff,0xffff,0xffff,0xffff,0xffff,
    0xffff,0xffff,0xffff,0xffff,0xffff,0xffff,0xffff,0xffff,0xffff,0xffff,0xffff,0xffff,
    0xffff,0xffff,0xffff,0xffff,0xffff,0xffff,0xffff,0xffff,0xffff,0xffff,0xffff,0xffff,
    0xffff,0xffff,0xffff,0xffff,0xffff,0xffff,0xffff,0xffff,0xffff,0xffff,0xffff,0xffff,
    0xffff,0xffff,0xffff,0xffff,0xffff,0xffff,0xffff,0xffff,0xffff,0xffff,0xffff,0xffff,
    0xffff,0xffff,0xffff,0xffff,0xffff,0xffff,0xffff,0xffff,0xffff,0xffff,0xffff,0xffff,
    0xffff,0xffff,0xffff,0xffff,0xffff,0xffff,0xffff,0xffff,0xffff,0xffff,0xffff,0xffff,
    0xffff,0xffff,0xffff,0xffff,0xffff,0xffff,0xffff,0xffff,0xffff,0xffff,0xffff,0xffff,
    0xffff,0xffff,0xffff,0xffff,0xffff,0xffff,0xffff,0xffff,0xffff,0xffff,0xffff,0xffff,
    0xffff,0xffff,0xffff,0xffb6,0xff94,0xff94,0xff94,0xff94,0xff94,0xff94,0xff94,0xff95,
    0xff94,0xff94,0xff94,0xff94,0xff94,0xff94,0xff94,0xff94,0xff94,0xff94,0xff94,0xff94,
    0xff94,0xffb6,0xffb9,0xffdc,0xffff,0xffff,0xffff,0xffff,0xffff,0xffff,0xffff,0xffff,
    0xffff,0xffff,0xffdb,0xff95,0xff94,0xff94,0xff95,0xfffd,0xffff,0xffff,0xffff,0xffff,
    0xffff,0xffff,0xffff,0xffff,0xffff,0xffff,0xffff,0xffff,0xffff,0xffff,0xffff,0xffff,
    0xffff,0xffff,0xffff,0xffff,0xffff,0xffff,0xffff,0xffff,0xffff,0xffff,0xffff,0xffff,
    0xffff,0xffff,0xffff,0xffff,0xffff,0xffff,0xffff,0xffff,0xffff,0xffff,0xffff,0xffff,
    0xffff,0xffff,0xffff,0xffdc,0xffb7,0xffb7,0xffb7,0xffdc,0xffff,0xffff,0xffff,0xffff,
    0xffff,0xffff,0xffff,0xffff,0xffff,0xffff,0xffff,0xffff,0xffff,0xffff,0xffff,0xffff,
    0xffff,0xffff,0xffff,0xffff,0xffff,0xffff,0xffff,0xffff,0xffff,0xffff,0xffff,0xffff,
    0xffff,0xffff,0xffff,0xffff,0xffff,0xffff,0xffff,0xffff,0xffff,0xffff,0xffff,0xffff,
    0xffff,0xffff,0xffff,0xffff,0xffff,0xffff,0xffff,0xffff,0xffff,0xffff,0xffff,0xffff,
    0xffff,0xfee9,0xfee9,0xfee9,0xfee9,0xfee9,0xfee9,0xff94,0xffff,0xffff,0xffff,0xffff,
    0xffff,0xffff,0xffff,0xffff,0xffff,0xffff,0xffff,0xffff,0xffff,0xffff,0xffff,0xffff,
    0xffff,0xffff,0xffff,0xffff,0xffff,0xffff,0xffff,0xffff,0xffff,0xffff,0xffff,0xffff,
    0xffff,0xffff,0xffff,0xffff,0xffff,0xffff,0xffff,0xffff,0xffff,0xffff,0xffff,0xffff,
    0xffff,0xffff,0xffff,0xffff,0xffff,0xffff,0xffff,0xffff,0xffff,0xffff,0xffff,0xffff,
    0xffff,0xffff,0xffff,0xffff,0xffff,0xffff,0xffff,0xffff,0xffff,0xffff,0xffff,0xffff,
    0xffff,0xffff,0xffff,0xffff,0xffff,0xffff,0xffff,0xffff,0xffff,0xffff,0xffff,0xffff,
    0xffff,0xffff,0xffff,0xffff,0xffff,0xffff,0xffff,0xffff,0xffff,0xffff,0xffff,0xffff,
    0xffff,0xffff,0xffff,0xffff,0xffff,0xffff,0xffff,0xffff,0xffff,0xffff,0xffff,0xffff,
    0xffff,0xffff,0xffff,0xffff,0xffff,0xffff,0xffdb,0xff94,0xff94,0xff94,0xff94,0xff94,
    0xff94,0xff94,0xff94,0xff94,0xff94,0xff94,0xff94,0xff94,0xff94,0xff94,0xff94,0xff94,
    0xff94,0xff94,0xff94,0xff94,0xff94,0xff94,0xff94,0xffb6,0xffdb,0xfffe,0xffff,0xffff,
    0xffff,0xffff,0xffff,0xffff,0xffff,0xffff,0xffb9,0xff94,0xff94,0xff94,0xffb7,0xfffd,
    0xffff,0xffff,0xffff,0xffff,0xffff,0xffff,0xffff,0xffff,0xffff,0xffff,0xffff,0xffff,
    0xffff,0xffff,0xffff,0xffff,0xffff,0xffff,0xffff,0xffff,0xffff,0xffff,0xffff,0xffff,
    0xffff,0xffff,0xffff,0xffff,0xffff,0xffff,0xffff,0xffff,0xffff,0xffff,0xffff,0xffff,
    0xffff,0xffff,0xffff,0xffff,0xffff,0xffff,0xffff,0xffff,0xffdb,0xffb9,0xffdb,0xffff,
    0xffff,0xffff,0xffff,0xffff,0xffff,0xffff,0xffff,0xffff,0xffff,0xffff,0xffff,0xffff,
    0xffff,0xffdb,0xffb6,0xff94,0xff94,0xff94,0xff94,0xff94,0xff94,0xff94,0xff94,0xff94,
    0xff95,0xffb7,0xffdb,0xffff,0xffff,0xffff,0xffff,0xffff,0xffff,0xffff,0xffff,0xffff,
    0xffff,0xffff,0xffff,0xffff,0xffff,0xffff,0xffff,0xffff,0xffff,0xffff,0xffff,0xffff,
    0xffff,0xffff,0xffff,0xffff,0xffff,0xfee9,0xfee9,0xfee9,0xfee9,0xfee9,0xfee9,0xff94,
    0xffff,0xffff,0xffff,0xffff,0xffff,0xffff,0xffff,0xffff,0xffff,0xffff,0xffff,0xffff,
    0xffff,0xffff,0xffff,0xffff,0xffff,0xffff,0xffff,0xffff,0xffff,0xffff,0xffff,0xffff,
    0xffff,0xffff,0xffff,0xffff,0xffff,0xffff,0xffff,0xffff,0xffff,0xffff,0xffff,0xffff,
    0xffff,0xffff,0xffff,0xffff,0xffff,0xffff,0xffff,0xffff,0xffff,0xffff,0xffff,0xffff,
    0xffff,0xffff,0xffff,0xffff,0xffff,0xffff,0xffff,0xffff,0xffff,0xffff,0xffff,0xffff,
    0xffff,0xffff,0xffff,0xffff,0xffff,0xffff,0xffff,0xffff,0xffff,0xffff,0xffff,0xffff,
    0xffff,0xffff,0xffff,0xffff,0xffff,0xffff,0xffff,0xffff,0xffff,0xffff,0xffff,0xffff,
    0xffff,0xffff,0xffff,0xffff,0xffff,0xffff,0xffff,0xffff,0xffff,0xffff,0xffff,0xffff,
    0xffff,0xffff,0xffff,0xffff,0xffff,0xffff,0xffff,0xffff,0xffff,0xffdc,0xffb6,0xff94,
    0xff94,0xff94,0xff94,0xff94,0xff94,0xff94,0xff94,0xff94,0xff94,0xff94,0xff95,0xff94,
    0xff94,0xff95,0xff94,0xff94,0xff94,0xff94,0xff95,0xff94,0xff94,0xff94,0xff94,0xff94,
    0xff95,0xffb7,0xffdb,0xffff,0xffff,0xffff,0xffff,0xffff,0xffff,0xffdb,0xff95,0xff94,
    0xff94,0xff94,0xffb9,0xfffe,0xffff,0xffff,0xffff,0xffff,0xffff,0xffff,0xffff,0xffff,
    0xffff,0xffff,0xffff,0xffff,0xffff,0xffff,0xffff,0xffff,0xffff,0xffff,0xffff,0xffff,
    0xffff,0xffff,0xffff,0xffff,0xffff,0xffff,0xffff,0xffff,0xffff,0xffff,0xffff,0xffff,
    0xffff,0xffff,0xffff,0xffff,0xffff,0xffff,0xffff,0xffff,0xffff,0xffff,0xffff,0xffff,
    0xffff,0xffff,0xffff,0xffff,0xffff,0xffff,0xffff,0xffff,0xffff,0xffff,0xffff,0xffff,
    0xffff,0xffff,0xffff,0xffdb,0xff94,0xfb73,0xfb73,0xfb73,0xfb73,0xfb73,0xfb73,0xfb73,
    0xfb73,0xfb73,0xfb73,0xfb73,0xfb73,0xfb73,0xfb73,0xff95,0xffdc,0xffff,0xffff,0xffff,
    0xffff,0xffff,0xffff,0xffff,0xffff,0xffff,0xffff,0xffff,0xffff,0xffff,0xffff,0xffff,
    0xffff,0xffff,0xffff,0xffff,0xffff,0xffff,0xffff,0xffff,0xffff,0xfb73,0xfee9,0xfee9,
    0xfee9,0xfee9,0xfee9,0xffdc,0xffff,0xffff,0xffff,0xffff,0xffff,0xffff,0xffff,0xffff,
    0xffff,0xffff,0xffff,0xffff,0xffff,0xffff,0xffff,0xffff,0xffff,0xffff,0xffff,0xffff,
    0xffff,0xffff,0xffff,0xffff,0xffff,0xffff,0xffff,0xffff,0xffff,0xffff,0xffff,0xffff,
    0xffff,0xffff,0xffff,0xffff,0xffff,0xffff,0xffff,0xffff,0xffff,0xffff,0xffff,0xffff,
    0xffff,0xffff,0xffff,0xffff,0xffff,0xffff,0xffff,0xffff,0xffff,0xffff,0xffff,0xffff,
    0xffff,0xffff,0xffff,0xffff,0xffff,0xffff,0xffff,0xffff,0xffff,0xffff,0xffff,0xffff,
    0xffff,0xffff,0xffff,0xffff,0xffff,0xffff,0xffff,0xffff,0xffff,0xffff,0xffff,0xffff,
    0xffff,0xffff,0xffff,0xffff,0xffff,0xffff,0xffff,0xffff,0xffff,0xffff,0xffff,0xffff,
    0xffff,0xffff,0xffff,0xffff,0xffff,0xffff,0xffff,0xffff,0xffff,0xffff,0xffff,0xffff,
    0xffff,0xffb9,0xff94,0xff94,0xff94,0xff94,0xff94,0xff94,0xff94,0xff94,0xff95,0xff94,
    0xff94,0xff95,0xff94,0xff94,0xff94,0xff94,0xff94,0xff94,0xff94,0xff94,0xff94,0xff94,
    0xff94,0xff94,0xff94,0xff94,0xff94,0xff94,0xffb6,0xffb9,0xffdc,0xffff,0xffff,0xffff,
    0xfffe,0xffb7,0xff94,0xff94,0xff94,0xffb7,0xffdc,0xffff,0xffff,0xffff,0xffff,0xffff,
    0xffff,0xffff,0xffff,0xffff,0xffff,0xffff,0xffff,0xffff,0xffff,0xffff,0xffff,0xffff,
    0xffff,0xffff,0xffdb,0xff95,0xff8e,0xff8e,0xff90,0xffb6,0xffff,0xffff,0xffff,0xffff,
    0xffff,0xffff,0xffff,0xffff,0xffff,0xffff,0xffff,0xffff,0xffff,0xffff,0xffff,0xffff,
    0xffff,0xffff,0xffff,0xffff,0xffff,0xffff,0xffff,0xffff,0xffff,0xffff,0xffff,0xffff,
    0xffff,0xffff,0xffff,0xffff,0xffff,0xffff,0xffb7,0xfb73,0xfb73,0xfb73,0xfb73,0xfb73,
    0xfb73,0xfb73,0xfb73,0xfb73,0xfb73,0xfb73,0xfb73,0xfb73,0xfb73,0xfb73,0xfb73,0xfb73,
    0xff94,0xffdb,0xffff,0xffff,0xffff,0xffff,0xffff,0xffff,0xffff,0xffff,0xffff,0xffff,
    0xffff,0xffff,0xffff,0xffff,0xffff,0xffff,0xffff,0xffff,0xffff,0xffff,0xffff,0xffff,
    0xffff,0xffff,0xff94,0xfee9,0xfee9,0xff2e,0xffdb,0xffff,0xffff,0xffff,0xffff,0xffff,
    0xffff,0xffff,0xffff,0xffff,0xffff,0xffff,0xffff,0xffff,0xffff,0xffff,0xffff,0xffff,
    0xffff,0xffff,0xffff,0xffff,0xffff,0xffff,0xffff,0xffff,0xffff,0xffff,0xffff,0xffff,
    0xffff,0xffff,0xffff,0xffff,0xffff,0xffff,0xffff,0xffff,0xffff,0xffff,0xffff,0xffff,
    0xffff,0xffff,0xffff,0xffff,0xffff,0xffff,0xffff,0xffff,0xffff,0xffff,0xffff,0xffff,
    0xffff,0xffff,0xffff,0xffff,0xffff,0xffff,0xffff,0xffff,0xffff,0xffff,0xffff,0xffff,
    0xffff,0xffff,0xffff,0xffff,0xffff,0xffff,0xffff,0xffff,0xffff,0xffff,0xffff,0xffff,
    0xffff,0xffff,0xffff,0xffff,0xffff,0xffff,0xffff,0xffff,0xffff,0xffff,0xffff,0xffff,
    0xffff,0xffff,0xffff,0xffff,0xffff,0xffff,0xffff,0xffff,0xffff,0xffff,0xffff,0xffff,
    0xffff,0xffff,0xffff,0xffff,0xffdb,0xff95,0xff94,0xff94,0xff94,0xff94,0xff94,0xff95,
    0xff94,0xff94,0xff94,0xff94,0xff94,0xff94,0xff94,0xff95,0xff94,0xff94,0xff94,0xff94,
    0xff94,0xff94,0xff94,0xff94,0xff94,0xff94,0xff94,0xff94,0xff94,0xff94,0xff94,0xff94,
    0xffb6,0xffdb,0xffff,0xffff,0xffda,0xff94,0xff94,0xff94,0xff95,0xffda,0xffff,0xffff,
    0xffff,0xffff,0xffff,0xffff,0xffff,0xffff,0xffff,0xffff,0xffff,0xffff,0xffff,0xffff,
    0xffff,0xffff,0xffff,0xffff,0xffff,0xff95,0xff8e,0xff8e,0xff8e,0xff8e,0xff8e,0xff8e,
    0xff90,0xffdc,0xffff,0xffff,0xffff,0xffff,0xffff,0xffff,0xffff,0xffff,0xffff,0xffff,
    0xffff,0xffff,0xffff,0xffff,0xffff,0xffff,0xffff,0xffff,0xffff,0xffff,0xffff,0xffff,
    0xffff,0xffff,0xffff,0xffff,0xffff,0xffff,0xffff,0xffff,0xffff,0xffb7,0xfb73,0xfb73,
    0xfb73,0xfb73,0xfb73,0xfb73,0xfb73,0xfb73,0xfb73,0xfb73,0xfb73,0xfb73,0xfb73,0xfb73,
    0xfb73,0xfb73,0xfb73,0xfb73,0xfb73,0xfb73,0xffdb,0xffff,0xffff,0xffff,0xffff,0xffff,
    0xffff,0xffff,0xffff,0xffff,0xffff,0xffff,0xffff,0xffff,0xffff,0xffff,0xffff,0xffff,
    0xffff,0xffff,0xffff,0xffff,0xffff,0xffff,0xffff,0xffff,0xffff,0xffff,0xffff,0xffff,
    0xffff,0xffff,0xffff,0xffff,0xffff,0xffff,0xffff,0xffff,0xffff,0xffff,0xffff,0xffff,
    0xffff,0xffff,0xffff,0xffff,0xffff,0xffff,0xffff,0xffff,0xffff,0xffff,0xffff,0xffff,
    0xffff,0xffff,0xffff,0xffff,0xffff,0xffff,0xffff,0xffff,0xffff,0xffff,0xffff,0xffff,
    0xffff,0xfffd,0xfffe,0xffff,0xffff,0xffff,0xffff,0xffff,0xffff,0xffff,0xffff,0xffff,
    0xffff,0xffff,0xffff,0xffff,0xffff,0xffff,0xffff,0xffff,0xffff,0xffff,0xffff,0xffff,
    0xffff,0xffff,0xffff,0xffff,0xffff,0xffff,0xffff,0xffff,0xffff,0xffff,0xffff,0xffff,
    0xffff,0xffff,0xffff,0xffff,0xffff,0xffff,0xffff,0xffff,0xffff,0xffff,0xffff,0xffff,
    0xffff,0xffff,0xffff,0xffff,0xffff,0xffff,0xffff,0xffff,0xffff,0xffff,0xffff,0xffff,
    0xffff,0xffff,0xffff,0xffff,0xffff,0xffff,0xffff,0xfffe,0xffb7,0xff94,0xff94,0xff94,
    0xff94,0xff94,0xff95,0xff94,0xff94,0xff94,0xff94,0xff94,0xff94,0xff94,0xff94,0xff94,
    0xff94,0xff94,0xff94,0xff94,0xff94,0xff94,0xff94,0xff95,0xff94,0xff94,0xff94,0xff94,
    0xff94,0xff94,0xff94,0xff94,0xff94,0xff95,0xffb9,0xffb9,0xffb6,0xff94,0xff94,0xff94,
    0xffb8,0xffff,0xffff,0xffff,0xffff,0xffff,0xffff,0xffff,0xffff,0xffff,0xffff,0xffff,
    0xffff,0xffff,0xffff,0xffff,0xffff,0xffff,0xffff,0xffff,0xffdb,0xff8e,0xff8e,0xff8e,
    0xff8e,0xff8e,0xff8e,0xff8e,0xff8e,0xfb73,0xffff,0xffff,0xffff,0xffff,0xffff,0xffff,
    0xffff,0xffff,0xffff,0xffff,0xffff,0xffff,0xffff,0xffff,0xffff,0xffff,0xffff,0xffff,
    0xffff,0xffff,0xffff,0xffff,0xffff,0xffff,0xffff,0xffff,0xffff,0xffff,0xffff,0xffff,
    0xffdb,0xfb73,0xfb73,0xfb73,0xfb73,0xfb73,0xfb73,0xfb73,0xff94,0xff95,0xff95,0xff95,
    0xff95,0xff95,0xff95,0xff94,0xfb73,0xfb73,0xfb73,0xfb73,0xfb73,0xfb73,0xff94,0xfffe,
    0xffff,0xffff,0xffff,0xffff,0xffff,0xffff,0xffff,0xffff,0xffff,0xffff,0xffff,0xffff,
    0xffff,0xffff,0xffff,0xffff,0xffff,0xffff,0xffff,0xffff,0xffff,0xffff,0xffff,0xffff,
    0xffff,0xffff,0xffff,0xffff,0xffff,0xffff,0xffff,0xffff,0xffff,0xffff,0xffff,0xffff,
    0xffff,0xffff,0xffff,0xffff,0xffff,0xffff,0xffff,0xffff,0xffff,0xffff,0xffff,0xffff,
    0xffff,0xffff,0xffff,0xffff,0xffff,0xffff,0xffff,0xffff,0xffff,0xffff,0xffff,0xffff,
    0xffff,0xffff,0xfffe,0xffb9,0xffb7,0xffb7,0xffb7,0xffb7,0xffb7,0xffdb,0xffff,0xffff,
    0xffff,0xffff,0xffff,0xffff,0xffff,0xffff,0xffff,0xffff,0xffff,0xffff,0xffff,0xffff,
    0xffff,0xffff,0xffff,0xffff,0xffff,0xffff,0xffff,0xffff,0xffff,0xffff,0xffff,0xffff,
    0xffff,0xffff,0xffff,0xffff,0xffff,0xffff,0xffff,0xffff,0xffff,0xffff,0xffff,0xffff,
    0xffff,0xffff,0xffff,0xffff,0xffff,0xffff,0xffff,0xffff,0xffff,0xffff,0xffff,0xffff,
    0xffff,0xffff,0xffff,0xffff,0xffff,0xffff,0xffff,0xffff,0xffff,0xffff,0xffff,0xffb9,
    0xff94,0xff94,0xff94,0xff94,0xff94,0xff94,0xff94,0xff94,0xff94,0xff95,0xff94,0xff94,
    0xff94,0xff94,0xff94,0xff94,0xff95,0xff94,0xff94,0xff94,0xff95,0xff94,0xff94,0xff94,
    0xff94,0xff94,0xff95,0xff94,0xff94,0xff94,0xff94,0xff94,0xff94,0xff94,0xff94,0xff94,
    0xff94,0xff94,0xff94,0xffb6,0xffdc,0xffff,0xffff,0xffff,0xffff,0xffff,0xffff,0xffff,
    0xffff,0xffff,0xffff,0xffff,0xffff,0xffff,0xffff,0xffff,0xffff,0xffff,0xffff,0xffff,
    0xfb73,0xff8e,0xff8e,0xff8e,0xff8e,0xff8e,0xff8e,0xff8e,0xff8e,0xff8e,0xffdb,0xffff,
    0xffff,0xffff,0xffff,0xffff,0xffff,0xffff,0xffff,0xffff,0xffff,0xffff,0xffff,0xffff,
    0xffff,0xffff,0xffff,0xffff,0xffff,0xffff,0xffff,0xffff,0xffff,0xffff,0xffff,0xffff,
    0xffff,0xffff,0xffff,0xffff,0xff94,0xfb73,0xfb73,0xfb73,0xfb73,0xfb73,0xff96,0xffdb,
    0xffff,0xffff,0xffff,0xffff,0xffff,0xffff,0xffff,0xffff,0xffdb,0xff95,0xfb73,0xfb73,
    0xfb73,0xfb73,0xfb73,0xffb6,0xffff,0xffff,0xffff,0xffff,0xffff,0xffff,0xffff,0xffff,
    0xffff,0xffff,0xffff,0xffff,0xffff,0xffff,0xffff,0xffff,0xffff,0xffff,0xffff,0xffff,
    0xffff,0xffff,0xffff,0xffff,0xffff,0xffff,0xffff,0xffff,0xffff,0xffff,0xffff,0xffff,
    0xffff,0xffff,0xffff,0xffff,0xffff,0xffff,0xffff,0xffff,0xffff,0xffff,0xffff,0xffff,
    0xffff,0xffff,0xffff,0xffff,0xffff,0xffff,0xffff,0xffff,0xffff,0xffff,0xffff,0xffff,
    0xffff,0xffff,0xffff,0xffff,0xffff,0xffdc,0xffb7,0xffb7,0xffb7,0xffb7,0xffb7,0xffb7,
    0xffb7,0xffb7,0xffb9,0xffff,0xffff,0xffff,0xffff,0xffff,0xffff,0xffff,0xffff,0xffff,
    0xffff,0xffff,0xffff,0xffff,0xffff,0xffff,0xffff,0xffff,0xffff,0xffff,0xffff,0xffff,
    0xffff,0xffff,0xffff,0xffff,0xffff,0xffff,0xffff,0xffff,0xffff,0xffff,0xffff,0xffff,
    0xffff,0xffff,0xffff,0xffff,0xffff,0xffff,0xffff,0xffff,0xffff,0xffff,0xffff,0xffff,
    0xffff,0xffff,0xffff,0xffff,0xffff,0xffff,0xffff,0xffff,0xffff,0xffff,0xffff,0xffff,
    0xffff,0xffff,0xffdc,0xff95,0xff94,0xff94,0xff94,0xff94,0xff95,0xff94,0xff94,0xff94,
    0xff94,0xff94,0xff94,0xff94,0xff94,0xff94,0xff94,0xff94,0xff94,0xff94,0xff94,0xff94,
    0xff94,0xff94,0xff94,0xff94,0xff94,0xff94,0xff94,0xff94,0xff94,0xff94,0xff94,0xff94,
    0xff94,0xff94,0xff94,0xff94,0xff94,0xff94,0xff94,0xffb9,0xffff,0xffff,0xffff,0xffff,
    0xffff,0xffff,0xffff,0xffff,0xffff,0xffff,0xffff,0xffff,0xffff,0xffff,0xffff,0xffff,
    0xffff,0xffff,0xffff,0xffff,0xff8e,0xff8e,0xff8e,0xff8e,0xff8e,0xff8e,0xff8e,0xff8e,
    0xff8e,0xff8e,0xffb7,0xffff,0xffff,0xffff,0xffff,0xffff,0xffff,0xffff,0xffff,0xffff,
    0xffff,0xffff,0xffff,0xffff,0xffff,0xffff,0xffff,0xffff,0xffff,0xffff,0xffff,0xffff,
    0xffff,0xffff,0xffff,0xffff,0xffff,0xffff,0xffff,0xffb9,0xfb73,0xfb73,0xfb73,0xfb73,
    0xfb73,0xffb7,0xfffe,0xffff,0xffff,0xffff,0xffff,0xffff,0xffff,0xffff,0xffff,0xffff,
    0xffff,0xffff,0xffb6,0xfb73,0xfb73,0xfb73,0xfb73,0xfb73,0xffdc,0xffff,0xffff,0xffff,
    0xffff,0xffff,0xffff,0xffff,0xffff,0xffff,0xffff,0xffff,0xffff,0xffff,0xffff,0xffff,
    0xffff,0xffff,0xffff,0xffff,0xffff,0xffff,0xffff,0xffff,0xffff,0xffff,0xffff,0xffff,
    0xffff,0xffff,0xffff,0xffff,0xffff,0xffff,0xffff,0xffff,0xffff,0xffff,0xffff,0xffff,
    0xffff,0xffff,0xffff,0xffff,0xffff,0xffff,0xffff,0xffff,0xffff,0xffff,0xffff,0xffff,
    0xffff,0xffff,0xffff,0xffff,0xffff,0xffff,0xffff,0xffff,0xfffe,0xffb7,0xffb7,0xffb7,
    0xffb7,0xffb7,0xffb7,0xffb7,0xffb7,0xffb7,0xffb7,0xffb9,0xffff,0xffff,0xffff,0xffff,
    0xffff,0xffff,0xffff,0xffff,0xffff,0xffff,0xffff,0xffff,0xffff,0xffff,0xffff,0xffff,
    0xffff,0xffff,0xffff,0xffff,0xffff,0xffff,0xffff,0xffff,0xffff,0xffff,0xffff,0xffff,
    0xffff,0xffff,0xffff,0xffff,0xffff,0xffff,0xffff,0xffff,0xffff,0xffff,0xffff,0xffff,
    0xffff,0xffff,0xffff,0xffdc,0xffdb,0xffdc,0xffff,0xffff,0xffff,0xffff,0xffff,0xffff,
    0xffff,0xffff,0xffff,0xffff,0xffff,0xffff,0xffb9,0xff94,0xff94,0xff94,0xff94,0xff94,
    0xff94,0xff94,0xff94,0xff94,0xff94,0xff94,0xff94,0xff95,0xff94,0xff94,0xff94,0xff94,
    0xff94,0xff94,0xff94,0xff95,0xff94,0xff94,0xff94,0xff94,0xff94,0xff95,0xff94,0xff94,
    0xff94,0xff94,0xff94,0xff94,0xff94,0xff94,0xff94,0xff94,0xff94,0xff94,0xff94,0xffb7,
    0xffdc,0xffff,0xffff,0xffff,0xffff,0xffff,0xffff,0xffff,0xffff,0xffff,0xffff,0xffff,
    0xffff,0xffff,0xffff,0xffff,0xffff,0xffff,0xffff,0xffff,0xff8e,0xff8e,0xff8e,0xff8e,
    0xff8e,0xff8e,0xff8e,0xff8e,0xff8e,0xff8e,0xffb7,0xffff,0xffff,0xffff,0xffff,0xffff,
    0xffff,0xffff,0xffff,0xffff,0xffff,0xffff,0xffff,0xffff,0xffff,0xffff,0xffff,0xffff,
    0xffff,0xffff,0xffff,0xffff,0xffff,0xffff,0xffff,0xffff,0xffff,0xffff,0xffff,0xff95,
    0xfb73,0xfb73,0xfb73,0xfb73,0xff95,0xffff,0xffff,0xffff,0xffff,0xffff,0xffff,0xffff,
    0xffff,0xffff,0xffff,0xffff,0xffff,0xffff,0xffff,0xff94,0xfb73,0xfb73,0xfb73,0xfb73,
    0xffb7,0xffff,0xffff,0xffff,0xffff,0xffff,0xffff,0xffff,0xffff,0xffff,0xffff,0xffff,
    0xffff,0xffff,0xffff,0xffff,0xffff,0xffff,0xffff,0xffff,0xffff,0xffff,0xffff,0xffff,
    0xffff,0xffff,0xffff,0xffff,0xffff,0xffff,0xffff,0xffff,0xffff,0xffff,0xffff,0xffff,
    0xffff,0xffff,0xffff,0xffff,0xffff,0xffff,0xffff,0xffff,0xffff,0xffff,0xffff,0xffff,
    0xffff,0xffff,0xffff,0xffff,0xffff,0xffff,0xffff,0xffff,0xffff,0xffff,0xffff,0xffff,
    0xffb9,0xffb7,0xffb7,0xffb7,0xffb7,0xffb7,0xffb7,0xffb7,0xffb7,0xffb7,0xffb7,0xffb7,
    0xffdc,0xffff,0xffff,0xffff,0xffff,0xffff,0xffff,0xffff,0xffff,0xffff,0xffff,0xffff,
    0xffff,0xffff,0xffff,0xffff,0xffff,0xffff,0xffff,0xffff,0xffff,0xffff,0xffff,0xffff,
    0xffff,0xffff,0xffff,0xffff,0xffff,0xffff,0xffff,0xffff,0xffff,0xffff,0xffff,0xffff,
    0xffff,0xffff,0xffff,0xffff,0xffff,0xffff,0xffdb,0xffb7,0xffb7,0xffb7,0xffdb,0xffff,
    0xffff,0xffff,0xffff,0xffff,0xffff,0xffff,0xffff,0xffff,0xffff,0xffdb,0xff95,0xff94,
    0xff94,0xff94,0xff94,0xff95,0xff94,0xff94,0xff94,0xff94,0xff94,0xff94,0xff94,0xff94,
    0xff94,0xff94,0xff95,0xff94,0xff94,0xff94,0xff95,0xff94,0xff94,0xff94,0xff94,0xff94,
    0xff94,0xff94,0xff94,0xff94,0xff94,0xff94,0xff94,0xff94,0xff94,0xff94,0xff94,0xff94,
    0xff94,0xff94,0xff94,0xff94,0xffb6,0xffdb,0xfffe,0xffff,0xffff,0xffff,0xffff,0xffff,
    0xffff,0xffff,0xffff,0xffff,0xffff,0xffff,0xffff,0xffff,0xffff,0xffff,0xffff,0xffff,
    0xff8e,0xff8e,0xff8e,0xff8e,0xff8e,0xff8e,0xff8e,0xff8e,0xff8e,0xff8e,0xffb7,0xffff,
    0xffff,0xffff,0xffff,0xffff,0xffff,0xffff,0xffff,0xffff,0xffff,0xffff,0xffff,0xffff,
    0xffff,0xffff,0xffff,0xffff,0xffff,0xffff,0xffff,0xffff,0xffff,0xffff,0xffff,0xffff,
    0xffff,0xffff,0xfffe,0xff94,0xfb73,0xfb73,0xfb73,0xfb73,0xffda,0xffff,0xffff,0xffff,
    0xffff,0xffff,0xffff,0xffff,0xffff,0xffff,0xffff,0xffff,0xffff,0xffff,0xffff,0xffb9,
    0xfb73,0xfb73,0xfb73,0xfb73,0xffb6,0xffff,0xffff,0xffff,0xffff,0xffff,0xffff,0xffff,
    0xffff,0xffff,0xffff,0xffff,0xffff,0xffff,0xffff,0xffff,0xffff,0xffff,0xffff,0xffff,
    0xffff,0xffff,0xffff,0xffff,0xffff,0xffff,0xffff,0xffff,0xffff,0xffff,0xffff,0xffff,
    0xffff,0xffff,0xffff,0xffff,0xffff,0xffff,0xffff,0xffff,0xffff,0xffff,0xffff,0xffff,
    0xffff,0xffff,0xffff,0xffff,0xffff,0xffff,0xffff,0xffff,0xffff,0xffff,0xffff,0xffff,
    0xffff,0xffff,0xffff,0xfffe,0xffb7,0xffb7,0xffb7,0xffb7,0xffb7,0xffb7,0xffb7,0xffb7,
    0xffb7,0xffb7,0xffb7,0xffb7,0xffb9,0xffff,0xffff,0xffff,0xffff,0xffff,0xffff,0xffff,
    0xffff,0xffff,0xffff,0xffff,0xffff,0xffff,0xffff,0xffff,0xffff,0xffff,0xffff,0xffff,
    0xffff,0xffff,0xffff,0xffff,0xffff,0xffff,0xffff,0xffff,0xffff,0xffff,0xffff,0xffff,
    0xffff,0xffff,0xffff,0xffff,0xffff,0xffff,0xffff,0xffff,0xffff,0xffff,0xffb9,0xffb7,
    0xffb7,0xffb7,0xffb9,0xffff,0xffff,0xffff,0xffff,0xffff,0xffff,0xffff,0xffff,0xffff,
    0xffff,0xffb6,0xff94,0xff94,0xff94,0xff94,0xff94,0xff94,0xff94,0xff94,0xff94,0xff95,
    0xff94,0xff94,0xff94,0xff94,0xff94,0xff94,0xff94,0xff94,0xff94,0xff94,0xff94,0xff94,
    0xff94,0xff94,0xff94,0xff94,0xff95,0xff94,0xff94,0xff94,0xff94,0xff94,0xff95,0xff94,
    0xff94,0xff94,0xff94,0xff94,0xff94,0xff95,0xff94,0xff94,0xff94,0xff95,0xffb7,0xffdb,
    0xffff,0xffff,0xffff,0xffff,0xffff,0xffff,0xffff,0xffff,0xffff,0xffff,0xffff,0xffff,
    0xffff,0xffff,0xffff,0xffff,0xff95,0xff8e,0xff8e,0xff8e,0xff8e,0xff8e,0xff8e,0xff8e,
    0xff8e,0xff8e,0xffdc,0xffff,0xffff,0xffff,0xffff,0xffff,0xffff,0xffff,0xffff,0xffff,
    0xffff,0xffff,0xffff,0xffff,0xffff,0xffff,0xffff,0xffff,0xffff,0xffff,0xffff,0xffff,
    0xffff,0xffff,0xffff,0xffff,0xffff,0xffff,0xfffd,0xfb73,0xfb73,0xfb73,0xfb73,0xfb73,
    0xfffd,0xffff,0xffff,0xffff,0xffff,0xffff,0xffff,0xffff,0xffff,0xffff,0xffff,0xffff,
    0xffff,0xffff,0xffff,0xffdc,0xfb73,0xfb73,0xfb73,0xfb73,0xff96,0xffff,0xffff,0xffff,
    0xffff,0xffff,0xffff,0xffff,0xffff,0xffff,0xffff,0xffff,0xffff,0xffff,0xffff,0xffff,
    0xffff,0xffff,0xffff,0xffff,0xffff,0xffff,0xffff,0xffff,0xffff,0xffff,0xffff,0xffff,
    0xffff,0xffff,0xffff,0xffff,0xffff,0xffff,0xffff,0xffff,0xffff,0xffff,0xffff,0xffff,
    0xffff,0xffff,0xffff,0xffff,0xffff,0xffff,0xffff,0xffff,0xffff,0xffff,0xffff,0xffff,
    0xffff,0xffff,0xffff,0xffff,0xffff,0xffff,0xffff,0xffdb,0xffb7,0xffb7,0xffb7,0xffb7,
    0xffb7,0xffb7,0xffb7,0xffb7,0xffb7,0xffb7,0xffb7,0xffb7,0xffb7,0xffff,0xffff,0xffff,
    0xffff,0xffff,0xffff,0xffff,0xffff,0xffff,0xffff,0xffff,0xffff,0xffff,0xffff,0xffff,
    0xffff,0xffff,0xffff,0xffff,0xffff,0xffff,0xffff,0xffff,0xffff,0xffff,0xffff,0xffff,
    0xffff,0xffff,0xffff,0xffff,0xffff,0xffff,0xffff,0xffff,0xffff,0xffff,0xffff,0xffff,
    0xffff,0xffff,0xffb9,0xffb7,0xffb7,0xffb7,0xffb9,0xffff,0xffff,0xffff,0xffff,0xffff,
    0xffff,0xffff,0xffff,0xffff,0xffb9,0xff94,0xff94,0xff94,0xff94,0xff94,0xff94,0xff94,
    0xff94,0xff94,0xff94,0xff94,0xff94,0xff94,0xff95,0xff94,0xff94,0xff94,0xff94,0xff94,
    0xff94,0xff94,0xff94,0xff94,0xff94,0xff94,0xff95,0xff94,0xff94,0xff94,0xff94,0xff94,
    0xff95,0xff94,0xff94,0xff94,0xff95,0xff94,0xff94,0xff94,0xff94,0xff94,0xff94,0xff94,
    0xff94,0xff94,0xff94,0xff95,0xffb9,0xffdc,0xffff,0xffff,0xffff,0xffff,0xffff,0xffff,
    0xffff,0xffff,0xffff,0xffff,0xffff,0xffff,0xffff,0xffff,0xffdc,0xff8e,0xff8e,0xff8e,
    0xff8e,0xff8e,0xff8e,0xff8e,0xff8e,0xff95,0xffff,0xffff,0xffff,0xffff,0xffff,0xffff,
    0xffff,0xffff,0xffff,0xffff,0xffff,0xffff,0xffff,0xffff,0xffff,0xffff,0xffff,0xffff,
    0xffff,0xffff,0xffff,0xffff,0xffff,0xffff,0xffff,0xffff,0xffff,0xffff,0xfffd,0xfb73,
    0xfb73,0xfb73,0xfb73,0xff94,0xfffd,0xffff,0xffff,0xffff,0xffff,0xffff,0xffff,0xffff,
    0xffff,0xffff,0xffff,0xffff,0xffff,0xffff,0xffff,0xfffd,0xfb73,0xfb73,0xfb73,0xfb73,
    0xff95,0xffff,0xffff,0xffff,0xffff,0xffff,0xffff,0xffff,0xffff,0xffff,0xffff,0xffff,
    0xffff,0xffff,0xffff,0xffff,0xffff,0xffff,0xffff,0xffff,0xffff,0xffff,0xffff,0xffff,
    0xffff,0xffff,0xffff,0xffff,0xffff,0xffff,0xffff,0xffff,0xffff,0xffff,0xffff,0xffff,
    0xffff,0xffff,0xffff,0xffff,0xffff,0xffff,0xffff,0xffff,0xffff,0xffff,0xffff,0xffff,
    0xffff,0xffff,0xffff,0xffff,0xffff,0xffff,0xffff,0xffff,0xffff,0xffff,0xffff,0xffdb,
    0xffb7,0xffb7,0xffb7,0xffb7,0xffb7,0xffb7,0xffb7,0xffb7,0xffb7,0xffb7,0xffb7,0xffb7,
    0xffb7,0xffff,0xffff,0xffff,0xffff,0xffff,0xffff,0xffff,0xffff,0xffff,0xffff,0xffff,
    0xffff,0xffff,0xffff,0xffff,0xffff,0xffff,0xffff,0xffff,0xffff,0xffff,0xffff,0xffff,
    0xffff,0xffff,0xffff,0xffff,0xffff,0xffff,0xffff,0xffff,0xffff,0xffff,0xffff,0xffff,
    0xffff,0xffff,0xffff,0xffff,0xffff,0xffff,0xfffe,0xffb7,0xffb7,0xffb7,0xfffe,0xffff,
    0xffff,0xffff,0xffff,0xffff,0xffff,0xffff,0xffff,0xffdc,0xff95,0xff94,0xff94,0xff94,
    0xff94,0xff94,0xff94,0xff94,0xff94,0xff95,0xff94,0xff94,0xff94,0xff94,0xff94,0xff94,
    0xff94,0xff95,0xff94,0xff94,0xff94,0xff94,0xff94,0xff94,0xff94,0xff94,0xff94,0xff94,
    0xff94,0xff94,0xff94,0xff94,0xff94,0xff94,0xff94,0xff94,0xff94,0xff94,0xff94,0xff94,
    0xff94,0xff94,0xff94,0xff94,0xff94,0xff94,0xff94,0xff94,0xff94,0xffb6,0xffda,0xfffe,
    0xffff,0xffff,0xffff,0xffff,0xffff,0xffff,0xffff,0xffff,0xffff,0xffff,0xffff,0xffff,
    0xffff,0xffdb,0xff90,0xff8e,0xff8e,0xff8e,0xff8e,0xff8e,0xff95,0xffff,0xffff,0xffff,
    0xffff,0xffff,0xffff,0xffff,0xffff,0xffff,0xffff,0xffff,0xffff,0xffff,0xffff,0xffff,
    0xffff,0xffff,0xffff,0xffff,0xffff,0xffff,0xffff,0xffff,0xffff,0xffff,0xffff,0xffff,
    0xffff,0xffff,0xfffd,0xfb73,0xfb73,0xfb73,0xfb73,0xff94,0xfffd,0xffff,0xffff,0xffff,
    0xffff,0xffff,0xffff,0xffff,0xffff,0xffff,0xffff,0xffff,0xffff,0xffff,0xffff,0xfffd,
    0xff94,0xfb73,0xfb73,0xfb73,0xff95,0xffff,0xffff,0xffff,0xffff,0xffff,0xffff,0xffff,
    0xffff,0xffff,0xffff,0xffff,0xffff,0xffff,0xffff,0xffff,0xffff,0xffff,0xffff,0xffff,
    0xffff,0xffff,0xffff,0xffff,0xffff,0xffff,0xffff,0xffff,0xffff,0xffff,0xffff,0xffff,
    0xffff,0xffff,0xffff,0xffff,0xffff,0xffff,0xffff,0xffff,0xffff,0xffff,0xffff,0xffff,
    0xffff,0xffff,0xffff,0xffff,0xffff,0xffff,0xffff,0xffff,0xffff,0xffff,0xffff,0xffff,
    0xffff,0xffff,0xffff,0xffdb,0xffb7,0xffb7,0xffb7,0xffb7,0xffb7,0xffb7,0xffb7,0xffb7,
    0xffb7,0xffb7,0xffb7,0xffb7,0xffb7,0xffff,0xffff,0xffff,0xffff,0xffff,0xffff,0xffff,
    0xffff,0xffff,0xffff,0xffff,0xffff,0xffff,0xffff,0xffff,0xffff,0xffff,0xffff,0xffff,
    0xffff,0xffff,0xffff,0xffff,0xffff,0xffff,0xffff,0xffff,0xffff,0xffff,0xffff,0xffff,
    0xffff,0xffff,0xffff,0xffff,0xffff,0xffff,0xffff,0xffff,0xffff,0xffff,0xffff,0xffff,
    0xfffe,0xffff,0xffff,0xffff,0xffff,0xffff,0xffff,0xffff,0xffff,0xffff,0xffff,0xffb7,
    0xff94,0xff94,0xff94,0xff94,0xff94,0xff94,0xff95,0xff94,0xff94,0xff94,0xff94,0xff94,
    0xff94,0xff95,0xff94,0xff94,0xff94,0xff94,0xff94,0xff94,0xff95,0xff94,0xff94,0xff94,
    0xff94,0xff94,0xff94,0xff94,0xff94,0xff95,0xff94,0xff94,0xff94,0xff94,0xff94,0xff94,
    0xff94,0xff95,0xff94,0xff94,0xff94,0xff94,0xff94,0xff95,0xff94,0xff94,0xff94,0xff94,
    0xff94,0xff94,0xff95,0xffb7,0xffdb,0xffff,0xffff,0xffff,0xffff,0xffff,0xffff,0xffff,
    0xffff,0xffff,0xffff,0xffff,0xffff,0xffff,0xffff,0xffb9,0xff94,0xff94,0xff95,0xffdc,
    0xffff,0xffff,0xffff,0xffff,0xffff,0xffff,0xffff,0xffff,0xffff,0xffff,0xffff,0xffff,
    0xffff,0xffff,0xffff,0xffff,0xffff,0xffff,0xffff,0xffff,0xffff,0xffff,0xffff,0xffff,
    0xffff,0xffff,0xffff,0xffff,0xffff,0xffff,0xfffd,0xfb73,0xfb73,0xfb73,0xfb73,0xff94,
    0xfffd,0xffff,0xffff,0xffff,0xffff,0xffff,0xffff,0xffff,0xffff,0xffff,0xffff,0xffff,
    0xffff,0xffff,0xffff,0xfffd,0xff94,0xfb73,0xfb73,0xfb73,0xff95,0xffff,0xffff,0xffff,
    0xffff,0xffff,0xffff,0xffff,0xffff,0xffff,0xffff,0xffff,0xffff,0xffff,0xffff,0xffff,
    0xffff,0xffff,0xffff,0xffff,0xffff,0xffff,0xffff,0xffff,0xffff,0xffff,0xffff,0xffff,
    0xffff,0xffff,0xffff,0xffff,0xffff,0xffff,0xffff,0xffff,0xffff,0xffff,0xffff,0xffff,
    0xffff,0xffff,0xffff,0xffff,0xffff,0xffff,0xffff,0xffff,0xffff,0xffff,0xffff,0xffff,
    0xffff,0xffff,0xffff,0xffff,0xffff,0xffff,0xffff,0xffdc,0xffb7,0xffb7,0xffb7,0xffb7,
    0xffb7,0xffb7,0xffb7,0xffb7,0xffb7,0xffb7,0xffb7,0xffb7,0xffb9,0xffff,0xffff,0xffff,
    0xffff,0xffff,0xffff,0xffff,0xffff,0xffff,0xffff,0xffff,0xffff,0xffff,0xffff,0xffff,
    0xffff,0xffff,0xffff,0xffff,0xffff,0xffff,0xffff,0xffff,0xffff,0xffff,0xffff,0xffff,
    0xffff,0xffff,0xffff,0xffff,0xffff,0xffff,0xffff,0xffff,0xffff,0xffff,0xffff,0xffff,
    0xffff,0xffff,0xffff,0xffff,0xffff,0xffff,0xffff,0xffff,0xffff,0xffff,0xffff,0xffff,
    0xffff,0xffff,0xffdb,0xff94,0xff94,0xff94,0xff94,0xff94,0xff94,0xff94,0xff94,0xff94,
    0xff94,0xff94,0xff94,0xff94,0xff94,0xff94,0xff94,0xff95,0xff94,0xff94,0xff94,0xff94,
    0xff94,0xff94,0xff95,0xff94,0xff94,0xff95,0xff94,0xff94,0xff94,0xff94,0xff95,0xff94,
    0xff94,0xff94,0xff94,0xff94,0xff94,0xff94,0xff94,0xff94,0xff95,0xff94,0xff94,0xff94,
    0xff94,0xff94,0xff94,0xff94,0xff94,0xff94,0xff94,0xff94,0xff95,0xffdb,0xffff,0xffff,
    0xffff,0xffff,0xffff,0xffff,0xffff,0xffff,0xffff,0xffff,0xffff,0xffff,0xffff,0xffff,
    0xffff,0xffff,0xffff,0xffff,0xffff,0xffff,0xffff,0xffff,0xffff,0xffff,0xffff,0xffff,
    0xffff,0xffff,0xffff,0xffff,0xffff,0xffff,0xffff,0xffff,0xffff,0xffff,0xffff,0xffff,
    0xffff,0xffff,0xffff,0xffff,0xffff,0xffff,0xffff,0xffff,0xffff,0xffff,0xfffd,0xfb73,
    0xfb73,0xfb73,0xfb73,0xff94,0xfffd,0xffff,0xffff,0xffff,0xffff,0xffff,0xffff,0xffff,
    0xffff,0xffff,0xffff,0xffff,0xffff,0xffff,0xffff,0xfffd,0xff94,0xfb73,0xfb73,0xfb73,
    0xff95,0xffff,0xffff,0xffff,0xffff,0xffff,0xffff,0xffff,0xffff,0xffff,0xffff,0xffff,
    0xffff,0xffff,0xffff,0xffff,0xffff,0xffff,0xffff,0xffff,0xffff,0xffff,0xffff,0xffff,
    0xffff,0xffff,0xffff,0xffff,0xffff,0xffff,0xffff,0xffff,0xffff,0xffff,0xffff,0xffff,
    0xffff,0xffff,0xffff,0xffff,0xffff,0xffff,0xffff,0xffff,0xffff,0xffff,0xffff,0xffff,
    0xffff,0xffff,0xffff,0xffff,0xffff,0xffff,0xffff,0xffff,0xffff,0xffff,0xffff,0xfffe,
    0xffb7,0xffb7,0xffb7,0xffb7,0xffb7,0xffb7,0xffb7,0xffb7,0xffb7,0xffb7,0xffb7,0xffb7,
    0xffdb,0xffff,0xffff,0xffff,0xffff,0xffff,0xffff,0xffff,0xffff,0xffff,0xffff,0xffff,
    0xffff,0xffff,0xffff,0xffff,0xffff,0xffff,0xffff,0xffff,0xffff,0xffff,0xffff,0xffff,
    0xffff,0xffff,0xffff,0xffff,0xffff,0xffff,0xffff,0xffff,0xffff,0xffff,0xffff,0xffff,
    0xffff,0xffff,0xffff,0xffff,0xffff,0xffff,0xffff,0xffff,0xffff,0xffff,0xffff,0xffff,
    0xffff,0xffff,0xffff,0xffff,0xffff,0xfffe,0xffb6,0xff94,0xff94,0xff94,0xff94,0xff94,
    0xff95,0xff94,0xff94,0xff94,0xff94,0xff94,0xff95,0xff94,0xff94,0xff94,0xff94,0xff94,
    0xff94,0xff94,0xff94,0xff94,0xff94,0xff94,0xff94,0xff94,0xff94,0xff94,0xff94,0xff94,
    0xff94,0xff94,0xff94,0xff94,0xff94,0xff94,0xff95,0xff94,0xff94,0xff94,0xff94,0xff94,
    0xff94,0xff94,0xff94,0xff94,0xff94,0xff95,0xff94,0xff94,0xff94,0xff94,0xff94,0xff94,
    0xff94,0xffb9,0xffff,0xffff,0xffff,0xffff,0xffff,0xffff,0xffff,0xffff,0xffff,0xffff,
    0xffff,0xffff,0xffff,0xffff,0xffff,0xffff,0xffff,0xffff,0xffff,0xffff,0xffff,0xffff,
    0xffff,0xffff,0xffff,0xffff,0xffff,0xffff,0xffff,0xffff,0xffff,0xffff,0xffff,0xffff,
    0xffff,0xffff,0xffff,0xffff,0xffff,0xffff,0xffff,0xffff,0xffff,0xffff,0xffff,0xffff,
    0xffff,0xffff,0xfffd,0xfb73,0xfb73,0xfb73,0xfb73,0xff94,0xfffd,0xffff,0xffff,0xffff,
    0xffff,0xffff,0xffff,0xffff,0xffff,0xffff,0xffff,0xffff,0xffff,0xffff,0xffff,0xfffd,
    0xff94,0xfb73,0xfb73,0xfb73,0xff95,0xffff,0xffff,0xffff,0xffff,0xffff,0xffff,0xffff,
    0xffff,0xffff,0xffff,0xffff,0xffff,0xffff,0xffff,0xffff,0xffff,0xffff,0xffff,0xffff,
    0xffff,0xffff,0xffff,0xffff,0xffff,0xffff,0xffff,0xffff,0xffff,0xffff,0xffff,0xffff,
    0xffff,0xffff,0xffff,0xffff,0xffff,0xffff,0xffff,0xffff,0xffff,0xffff,0xffff,0xffff,
    0xffff,0xffff,0xffff,0xffff,0xffff,0xffff,0xffff,0xffff,0xffff,0xffff,0xffff,0xffff,
    0xffff,0xffff,0xffff,0xffff,0xffdb,0xffb7,0xffb7,0xffb7,0xffb7,0xffb7,0xffb7,0xffb7,
    0xffb7,0xffb7,0xffb7,0xffb7,0xffff,0xffff,0xffff,0xffff,0xffff,0xffff,0xffff,0xffff,
    0xffff,0xffff,0xffff,0xffff,0xffff,0xffff,0xffff,0xffff,0xffff,0xffff,0xffff,0xffff,
    0xffff,0xffff,0xffff,0xffff,0xffff,0xffff,0xffff,0xffff,0xffff,0xffff,0xffff,0xffff,
    0xffff,0xffff,0xffff,0xffff,0xffff,0xffff,0xffff,0xffff,0xffff,0xffff,0xffff,0xffff,
    0xffff,0xffff,0xffff,0xffff,0xffff,0xffff,0xffff,0xffff,0xffff,0xffda,0xff94,0xff94,
    0xff94,0xff94,0xff94,0xff94,0xff94,0xff94,0xff94,0xff94,0xff94,0xff94,0xff94,0xff95,
    0xff94,0xff94,0xff94,0xff94,0xff95,0xff94,0xff94,0xff94,0xff94,0xff94,0xff94,0xff95,
    0xff94,0xff94,0xff95,0xff94,0xff94,0xff94,0xff94,0xff94,0xff94,0xff94,0xff94,0xff95,
    0xff94,0xff94,0xff95,0xff94,0xff94,0xff94,0xff94,0xff94,0xff94,0xff94,0xff94,0xff94,
    0xff94,0xff94,0xff94,0xff94,0xff94,0xffb9,0xffff,0xffff,0xffff,0xffff,0xffff,0xffff,
    0xffff,0xffff,0xffff,0xffff,0xffff,0xffff,0xffff,0xffff,0xffff,0xffff,0xffff,0xffff,
    0xffff,0xffff,0xffff,0xffff,0xffff,0xffff,0xffff,0xffff,0xffff,0xffff,0xffff,0xffff,
    0xffff,0xffff,0xffff,0xffff,0xffff,0xffff,0xffff,0xffff,0xffff,0xffff,0xffff,0xffff,
    0xffff,0xffff,0xffff,0xffff,0xffff,0xffff,0xfffe,0xff94,0xfb73,0xfb73,0xfb73,0xff94,
    0xffff,0xffff,0xffff,0xffff,0xffff,0xffff,0xffff,0xffff,0xffff,0xffff,0xffff,0xffff,
    0xffff,0xffff,0xffff,0xffff,0xff94,0xfb73,0xfb73,0xfb73,0xff95,0xffff,0xffff,0xffff,
    0xffff,0xffff,0xffff,0xffff,0xffff,0xffff,0xffff,0xffff,0xffff,0xffff,0xffff,0xffff,
    0xffff,0xffff,0xffff,0xffff,0xffff,0xffff,0xffff,0xffff,0xffff,0xffff,0xffff,0xffff,
    0xffff,0xffff,0xffff,0xffff,0xffff,0xffff,0xffff,0xffff,0xffff,0xffff,0xffff,0xffff,
    0xffff,0xffff,0xffff,0xffff,0xffff,0xffff,0xffff,0xffff,0xffff,0xffff,0xffff,0xffff,
    0xffff,0xffff,0xffff,0xffff,0xffff,0xffff,0xffff,0xffff,0xffff,0xffda,0xffb7,0xffb7,
    0xffb7,0xffb7,0xffb7,0xffb7,0xffb7,0xffb7,0xffb7,0xffff,0xffff,0xffff,0xffff,0xffff,
    0xffff,0xffff,0xffff,0xffff,0xffff,0xffff,0xffff,0xffff,0xffff,0xffff,0xffff,0xffff,
    0xffff,0xffff,0xffff,0xffff,0xffff,0xffff,0xffff,0xffff,0xffff,0xffff,0xffff,0xffff,
    0xffff,0xffff,0xffff,0xffff,0xffff,0xffff,0xffff,0xffff,0xffff,0xffff,0xffff,0xffff,
    0xffff,0xffff,0xffff,0xffff,0xffff,0xffff,0xffff,0xffff,0xffff,0xffff,0xffff,0xffff,
    0xffff,0xffb9,0xff94,0xff94,0xff94,0xff94,0xff95,0xff94,0xff94,0xff94,0xff94,0xff95,
    0xff94,0xff94,0xff94,0xff94,0xff94,0xff94,0xff94,0xff94,0xff94,0xff94,0xff94,0xff95,
    0xff94,0xff94,0xff94,0xff94,0xff94,0xff94,0xff94,0xff94,0xff94,0xff94,0xff94,0xff94,
    0xff94,0xff95,0xff94,0xff94,0xff94,0xff94,0xff94,0xff94,0xff94,0xff94,0xff94,0xff94,
    0xff95,0xff94,0xff94,0xff94,0xff94,0xff94,0xff94,0xff94,0xffb7,0xfffe,0xffff,0xffff,
    0xffff,0xffff,0xffff,0xffff,0xffff,0xffff,0xffff,0xffff,0xffff,0xffff,0xffff,0xffff,
    0xffff,0xffff,0xffff,0xffff,0xffff,0xffff,0xffff,0xffff,0xffff,0xffff,0xffff,0xffff,
    0xffff,0xffff,0xffff,0xffff,0xffff,0xffff,0xffff,0xffff,0xffdb,0xffb9,0xffb9,0xffb9,
    0xffb9,0xffb9,0xffb9,0xffb9,0xffb9,0xffb9,0xffb9,0xffb9,0xffb9,0xffb9,0xffb7,0xfb73,
    0xfb73,0xfb73,0xfb73,0xfb73,0xffb7,0xffb9,0xffb9,0xffb9,0xffb9,0xffb9,0xffb9,0xffb9,
    0xffb9,0xffb9,0xffb9,0xffb9,0xffb9,0xffb9,0xffb9,0xffb7,0xfb73,0xfb73,0xfb73,0xfb73,
    0xff94,0xffb9,0xffb9,0xffb9,0xffb9,0xffb9,0xffb9,0xffb9,0xffb9,0xffb9,0xffb9,0xffb9,
    0xffb9,0xffb9,0xffb9,0xffdc,0xffff,0xffff,0xffff,0xffff,0xffff,0xffff,0xffff,0xffff,
    0xffff,0xffff,0xffff,0xffff,0xffff,0xffff,0xffff,0xffff,0xffff,0xffff,0xffff,0xffff,
    0xffff,0xffff,0xffff,0xffff,0xffff,0xffff,0xffff,0xffff,0xffff,0xffff,0xffff,0xffff,
    0xffff,0xffff,0xffff,0xffff,0xffff,0xffff,0xffff,0xffff,0xffff,0xffff,0xffff,0xffff,
    0xffff,0xffff,0xffdc,0xffb7,0xffb7,0xffb7,0xffb7,0xffb7,0xffb7,0xffb9,0xffff,0xffff,
    0xffff,0xffff,0xffff,0xffff,0xffff,0xffff,0xffff,0xffff,0xffff,0xffff,0xffff,0xffff,
    0xffff,0xffff,0xffff,0xffff,0xffff,0xffff,0xffff,0xffff,0xffff,0xffff,0xffff,0xffff,
    0xffff,0xffff,0xffff,0xffff,0xffff,0xffff,0xffff,0xffff,0xffff,0xffff,0xffff,0xffff,
    0xffff,0xffff,0xffff,0xffff,0xffff,0xffff,0xffff,0xffff,0xffff,0xffff,0xffff,0xffff,
    0xffff,0xffff,0xffff,0xffff,0xffff,0xffb9,0xff94,0xff94,0xff94,0xff94,0xff94,0xff94,
    0xff94,0xff94,0xff94,0xff94,0xff94,0xff94,0xff94,0xff94,0xff94,0xff94,0xff94,0xff94,
    0xff94,0xff94,0xff94,0xff94,0xff94,0xff94,0xff94,0xff94,0xff94,0xff94,0xff94,0xff94,
    0xff94,0xff94,0xff94,0xff95,0xff94,0xff94,0xff94,0xff94,0xff94,0xff94,0xff94,0xff94,
    0xff94,0xff94,0xff95,0xff94,0xff94,0xff94,0xff94,0xff94,0xff94,0xff94,0xff94,0xff95,
    0xffdb,0xffff,0xffff,0xffff,0xffff,0xffff,0xffff,0xffff,0xffff,0xffff,0xffff,0xffff,
    0xffff,0xffff,0xffff,0xffff,0xffff,0xffff,0xffff,0xffff,0xffff,0xffff,0xffff,0xffff,
    0xffff,0xffff,0xffff,0xffff,0xffff,0xffff,0xffff,0xffff,0xffff,0xffff,0xffff,0xffdb,
    0xfb73,0xfb73,0xfb73,0xfb73,0xfb73,0xfb73,0xfb73,0xfb73,0xfb73,0xfb73,0xfb73,0xfb73,
    0xfb73,0xfb73,0xfb73,0xfb73,0xfb73,0xfb73,0xfb73,0xfb73,0xfb73,0xfb73,0xfb73,0xfb73,
    0xfb73,0xfb73,0xfb73,0xfb73,0xfb73,0xfb73,0xfb73,0xfb73,0xfb73,0xfb73,0xfb73,0xfb73,
    0xfb73,0xfb73,0xfb73,0xfb73,0xfb73,0xfb73,0xfb73,0xfb73,0xfb73,0xfb73,0xfb73,0xfb73,
    0xfb73,0xfb73,0xfb73,0xfb73,0xfb73,0xfb73,0xfb73,0xfb73,0xffdb,0xffff,0xffff,0xffff,
    0xffff,0xffff,0xffff,0xffff,0xffff,0xffff,0xffff,0xffff,0xffff,0xffff,0xffff,0xffff,
    0xffff,0xffff,0xffff,0xffff,0xffff,0xffff,0xffff,0xffff,0xffff,0xffff,0xffff,0xffff,
    0xffff,0xffff,0xffff,0xffff,0xffff,0xffff,0xffff,0xffff,0xffff,0xffff,0xffff,0xffff,
    0xffff,0xffff,0xffff,0xffff,0xffff,0xffff,0xffff,0xffff,0xfffe,0xffdb,0xffdb,0xffdc,
    0xffff,0xffff,0xffff,0xffff,0xffff,0xffff,0xffff,0xffff,0xffff,0xffff,0xffff,0xffff,
    0xffff,0xffff,0xffff,0xffff,0xffff,0xffff,0xffff,0xffff,0xffff,0xffff,0xffff,0xffff,
    0xffff,0xffff,0xffff,0xffff,0xffff,0xffff,0xffff,0xffff,0xffff,0xffff,0xffff,0xffff,
    0xffff,0xffff,0xffff,0xffff,0xffff,0xffff,0xffff,0xffff,0xffff,0xffff,0xffff,0xffff,
    0xffff,0xffff,0xffff,0xffff,0xffff,0xffff,0xffff,0xffff,0xffff,0xffdc,0xffb6,0xff94,
    0xff94,0xff95,0xff94,0xff94,0xff94,0xff95,0xff94,0xff94,0xff94,0xff95,0xff94,0xff94,
    0xff94,0xff94,0xff94,0xff94,0xff94,0xff94,0xff94,0xff94,0xff95,0xff94,0xff94,0xff94,
    0xff94,0xff94,0xff94,0xff94,0xff94,0xff95,0xff94,0xff94,0xff94,0xff94,0xff94,0xff94,
    0xff94,0xff94,0xff94,0xff94,0xff95,0xff94,0xff94,0xff94,0xff94,0xff94,0xff94,0xff94,
    0xff95,0xff94,0xff94,0xffb9,0xffff,0xffff,0xffff,0xffff,0xffff,0xffff,0xffff,0xffff,
    0xffff,0xffff,0xffff,0xffff,0xffff,0xffff,0xffff,0xffff,0xffff,0xffff,0xffff,0xffff,
    0xffff,0xffff,0xffff,0xffff,0xffff,0xffff,0xffff,0xffff,0xffff,0xffff,0xffff,0xffff,
    0xffff,0xffff,0xffff,0xff95,0xfb73,0xfb73,0xfb73,0xfb73,0xfb73,0xfb73,0xfb73,0xfb73,
    0xfb73,0xfb73,0xfb73,0xfb73,0xfb73,0xfb73,0xfb73,0xfb73,0xfb73,0xfb73,0xfb73,0xfb73,
    0xfb73,0xfb73,0xfb73,0xfb73,0xfb73,0xfb73,0xfb73,0xfb73,0xfb73,0xfb73,0xfb73,0xfb73,
    0xfb73,0xfb73,0xfb73,0xfb73,0xfb73,0xfb73,0xfb73,0xfb73,0xfb73,0xfb73,0xfb73,0xfb73,
    0xfb73,0xfb73,0xfb73,0xfb73,0xfb73,0xfb73,0xfb73,0xfb73,0xfb73,0xfb73,0xfb73,0xfb73,
    0xffb6,0xffff,0xffff,0xffff,0xffff,0xffff,0xffff,0xffff,0xffff,0xffff,0xffff,0xffff,
    0xffff,0xffff,0xffff,0xffff,0xffff,0xffff,0xffff,0xffff,0xffff,0xffff,0xffff,0xffff,
    0xffff,0xffff,0xffff,0xffff,0xffff,0xffff,0xffff,0xffff,0xffff,0xffff,0xffff,0xffff,
    0xffff,0xffff,0xffff,0xffff,0xffff,0xffff,0xffff,0xffff,0xffff,0xffff,0xffff,0xffff,
    0xffff,0xffff,0xffff,0xffff,0xffff,0xffff,0xffff,0xffff,0xffff,0xffff,0xffff,0xffff,
    0xffff,0xffff,0xffff,0xffff,0xffff,0xffff,0xffff,0xffff,0xffff,0xffff,0xffff,0xffff,
    0xffff,0xffff,0xffff,0xffff,0xffff,0xffff,0xffff,0xffff,0xffff,0xffff,0xffff,0xffff,
    0xffff,0xffff,0xffff,0xffff,0xffff,0xffff,0xffff,0xffff,0xffff,0xffff,0xffff,0xffff,
    0xffff,0xffff,0xffff,0xffff,0xffff,0xffff,0xffff,0xffff,0xffff,0xffff,0xffff,0xffff,
    0xffff,0xffff,0xffdc,0xffb7,0xff95,0xff94,0xff94,0xff94,0xff94,0xff94,0xff94,0xff94,
    0xff94,0xff94,0xff94,0xff94,0xff94,0xff94,0xff95,0xff94,0xff94,0xff94,0xff94,0xff94,
    0xff94,0xff95,0xff94,0xff94,0xff95,0xff94,0xff94,0xff94,0xff94,0xff94,0xff94,0xff94,
    0xff94,0xff94,0xff94,0xff94,0xff95,0xff94,0xff94,0xff94,0xff94,0xff94,0xff94,0xff94,
    0xff94,0xff94,0xff94,0xff94,0xff94,0xff94,0xffb6,0xffdc,0xffff,0xffff,0xffff,0xffff,
    0xffff,0xffff,0xffff,0xffff,0xffff,0xffff,0xffff,0xffff,0xffff,0xffff,0xffff,0xffff,
    0xffff,0xffff,0xffff,0xffff,0xffff,0xffff,0xffff,0xffff,0xffff,0xffff,0xffff,0xffff,
    0xffff,0xffff,0xffff,0xffff,0xffff,0xffff,0xffff,0xff95,0xfb73,0xfb73,0xfb73,0xfb73,
    0xfb73,0xfb73,0xfb73,0xfb73,0xfb73,0xfb73,0xfb73,0xfb73,0xfb73,0xfb73,0xfb73,0xfb73,
    0xfb73,0xfb73,0xfb73,0xfb73,0xfb73,0xfb73,0xfb73,0xfb73,0xfb73,0xfb73,0xfb73,0xfb73,
    0xfb73,0xfb73,0xfb73,0xfb73,0xfb73,0xfb73,0xfb73,0xfb73,0xfb73,0xfb73,0xfb73,0xfb73,
    0xfb73,0xfb73,0xfb73,0xfb73,0xfb73,0xfb73,0xfb73,0xfb73,0xfb73,0xfb73,0xfb73,0xfb73,
    0xfb73,0xfb73,0xfb73,0xfb73,0xffb7,0xffff,0xffff,0xffff,0xffff,0xffff,0xffff,0xffff,
    0xffff,0xffff,0xffff,0xffff,0xffff,0xffff,0xffff,0xffff,0xffff,0xffff,0xffff,0xffff,
    0xffff,0xffff,0xffff,0xffff,0xffff,0xffff,0xffff,0xffff,0xffff,0xffff,0xffff,0xffff,
    0xffff,0xffff,0xffff,0xffff,0xffff,0xffff,0xffff,0xffff,0xffff,0xffff,0xffff,0xffff,
    0xffff,0xffff,0xffff,0xffff,0xffff,0xffff,0xffff,0xffff,0xffff,0xffff,0xffff,0xffff,
    0xffff,0xffff,0xffff,0xffff,0xffff,0xffff,0xffff,0xffff,0xffff,0xffff,0xffff,0xffff,
    0xffff,0xffff,0xffff,0xffff,0xffff,0xffff,0xffff,0xffff,0xffff,0xffff,0xffff,0xffff,
    0xffff,0xffff,0xffff,0xffff,0xffff,0xffff,0xffff,0xffff,0xffff,0xffff,0xffff,0xffff,
    0xffff,0xffff,0xffff,0xffff,0xffff,0xffff,0xffff,0xffff,0xffff,0xffff,0xffff,0xffff,
    0xffff,0xffff,0xffff,0xffff,0xffff,0xffff,0xffff,0xffff,0xffda,0xffb6,0xff94,0xff94,
    0xff94,0xff94,0xff94,0xff94,0xff94,0xff94,0xff94,0xff95,0xff94,0xff94,0xff94,0xff94,
    0xff94,0xff95,0xff94,0xff94,0xff94,0xff94,0xff94,0xff94,0xff94,0xff94,0xff94,0xff94,
    0xff95,0xff94,0xff94,0xff94,0xff94,0xff94,0xff94,0xff94,0xff94,0xff94,0xff95,0xff94,
    0xff94,0xff94,0xff94,0xff94,0xff94,0xff94,0xff94,0xff95,0xff94,0xff94,0xffda,0xffff,
    0xffff,0xffff,0xffff,0xffff,0xffff,0xffff,0xffff,0xffff,0xffff,0xffff,0xffff,0xffff,
    0xffff,0xffff,0xffff,0xffff,0xffff,0xffff,0xffff,0xffff,0xffff,0xffff,0xffff,0xffff,
    0xffff,0xffff,0xffff,0xffff,0xffff,0xffff,0xffff,0xffff,0xffff,0xffff,0xffff,0xff95,
    0xfb73,0xfb73,0xfb73,0xfb73,0xfb73,0xfb73,0xfb73,0xfb73,0xfb73,0xfb73,0xfb73,0xfb73,
    0xfb73,0xfb73,0xfb73,0xfb73,0xfb73,0xfb73,0xfb73,0xfb73,0xfb73,0xfb73,0xfb73,0xfb73,
    0xfb73,0xfb73,0xfb73,0xfb73,0xfb73,0xfb73,0xfb73,0xfb73,0xfb73,0xfb73,0xfb73,0xfb73,
    0xfb73,0xfb73,0xfb73,0xfb73,0xfb73,0xfb73,0xfb73,0xfb73,0xfb73,0xfb73,0xfb73,0xfb73,
    0xfb73,0xfb73,0xfb73,0xfb73,0xfb73,0xfb73,0xfb73,0xfb73,0xffb6,0xffff,0xffff,0xffff,
    0xffff,0xffff,0xffff,0xffff,0xffff,0xffff,0xffff,0xffff,0xffff,0xffff,0xffff,0xffff,
    0xffff,0xffff,0xffff,0xffff,0xffff,0xffff,0xffff,0xffff,0xffff,0xffff,0xffff,0xffff,
    0xffff,0xffff,0xffff,0xffff,0xffff,0xffff,0xffff,0xffff,0xffff,0xffff,0xffff,0xffff,
    0xffff,0xffff,0xffff,0xffff,0xffff,0xffff,0xffff,0xffff,0xffff,0xffff,0xffff,0xffff,
    0xffff,0xffff,0xffff,0xffff,0xffff,0xffff,0xffff,0xffff,0xffff,0xffff,0xffff,0xffff,
    0xffff,0xffff,0xffff,0xffff,0xffff,0xffff,0xffff,0xffff,0xffff,0xffff,0xffff,0xffff,
    0xffff,0xffff,0xffff,0xffff,0xffff,0xffff,0xffff,0xffff,0xffff,0xffff,0xffff,0xffff,
    0xffff,0xffff,0xffff,0xffff,0xffff,0xffff,0xffff,0xffff,0xffff,0xffff,0xffff,0xffff,
    0xffff,0xffff,0xffff,0xffff,0xffff,0xffff,0xffff,0xffff,0xffff,0xffff,0xffff,0xffff,
    0xffff,0xfffd,0xffb9,0xffb6,0xff94,0xff94,0xff94,0xff95,0xff94,0xff94,0xff94,0xff94,
    0xff94,0xff94,0xff94,0xff94,0xff94,0xff94,0xff94,0xff94,0xff94,0xff94,0xff95,0xff94,
    0xff94,0xff95,0xff94,0xff94,0xff94,0xff94,0xff94,0xff94,0xff94,0xff95,0xff94,0xff94,
    0xff94,0xff94,0xff94,0xff94,0xff94,0xff94,0xff94,0xff94,0xff95,0xff94,0xff94,0xff94,
    0xff94,0xffb8,0xfffd,0xffff,0xffff,0xffff,0xffff,0xffff,0xffff,0xffff,0xffff,0xffff,
    0xffff,0xffff,0xffff,0xffff,0xffff,0xffff,0xffff,0xffff,0xffff,0xffff,0xffff,0xffff,
    0xffff,0xffff,0xffff,0xffff,0xffff,0xffff,0xffff,0xffff,0xffff,0xffff,0xffff,0xffff,
    0xffff,0xffff,0xffff,0xff95,0xfb73,0xfb73,0xfb73,0xfb73,0xfb73,0xfb73,0xfb73,0xfb73,
    0xfb73,0xfb73,0xfb73,0xfb73,0xfb73,0xfb73,0xfb73,0xfb73,0xfb73,0xfb73,0xfb73,0xfb73,
    0xfb73,0xfb73,0xfb73,0xfb73,0xfb73,0xfb73,0xfb73,0xfb73,0xfb73,0xfb73,0xfb73,0xfb73,
    0xfb73,0xfb73,0xfb73,0xfb73,0xfb73,0xfb73,0xfb73,0xfb73,0xfb73,0xfb73,0xfb73,0xfb73,
    0xfb73,0xfb73,0xfb73,0xfb73,0xfb73,0xfb73,0xfb73,0xfb73,0xfb73,0xfb73,0xfb73,0xfb73,
    0xffb6,0xffff,0xffff,0xffff,0xffff,0xffff,0xffff,0xffff,0xffff,0xffff,0xffff,0xffff,
    0xffff,0xffff,0xffff,0xffff,0xffff,0xffff,0xffff,0xffff,0xffff,0xffff,0xffff,0xffff,
    0xffff,0xffff,0xffff,0xffff,0xffff,0xffff,0xffff,0xffff,0xffff,0xffff,0xffff,0xffff,
    0xffff,0xffff,0xffff,0xffff,0xffff,0xffff,0xffff,0xffff,0xffff,0xffff,0xffff,0xffff,
    0xffff,0xffff,0xffff,0xffff,0xffff,0xffff,0xffff,0xffff,0xffff,0xffff,0xffff,0xffff,
    0xffff,0xffff,0xffff,0xffff,0xffff,0xffff,0xffff,0xffff,0xffff,0xffff,0xffff,0xffff,
    0xffff,0xffff,0xffff,0xffff,0xffff,0xffff,0xffff,0xffff,0xffff,0xffff,0xffff,0xffff,
    0xffff,0xffff,0xffff,0xffff,0xffff,0xffff,0xffff,0xffff,0xffff,0xffff,0xffff,0xffff,
    0xffff,0xffff,0xffff,0xffff,0xffff,0xffff,0xffff,0xffff,0xffff,0xffff,0xffff,0xffff,
    0xffff,0xffff,0xffff,0xffff,0xffff,0xffff,0xffff,0xffdc,0xffb7,0xff95,0xff94,0xff94,
    0xff94,0xff94,0xff94,0xff94,0xff94,0xff94,0xff94,0xff94,0xff95,0xff94,0xff94,0xff94,
    0xff94,0xff94,0xff94,0xff94,0xff94,0xff94,0xff94,0xff94,0xff94,0xff94,0xff94,0xff94,
    0xff95,0xff94,0xff94,0xff94,0xff94,0xff94,0xff94,0xff94,0xff94,0xff94,0xff95,0xff94,
    0xff94,0xff94,0xff94,0xff94,0xff95,0xffdb,0xffff,0xffff,0xffff,0xffff,0xffff,0xffff,
    0xffff,0xffff,0xffff,0xffff,0xffff,0xffff,0xffff,0xffff,0xffff,0xffff,0xffff,0xffff,
    0xffff,0xffff,0xffff,0xffff,0xffff,0xffff,0xffff,0xffff,0xffff,0xffff,0xffff,0xffff,
    0xffff,0xffff,0xffff,0xffff,0xffff,0xffff,0xffff,0xff95,0xfb73,0xfb73,0xfb73,0xfb73,
    0xfb73,0xfb73,0xfb73,0xfb73,0xfb73,0xfb73,0xfb73,0xfb73,0xfb73,0xfb73,0xfb73,0xfb73,
    0xfb73,0xfb73,0xfb73,0xfb73,0xfb73,0xfb73,0xfb73,0xfb73,0xfb73,0xfb73,0xfb73,0xfb73,
    0xfb73,0xfb73,0xfb73,0xfb73,0xfb73,0xfb73,0xfb73,0xfb73,0xfb73,0xfb73,0xfb73,0xfb73,
    0xfb73,0xfb73,0xfb73,0xfb73,0xfb73,0xfb73,0xfb73,0xfb73,0xfb73,0xfb73,0xfb73,0xfb73,
    0xfb73,0xfb73,0xfb73,0xfb73,0xffb6,0xffff,0xffff,0xffff,0xffff,0xffff,0xffff,0xffff,
    0xffff,0xffff,0xffff,0xffff,0xffff,0xffff,0xffff,0xffff,0xffff,0xffff,0xffff,0xffff,
    0xffff,0xffff,0xffff,0xffff,0xffff,0xffff,0xffff,0xffff,0xffff,0xffff,0xffff,0xffff,
    0xffff,0xffff,0xffff,0xffff,0xffff,0xffff,0xffff,0xffff,0xffff,0xffff,0xffff,0xffff,
    0xffff,0xffff,0xffff,0xffff,0xffff,0xffff,0xffff,0xffff,0xffff,0xffff,0xffff,0xffff,
    0xffff,0xffff,0xffff,0xffff,0xffff,0xffff,0xffff,0xffff,0xffff,0xffff,0xffff,0xffff,
    0xffff,0xffff,0xffff,0xffff,0xffff,0xffff,0xffff,0xffff,0xffff,0xffff,0xffff,0xffff,
    0xffff,0xffff,0xffff,0xffff,0xffff,0xffff,0xffff,0xffff,0xffff,0xffff,0xffff,0xffff,
    0xffff,0xffff,0xffff,0xffff,0xffff,0xffff,0xffff,0xffff,0xffff,0xffff,0xffff,0xffff,
    0xffff,0xffff,0xffff,0xffff,0xffff,0xffff,0xffff,0xffff,0xffff,0xffff,0xffff,0xffff,
    0xffff,0xffda,0xffb7,0xff94,0xff94,0xff94,0xff95,0xff94,0xff94,0xff94,0xff94,0xff94,
    0xff94,0xff94,0xff94,0xff94,0xff94,0xff94,0xff94,0xff94,0xff94,0xff94,0xff94,0xff94,
    0xff94,0xff94,0xff94,0xff94,0xff94,0xff94,0xff95,0xff94,0xff94,0xff94,0xff94,0xff94,
    0xff94,0xff94,0xff94,0xff94,0xff94,0xff94,0xff94,0xff94,0xffb9,0xffff,0xffff,0xffff,
    0xffff,0xffff,0xffff,0xffff,0xffff,0xffff,0xffff,0xffff,0xffff,0xffff,0xffff,0xffff,
    0xffff,0xffff,0xffff,0xffff,0xffff,0xffff,0xffff,0xffff,0xffff,0xffff,0xffff,0xffff,
    0xffff,0xffff,0xffff,0xffff,0xffff,0xffff,0xffff,0xffff,0xffff,0xffff,0xffff,0xff95,
    0xfb73,0xfb73,0xfb73,0xfb73,0xfb73,0xfb73,0xfb73,0xfb73,0xfb73,0xfb73,0xfb73,0xfb73,
    0xfb73,0xfb73,0xfb73,0xfb73,0xfb73,0xfb73,0xfb73,0xfb73,0xfb73,0xfb73,0xfb73,0xfb73,
    0xfb73,0xfb73,0xfb73,0xfb73,0xfb73,0xfb73,0xfb73,0xfb73,0xfb73,0xfb73,0xfb73,0xfb73,
    0xfb73,0xfb73,0xfb73,0xfb73,0xfb73,0xfb73,0xfb73,0xfb73,0xfb73,0xfb73,0xfb73,0xfb73,
    0xfb73,0xfb73,0xfb73,0xfb73,0xfb73,0xfb73,0xfb73,0xfb73,0xffb6,0xffff,0xffff,0xffff,
    0xffff,0xffff,0xffff,0xffff,0xffff,0xffff,0xffff,0xffff,0xffff,0xffff,0xffff,0xffff,
    0xffff,0xffff,0xffff,0xffff,0xffff,0xffff,0xffff,0xffff,0xffff,0xffff,0xffff,0xffff,
    0xffff,0xffff,0xffff,0xffff,0xffff,0xffff,0xffff,0xffff,0xffff,0xffff,0xffff,0xffff,
    0xffff,0xffff,0xffff,0xffff,0xffff,0xffff,0xffff,0xffff,0xffff,0xffff,0xffff,0xffff,
    0xffff,0xffff,0xffff,0xffff,0xffff,0xffff,0xffff,0xffff,0xffff,0xffff,0xffff,0xffff,
    0xffff,0xffff,0xffff,0xffff,0xffff,0xffff,0xffff,0xffff,0xffff,0xffff,0xffff,0xffff,
    0xffff,0xffff,0xffff,0xffff,0xffff,0xffff,0xffff,0xffff,0xffff,0xffff,0xffff,0xffff,
    0xffff,0xffff,0xffff,0xffff,0xffff,0xffff,0xffff,0xffff,0xffff,0xffff,0xffff,0xffff,
    0xffff,0xffff,0xffff,0xffff,0xffff,0xffff,0xffff,0xffff,0xffff,0xffff,0xffff,0xffff,
    0xffff,0xffff,0xffff,0xffff,0xffff,0xffff,0xffdc,0xffb9,0xff95,0xff94,0xff94,0xff94,
    0xff94,0xff94,0xff94,0xff94,0xff94,0xff94,0xff94,0xff94,0xff94,0xff94,0xff94,0xff94,
    0xff94,0xff94,0xff94,0xff94,0xff94,0xff94,0xff94,0xff94,0xff94,0xff94,0xff94,0xff94,
    0xff94,0xff95,0xff94,0xff94,0xff94,0xff95,0xff94,0xff94,0xff94,0xff94,0xff94,0xffb6,
    0xffdc,0xffff,0xffff,0xffff,0xffff,0xffff,0xffff,0xffff,0xffff,0xffff,0xffff,0xffff,
    0xffff,0xffff,0xffff,0xffff,0xffff,0xffff,0xffff,0xffff,0xffff,0xffff,0xffff,0xffff,
    0xffff,0xffff,0xffff,0xffff,0xffff,0xffff,0xffff,0xffff,0xffff,0xffff,0xffff,0xffff,
    0xffff,0xffff,0xffff,0xff95,0xfb73,0xfb73,0xfb73,0xfb73,0xfb73,0xfb73,0xfb73,0xfb73,
    0xfb73,0xfb73,0xfb73,0xfb73,0xfb73,0xfb73,0xfb73,0xfb73,0xfb73,0xfb73,0xfb73,0xfb73,
    0xfb73,0xfb73,0xfb73,0xfb73,0xfb73,0xfb73,0xfb73,0xfb73,0xfb73,0xfb73,0xfb73,0xfb73,
    0xfb73,0xfb73,0xfb73,0xfb73,0xfb73,0xfb73,0xfb73,0xfb73,0xfb73,0xfb73,0xfb73,0xfb73,
    0xfb73,0xfb73,0xfb73,0xfb73,0xfb73,0xfb73,0xfb73,0xfb73,0xfb73,0xfb73,0xfb73,0xfb73,
    0xffb6,0xffff,0xffff,0xffff,0xffff,0xffff,0xffff,0xffff,0xffff,0xffff,0xffff,0xffff,
    0xffff,0xffff,0xffff,0xffff,0xffff,0xffff,0xffff,0xffff,0xffff,0xffff,0xffff,0xffff,
    0xffff,0xffff,0xffff,0xffff,0xffff,0xffff,0xffff,0xffff,0xffff,0xffff,0xffff,0xffff,
    0xffff,0xffff,0xffff,0xffff,0xffff,0xffff,0xffff,0xffff,0xffff,0xffff,0xffff,0xffff,
    0xffff,0xffff,0xffff,0xffff,0xffff,0xffff,0xffff,0xffff,0xffff,0xffff,0xffff,0xffff,
    0xffff,0xffff,0xffff,0xffff,0xffff,0xffff,0xffff,0xffff,0xffff,0xffff,0xffff,0xffff,
    0xffff,0xffff,0xffff,0xffff,0xffff,0xffff,0xffff,0xffff,0xfffd,0xffff,0xffff,0xffff,
    0xffff,0xffff,0xffff,0xffff,0xffff,0xffff,0xffff,0xffff,0xffff,0xffff,0xffff,0xffff,
    0xffff,0xffff,0xffff,0xffff,0xffff,0xffff,0xffff,0xffff,0xffff,0xffff,0xffff,0xffff,
    0xffff,0xffff,0xffff,0xffff,0xffff,0xffff,0xffff,0xffff,0xffff,0xffff,0xffff,0xffff,
    0xffdb,0xffb7,0xff94,0xff94,0xff95,0xff94,0xff94,0xff95,0xff94,0xff94,0xff94,0xff94,
    0xff94,0xff94,0xff94,0xff94,0xff94,0xff94,0xff95,0xff94,0xff94,0xff94,0xff94,0xff94,
    0xff94,0xff94,0xff94,0xff94,0xff94,0xff94,0xff94,0xff94,0xff94,0xff94,0xff94,0xff94,
    0xff94,0xff94,0xff95,0xffda,0xffff,0xffff,0xffff,0xffff,0xffff,0xffff,0xffff,0xffff,
    0xffff,0xffff,0xffff,0xffff,0xffff,0xffff,0xffff,0xffff,0xffff,0xffff,0xffff,0xffff,
    0xffff,0xffff,0xffff,0xffff,0xffff,0xffff,0xffff,0xffff,0xffff,0xffff,0xffff,0xffff,
    0xffff,0xffff,0xffff,0xffff,0xffff,0xffff,0xffff,0xff95,0xfb73,0xfb73,0xfb73,0xfb73,
    0xfb73,0xfb73,0xfb73,0xfb73,0xfb73,0xfb73,0xfb73,0xfb73,0xfb73,0xfb73,0xfb73,0xfb73,
    0xfb73,0xfb73,0xfb73,0xfb73,0xfb73,0xfb73,0xfb73,0xfb73,0xfb73,0xfb73,0xfb73,0xfb73,
    0xfb73,0xfb73,0xfb73,0xfb73,0xfb73,0xfb73,0xfb73,0xfb73,0xfb73,0xfb73,0xfb73,0xfb73,
    0xfb73,0xfb73,0xfb73,0xfb73,0xfb73,0xfb73,0xfb73,0xfb73,0xfb73,0xfb73,0xfb73,0xfb73,
    0xfb73,0xfb73,0xfb73,0xfb73,0xffb6,0xffff,0xffff,0xffff,0xffff,0xffff,0xffff,0xffff,
    0xffff,0xffff,0xffff,0xffff,0xffff,0xffff,0xffff,0xffff,0xffff,0xffff,0xffff,0xffff,
    0xffff,0xffff,0xffff,0xffff,0xffff,0xffff,0xffff,0xffff,0xffff,0xffff,0xffff,0xffff,
    0xffff,0xffff,0xffff,0xffff,0xffff,0xffff,0xffff,0xffff,0xffff,0xffff,0xffff,0xffff,
    0xffff,0xffff,0xffff,0xffff,0xffff,0xffff,0xffff,0xffff,0xffff,0xffff,0xffff,0xffff,
    0xffff,0xffff,0xffff,0xffff,0xffff,0xffff,0xffff,0xffff,0xffff,0xffff,0xffff,0xffff,
    0xffff,0xffff,0xffff,0xffff,0xffff,0xffff,0xffff,0xffff,0xffff,0xffff,0xffff,0xffff,
    0xfffd,0xffff,0xffff,0xffff,0xffff,0xffff,0xffff,0xffff,0xffff,0xffff,0xffff,0xffff,
    0xffff,0xffff,0xffff,0xffff,0xffff,0xffff,0xffff,0xffff,0xffff,0xffff,0xffff,0xffff,
    0xffff,0xffff,0xffff,0xffff,0xffff,0xffff,0xffff,0xffff,0xffff,0xffff,0xffff,0xffff,
    0xffff,0xffff,0xffff,0xffff,0xffff,0xffff,0xffda,0xff95,0xff94,0xff94,0xff94,0xff94,
    0xff94,0xff94,0xff94,0xff95,0xff94,0xff94,0xff94,0xff94,0xff94,0xff94,0xff94,0xff94,
    0xff94,0xff94,0xff94,0xff95,0xff94,0xff94,0xff94,0xff94,0xff94,0xff94,0xff95,0xff94,
    0xff94,0xff94,0xff94,0xff94,0xff94,0xff95,0xffb7,0xfffe,0xffff,0xffff,0xffff,0xffff,
    0xffff,0xffff,0xffff,0xffff,0xffff,0xffff,0xffff,0xffff,0xffff,0xffff,0xffff,0xffff,
    0xffff,0xffff,0xffff,0xffff,0xffff,0xffff,0xffff,0xffff,0xffff,0xffff,0xffff,0xffff,
    0xffff,0xffff,0xffff,0xffff,0xffff,0xffff,0xffff,0xffff,0xffff,0xffff,0xffff,0xff95,
    0xfb73,0xfb73,0xfb73,0xfb73,0xfb73,0xfb73,0xfb73,0xfb73,0xfb73,0xfb73,0xfb73,0xfb73,
    0xfb73,0xfb73,0xfb73,0xfb73,0xfb73,0xfb73,0xfb73,0xfb73,0xfb73,0xfb73,0xfb73,0xfb73,
    0xfb73,0xfb73,0xfb73,0xfb73,0xfb73,0xfb73,0xfb73,0xfb73,0xfb73,0xfb73,0xfb73,0xfb73,
    0xfb73,0xfb73,0xfb73,0xfb73,0xfb73,0xfb73,0xfb73,0xfb73,0xfb73,0xfb73,0xfb73,0xfb73,
    0xfb73,0xfb73,0xfb73,0xfb73,0xfb73,0xfb73,0xfb73,0xfb73,0xffb6,0xffff,0xffff,0xffff,
    0xffff,0xffff,0xffff,0xffff,0xffff,0xffff,0xffff,0xffff,0xffff,0xffff,0xffff,0xffff,
    0xffff,0xffff,0xffff,0xffff,0xffff,0xffff,0xffff,0xffff,0xffff,0xffff,0xffff,0xffff,
    0xffff,0xffff,0xffff,0xffff,0xffff,0xffff,0xffff,0xffff,0xffff,0xffff,0xffff,0xffff,
    0xffff,0xffff,0xffff,0xffff,0xffff,0xffff,0xffff,0xffff,0xffff,0xffff,0xffff,0xffff,
    0xffff,0xffff,0xffff,0xffff,0xffff,0xffff,0xffff,0xffff,0xffff,0xffff,0xffff,0xffff,
    0xffff,0xffff,0xffff,0xffff,0xffff,0xffff,0xffff,0xffff,0xffff,0xffff,0xffff,0xffff,
    0xffff,0xffff,0xffff,0xffff,0xffdb,0xffff,0xffff,0xffff,0xffff,0xffff,0xffff,0xffff,
    0xffff,0xffff,0xffff,0xffff,0xffff,0xffff,0xffff,0xffff,0xffff,0xffff,0xffff,0xffff,
    0xffff,0xffff,0xffff,0xffff,0xffff,0xffff,0xffff,0xffff,0xffff,0xffff,0xffff,0xffff,
    0xffff,0xffff,0xffff,0xffff,0xffff,0xffff,0xffff,0xffff,0xffff,0xffff,0xffff,0xfffe,
    0xffb9,0xff95,0xff94,0xff94,0xff94,0xff94,0xff94,0xff94,0xff95,0xff94,0xff94,0xff94,
    0xff95,0xff94,0xff94,0xff94,0xff95,0xff94,0xff94,0xff94,0xff94,0xff94,0xff94,0xff94,
    0xff94,0xff94,0xff94,0xff94,0xff95,0xff94,0xff94,0xff94,0xff94,0xff95,0xffdc,0xffff,
    0xffff,0xffff,0xffff,0xffff,0xffff,0xffff,0xffff,0xffff,0xffff,0xffff,0xffff,0xffff,
    0xffff,0xffff,0xffff,0xffff,0xffff,0xffff,0xffff,0xffff,0xffff,0xffff,0xffff,0xffff,
    0xffff,0xffff,0xffff,0xffff,0xffff,0xffff,0xffff,0xffff,0xffff,0xffff,0xffff,0xffff,
    0xffff,0xffff,0xffff,0xff95,0xfb73,0xfb73,0xfb73,0xfb73,0xfb73,0xfb73,0xfb73,0xfb73,
    0xfb73,0xfb73,0xfb73,0xfb73,0xfb73,0xfb73,0xfb73,0xfb73,0xfb73,0xfb73,0xfb73,0xfb73,
    0xfb73,0xfb73,0xfb73,0xfb73,0xfb73,0xfb73,0xfb73,0xfb73,0xfb73,0xfb73,0xfb73,0xfb73,
    0xfb73,0xfb73,0xfb73,0xfb73,0xfb73,0xfb73,0xfb73,0xfb73,0xfb73,0xfb73,0xfb73,0xfb73,
    0xfb73,0xfb73,0xfb73,0xfb73,0xfb73,0xfb73,0xfb73,0xfb73,0xfb73,0xfb73,0xfb73,0xfb73,
    0xffb6,0xffff,0xffff,0xffff,0xffff,0xffff,0xffff,0xffff,0xffff,0xffff,0xffff,0xffff,
    0xffff,0xffff,0xffff,0xffff,0xffff,0xffff,0xffff,0xffff,0xffff,0xffff,0xffff,0xffff,
    0xffff,0xffff,0xffff,0xffff,0xffff,0xffff,0xffff,0xffff,0xffff,0xffff,0xffff,0xffff,
    0xffff,0xffff,0xffff,0xffff,0xffff,0xffff,0xffff,0xffff,0xffff,0xffff,0xffff,0xffff,
    0xffff,0xffff,0xffff,0xffff,0xffff,0xffff,0xffff,0xffff,0xffff,0xffff,0xffff,0xffff,
    0xffff,0xffff,0xffff,0xffff,0xffff,0xffff,0xffff,0xffff,0xffff,0xffff,0xffff,0xffff,
    0xffff,0xffff,0xffff,0xffff,0xffff,0xffff,0xffff,0xffff,0xffdb,0xffff,0xffff,0xffff,
    0xffff,0xffff,0xffff,0xffff,0xffff,0xffff,0xffff,0xffff,0xffff,0xffff,0xffff,0xffff,
    0xffff,0xffff,0xffff,0xffff,0xffff,0xffff,0xffff,0xffff,0xffff,0xffff,0xffff,0xffff,
    0xffff,0xffff,0xffff,0xffff,0xffff,0xffff,0xffff,0xffff,0xffff,0xffff,0xffff,0xffff,
    0xffff,0xffff,0xffff,0xffff,0xffff,0xffdb,0xffb6,0xff94,0xff94,0xff94,0xff94,0xff94,
    0xff94,0xff94,0xff94,0xff94,0xff94,0xff94,0xff94,0xff94,0xff94,0xff94,0xff94,0xff94,
    0xff94,0xff95,0xff94,0xff94,0xff94,0xff94,0xff94,0xff94,0xff94,0xff94,0xff94,0xff94,
    0xff95,0xffb9,0xffff,0xffff,0xffff,0xffff,0xffff,0xffff,0xffff,0xffff,0xffff,0xffff,
    0xffff,0xffff,0xffff,0xffff,0xffff,0xffff,0xffff,0xffff,0xffff,0xffff,0xffff,0xffff,
    0xffff,0xffff,0xffff,0xffff,0xffff,0xffff,0xffff,0xffff,0xffff,0xffff,0xffff,0xffff,
    0xffff,0xffff,0xffff,0xffff,0xffff,0xffff,0xffff,0xff95,0xfb73,0xfb73,0xfb73,0xfb73,
    0xfb73,0xfb73,0xfb73,0xfb73,0xfb73,0xfb73,0xfb73,0xfb73,0xfb73,0xfb73,0xfb73,0xfb73,
    0xfb73,0xfb73,0xfb73,0xfb73,0xfb73,0xfb73,0xfb73,0xfb73,0xfb73,0xfb73,0xfb73,0xfb73,
    0xfb73,0xfb73,0xfb73,0xfb73,0xfb73,0xfb73,0xfb73,0xfb73,0xfb73,0xfb73,0xfb73,0xfb73,
    0xfb73,0xfb73,0xfb73,0xfb73,0xfb73,0xfb73,0xfb73,0xfb73,0xfb73,0xfb73,0xfb73,0xfb73,
    0xfb73,0xfb73,0xfb73,0xfb73,0xffb6,0xffff,0xffff,0xffff,0xffff,0xffff,0xffff,0xffff,
    0xffff,0xffff,0xffff,0xffff,0xffff,0xffff,0xffff,0xffff,0xffff,0xffff,0xffff,0xffff,
    0xffff,0xffff,0xffff,0xffff,0xffff,0xffff,0xffff,0xffff,0xffff,0xffff,0xffff,0xffff,
    0xffff,0xffff,0xffff,0xffff,0xffff,0xffff,0xffff,0xffff,0xffff,0xffff,0xffff,0xffff,
    0xffff,0xffff,0xffff,0xffff,0xffff,0xffff,0xffff,0xffff,0xffff,0xffff,0xffff,0xffff,
    0xffff,0xffff,0xffff,0xffff,0xffff,0xffff,0xffff,0xffff,0xffff,0xffff,0xffff,0xffff,
    0xffff,0xffff,0xffff,0xffff,0xffff,0xffff,0xffff,0xffff,0xffff,0xffff,0xffff,0xffff,
    0xffb9,0xffff,0xffff,0xffff,0xffff,0xffff,0xffff,0xffff,0xffff,0xffff,0xffff,0xffff,
    0xffdb,0xffb7,0xffb7,0xffb9,0xffdc,0xffff,0xffff,0xffff,0xffff,0xffff,0xffff,0xffff,
    0xffff,0xffff,0xffff,0xffff,0xffff,0xffff,0xffff,0xffff,0xffff,0xffff,0xffff,0xffff,
    0xffff,0xffff,0xffff,0xffff,0xffff,0xffff,0xffff,0xffff,0xffff,0xffff,0xfffe,0xffb9,
    0xff95,0xff94,0xff94,0xff94,0xff94,0xff94,0xff94,0xff94,0xff94,0xff94,0xff94,0xff94,
    0xff94,0xff94,0xff94,0xff94,0xff94,0xff94,0xff94,0xff95,0xff94,0xff94,0xff94,0xff94,
    0xff94,0xff95,0xff94,0xff94,0xffb6,0xfffd,0xffff,0xffff,0xffff,0xffff,0xffff,0xffff,
    0xffff,0xffff,0xffff,0xffff,0xffff,0xffff,0xffff,0xffff,0xffff,0xffff,0xffff,0xffff,
    0xffff,0xffff,0xffff,0xffff,0xffff,0xffff,0xffff,0xffff,0xffff,0xffff,0xffff,0xffff,
    0xffff,0xffff,0xffff,0xffff,0xffff,0xffff,0xffff,0xffff,0xffff,0xffff,0xffff,0xff95,
    0xfb73,0xfb73,0xfb73,0xfb73,0xfb73,0xfb73,0xfb73,0xfb73,0xfb73,0xfb73,0xfb73,0xfb73,
    0xfb73,0xfb73,0xfb73,0xfb73,0xfb73,0xfb73,0xfb73,0xfb73,0xfb73,0xfb73,0xfb73,0xfb73,
    0xfb73,0xfb73,0xfb73,0xfb73,0xfb73,0xfb73,0xfb73,0xfb73,0xfb73,0xfb73,0xfb73,0xfb73,
    0xfb73,0xfb73,0xfb73,0xfb73,0xfb73,0xfb73,0xfb73,0xfb73,0xfb73,0xfb73,0xfb73,0xfb73,
    0xfb73,0xfb73,0xfb73,0xfb73,0xfb73,0xfb73,0xfb73,0xfb73,0xffb6,0xffff,0xffff,0xffff,
    0xffff,0xffff,0xffff,0xffff,0xffff,0xffff,0xffff,0xffff,0xffff,0xffff,0xffff,0xffff,
    0xffff,0xffff,0xffff,0xffff,0xff94,0xff8e,0xff90,0xffdc,0xffff,0xffff,0xffff,0xffff,
    0xffff,0xffff,0xffff,0xffff,0xffff,0xffff,0xffff,0xffff,0xffff,0xffff,0xffff,0xffff,
    0xffff,0xffff,0xffff,0xffff,0xffff,0xffff,0xffff,0xffff,0xffff,0xffff,0xffff,0xffff,
    0xffff,0xffff,0xffff,0xffff,0xffff,0xffff,0xffff,0xffff,0xffff,0xffff,0xffff,0xffff,
    0xffff,0xffff,0xffff,0xffff,0xffff,0xffff,0xffff,0xffff,0xffff,0xffff,0xffff,0xffff,
    0xffff,0xffff,0xffff,0xffff,0xffb9,0xffff,0xffff,0xffff,0xffff,0xffff,0xffff,0xffff,
    0xffff,0xffff,0xffff,0xffb7,0xffb7,0xffb7,0xffb7,0xffb7,0xffb7,0xffdb,0xffff,0xffff,
    0xffff,0xffff,0xffff,0xffff,0xffff,0xffff,0xffff,0xffff,0xffff,0xffff,0xffff,0xffff,
    0xffff,0xffff,0xffff,0xffff,0xffff,0xffff,0xffff,0xffff,0xffff,0xffff,0xffff,0xffff,
    0xffff,0xffff,0xffff,0xffff,0xffdb,0xffb7,0xff95,0xff94,0xff94,0xff94,0xff94,0xff94,
    0xff94,0xff94,0xff95,0xff94,0xff94,0xff94,0xff94,0xff94,0xff95,0xff94,0xff94,0xff94,
    0xff94,0xff94,0xff94,0xff94,0xff94,0xff94,0xff94,0xff94,0xffda,0xffff,0xffff,0xffff,
    0xffff,0xffff,0xffff,0xffff,0xffff,0xffff,0xffff,0xffff,0xffff,0xffff,0xffff,0xffff,
    0xffff,0xffff,0xffff,0xffff,0xffff,0xffff,0xffff,0xffff,0xffff,0xffff,0xffff,0xffff,
    0xffff,0xff95,0xff94,0xffb9,0xffff,0xffff,0xffff,0xffff,0xffff,0xffff,0xffff,0xffff,
    0xffff,0xffff,0xffff,0xff95,0xfb73,0xfb73,0xfb73,0xfb73,0xfb73,0xfb73,0xfb73,0xfb73,
    0xfb73,0xfb73,0xfb73,0xfb73,0xfb73,0xfb73,0xfb73,0xfb73,0xfb73,0xfb73,0xfb73,0xfb73,
    0xfb73,0xfb73,0xfb73,0xfb73,0xfb73,0xfb73,0xfb73,0xfb73,0xfb73,0xfb73,0xfb73,0xfb73,
    0xfb73,0xfb73,0xfb73,0xfb73,0xfb73,0xfb73,0xfb73,0xfb73,0xfb73,0xfb73,0xfb73,0xfb73,
    0xfb73,0xfb73,0xfb73,0xfb73,0xfb73,0xfb73,0xfb73,0xfb73,0xfb73,0xfb73,0xfb73,0xfb73,
    0xffb6,0xffff,0xffff,0xffff,0xffff,0xffff,0xffff,0xffff,0xffff,0xffff,0xffff,0xffff,
    0xffff,0xffff,0xffff,0xffff,0xffff,0xffff,0xffff,0xff95,0xff8e,0xff8e,0xff8e,0xff90,
    0xffff,0xffff,0xffff,0xffff,0xffff,0xffff,0xffff,0xffff,0xffff,0xffff,0xffff,0xffff,
    0xffff,0xffff,0xffff,0xffff,0xffff,0xffff,0xffff,0xffff,0xffff,0xffff,0xffff,0xffff,
    0xffff,0xffff,0xffff,0xffff,0xffff,0xffff,0xffff,0xffff,0xffff,0xffff,0xffff,0xffff,
    0xffff,0xffff,0xffff,0xffff,0xffff,0xffff,0xffff,0xffff,0xffff,0xffff,0xffff,0xffff,
    0xffff,0xffff,0xffff,0xffff,0xffff,0xffff,0xffff,0xffff,0xff97,0xffff,0xffff,0xffff,
    0xffff,0xffff,0xffff,0xffff,0xffff,0xffff,0xffdb,0xffb7,0xffb7,0xffb7,0xffb7,0xffb7,
    0xffb7,0xffb7,0xffff,0xffff,0xffff,0xffff,0xffff,0xffff,0xffff,0xffff,0xffff,0xffff,
    0xffff,0xffff,0xffff,0xffff,0xffff,0xffff,0xffff,0xffff,0xffff,0xffff,0xffff,0xffff,
    0xffff,0xffff,0xffff,0xffff,0xffff,0xffff,0xffff,0xffff,0xffff,0xffff,0xffdb,0xffb7,
    0xff95,0xff94,0xff94,0xff94,0xff94,0xff94,0xff94,0xff94,0xff94,0xff94,0xff94,0xff94,
    0xff94,0xff94,0xff94,0xff94,0xff94,0xff94,0xff94,0xff94,0xff94,0xff94,0xff94,0xffb7,
    0xfffd,0xffff,0xffff,0xffff,0xffff,0xffff,0xffff,0xffff,0xffff,0xffff,0xffff,0xffff,
    0xffff,0xffff,0xffff,0xffff,0xffff,0xffff,0xffff,0xffff,0xffff,0xffff,0xffff,0xffff,
    0xffff,0xffff,0xffff,0xffff,0xff2e,0xfee9,0xfee9,0xfee9,0xffb7,0xffff,0xffff,0xffff,
    0xffff,0xffff,0xffff,0xffff,0xffff,0xffff,0xffff,0xff95,0xfb73,0xfb73,0xfb73,0xfb73,
    0xfb73,0xfb73,0xfb73,0xfb73,0xfb73,0xfb73,0xfb73,0xfb73,0xfb73,0xfb73,0xfb73,0xfb73,
    0xfb73,0xfb73,0xfb73,0xfb73,0xfb73,0xfb73,0xfb73,0xfb73,0xfb73,0xfb73,0xfb73,0xfb73,
    0xfb73,0xfb73,0xfb73,0xfb73,0xfb73,0xfb73,0xfb73,0xfb73,0xfb73,0xfb73,0xfb73,0xfb73,
    0xfb73,0xfb73,0xfb73,0xfb73,0xfb73,0xfb73,0xfb73,0xfb73,0xfb73,0xfb73,0xfb73,0xfb73,
    0xfb73,0xfb73,0xfb73,0xfb73,0xffb6,0xffff,0xffff,0xffff,0xffff,0xffff,0xffff,0xffff,
    0xffff,0xffff,0xffff,0xffff,0xffff,0xffff,0xffff,0xffff,0xffff,0xffff,0xffff,0xff94,
    0xff8e,0xff8e,0xff8e,0xff8e,0xffff,0xffff,0xffff,0xffff,0xffff,0xffff,0xffff,0xffff,
    0xffff,0xffff,0xffff,0xffff,0xffff,0xffff,0xffff,0xffff,0xffff,0xffff,0xffff,0xffff,
    0xffff,0xffff,0xffff,0xffff,0xffff,0xffff,0xffff,0xffff,0xffff,0xffff,0xffff,0xffff,
    0xffff,0xffff,0xffff,0xffff,0xffff,0xffff,0xffff,0xffff,0xffff,0xffff,0xffff,0xffff,
    0xffff,0xffff,0xffff,0xffff,0xffff,0xffff,0xffff,0xffff,0xffff,0xffff,0xffff,0xffff,
    0xff97,0xffff,0xffff,0xffff,0xffff,0xffff,0xffff,0xffff,0xffff,0xffff,0xffb9,0xffb7,
    0xffb7,0xffb7,0xffb7,0xffb7,0xffb7,0xffb7,0xfffe,0xffff,0xffff,0xffff,0xffff,0xffff,
    0xffff,0xffff,0xffff,0xffff,0xffff,0xffff,0xffff,0xffff,0xffff,0xffff,0xffff,0xffff,
    0xffff,0xffff,0xffff,0xffff,0xffff,0xffff,0xffff,0xffff,0xffff,0xffff,0xffff,0xffff,
    0xffff,0xffff,0xffff,0xfffd,0xffda,0xffb7,0xff94,0xff95,0xff94,0xff94,0xff94,0xff95,
    0xff94,0xff94,0xff94,0xff94,0xff94,0xff94,0xff94,0xff94,0xff94,0xff94,0xff94,0xff94,
    0xff94,0xff94,0xffb7,0xffdc,0xffff,0xffff,0xffff,0xffff,0xffff,0xffff,0xffff,0xffff,
    0xffff,0xffff,0xffff,0xffff,0xffff,0xffff,0xffff,0xffff,0xffff,0xffff,0xffff,0xffff,
    0xffff,0xffff,0xffff,0xffff,0xffff,0xffff,0xffff,0xffb9,0xfee9,0xfee9,0xfee9,0xfee9,
    0xff2e,0xffff,0xffff,0xffff,0xffff,0xffff,0xffff,0xffff,0xffff,0xffff,0xffff,0xff95,
    0xfb73,0xfb73,0xfb73,0xfb73,0xfb73,0xfb73,0xfb73,0xfb73,0xfb73,0xfb73,0xfb73,0xfb73,
    0xfb73,0xfb73,0xfb73,0xfb73,0xfb73,0xfb73,0xfb73,0xfb73,0xfb73,0xfb73,0xfb73,0xfb73,
    0xfb73,0xfb73,0xfb73,0xfb73,0xfb73,0xfb73,0xfb73,0xfb73,0xfb73,0xfb73,0xfb73,0xfb73,
    0xfb73,0xfb73,0xfb73,0xfb73,0xfb73,0xfb73,0xfb73,0xfb73,0xfb73,0xfb73,0xfb73,0xfb73,
    0xfb73,0xfb73,0xfb73,0xfb73,0xfb73,0xfb73,0xfb73,0xfb73,0xffb6,0xffff,0xffff,0xffff,
    0xffff,0xffff,0xffff,0xffff,0xffff,0xffff,0xffff,0xffff,0xffff,0xffff,0xffff,0xffff,
    0xffff,0xffff,0xffff,0xff95,0xff8e,0xff8e,0xff8e,0xff90,0xffff,0xffff,0xffff,0xffff,
    0xffff,0xffff,0xffff,0xffff,0xffff,0xffff,0xffff,0xffff,0xffff,0xffff,0xffff,0xffff,
    0xffff,0xffff,0xffff,0xffff,0xffff,0xffff,0xffff,0xffff,0xffff,0xffff,0xffff,0xffff,
    0xffff,0xffff,0xffff,0xffff,0xffff,0xffff,0xffff,0xffff,0xffff,0xffff,0xffff,0xffff,
    0xffff,0xffff,0xffff,0xffff,0xffff,0xffff,0xffff,0xffff,0xffff,0xffff,0xffff,0xffff,
    0xffff,0xffff,0xffff,0xffff,0xff75,0xffff,0xffff,0xffff,0xffff,0xffff,0xffff,0xffff,
    0xffff,0xffff,0xffb9,0xffb7,0xffb7,0xffb7,0xffb7,0xffb7,0xffb7,0xffb7,0xfffd,0xffff,
    0xffff,0xffff,0xffff,0xffff,0xffff,0xffff,0xffff,0xffff,0xffff,0xffff,0xffff,0xffff,
    0xffff,0xffff,0xffff,0xffff,0xffff,0xffff,0xffff,0xffff,0xffff,0xffff,0xffff,0xffff,
    0xffff,0xffff,0xffff,0xffff,0xffff,0xffff,0xffff,0xffff,0xffff,0xffdc,0xffb7,0xff95,
    0xff94,0xff94,0xff94,0xff94,0xff95,0xff94,0xff94,0xff94,0xff94,0xff94,0xff94,0xff94,
    0xff94,0xff94,0xff95,0xff94,0xff94,0xff94,0xffda,0xffff,0xffff,0xffff,0xffff,0xffff,
    0xffff,0xffff,0xffff,0xffff,0xffff,0xffff,0xffff,0xffff,0xffff,0xffff,0xffff,0xffff,
    0xffff,0xffff,0xffff,0xffff,0xffff,0xffff,0xffff,0xffff,0xffff,0xffff,0xffff,0xffb9,
    0xfee9,0xfee9,0xfee9,0xfee9,0xff2e,0xffff,0xffff,0xffff,0xffff,0xffff,0xffff,0xffff,
    0xffff,0xffff,0xffff,0xff95,0xfb73,0xfb73,0xfb73,0xfb73,0xfb73,0xfb73,0xfb73,0xfb73,
    0xfb73,0xfb73,0xfb73,0xfb73,0xfb73,0xfb73,0xfb73,0xfb73,0xfb73,0xfb73,0xfb73,0xfb73,
    0xfb73,0xfb73,0xfb73,0xfb73,0xfb73,0xfb73,0xfb73,0xfb73,0xfb73,0xfb73,0xfb73,0xfb73,
    0xfb73,0xfb73,0xfb73,0xfb73,0xfb73,0xfb73,0xfb73,0xfb73,0xfb73,0xfb73,0xfb73,0xfb73,
    0xfb73,0xfb73,0xfb73,0xfb73,0xfb73,0xfb73,0xfb73,0xfb73,0xfb73,0xfb73,0xfb73,0xfb73,
    0xffb6,0xffff,0xffff,0xffff,0xffff,0xffff,0xffff,0xffff,0xffff,0xffff,0xffff,0xffff,
    0xffff,0xffff,0xffff,0xffff,0xffff,0xffff,0xffff,0xffff,0xff94,0xff8e,0xff90,0xffdc,
    0xffff,0xffff,0xffff,0xffff,0xffff,0xffff,0xffff,0xffff,0xffff,0xffff,0xffff,0xffff,
    0xffff,0xffff,0xffff,0xffff,0xffff,0xffff,0xffff,0xffff,0xffff,0xffff,0xffff,0xffff,
    0xffff,0xffff,0xffff,0xffff,0xffff,0xffff,0xffff,0xffff,0xffff,0xffff,0xffff,0xffff,
    0xffff,0xffff,0xffff,0xffff,0xffff,0xffff,0xffff,0xffff,0xffff,0xffff,0xffff,0xffff,
    0xffff,0xffff,0xffff,0xffff,0xffff,0xffff,0xffff,0xffff,0xff75,0xffff,0xffff,0xffff,
    0xffff,0xffff,0xffff,0xffff,0xffff,0xffff,0xffda,0xffb7,0xffb7,0xffb7,0xffb7,0xffb7,
    0xffb7,0xffb7,0xfffe,0xffff,0xffff,0xffff,0xffff,0xffff,0xffff,0xffff,0xffff,0xffff,
    0xffff,0xffff,0xffff,0xffff,0xffff,0xffff,0xffff,0xffff,0xffff,0xffff,0xffff,0xffff,
    0xffff,0xffff,0xffff,0xffff,0xffff,0xffff,0xffff,0xffff,0xffff,0xffff,0xffff,0xffff,
    0xffff,0xffff,0xffff,0xffda,0xff95,0xff94,0xff94,0xff94,0xff94,0xff94,0xff94,0xff94,
    0xff94,0xff95,0xff94,0xff94,0xff94,0xff94,0xff94,0xff94,0xff94,0xffb7,0xfffd,0xffff,
    0xffff,0xffff,0xffff,0xffff,0xffff,0xffff,0xffff,0xffff,0xffff,0xffff,0xffff,0xffff,
    0xffff,0xffff,0xffff,0xffff,0xffff,0xffff,0xffff,0xffff,0xffff,0xffff,0xffff,0xffff,
    0xffff,0xffff,0xffff,0xffff,0xfee9,0xfee9,0xfee9,0xfee9,0xff94,0xffff,0xffff,0xffff,
    0xffff,0xffff,0xffff,0xffff,0xffff,0xffff,0xffff,0xff95,0xfb73,0xfb73,0xfb73,0xfb73,
    0xfb73,0xfb73,0xfb73,0xfb73,0xfb73,0xfb73,0xfb73,0xfb73,0xfb73,0xfb73,0xfb73,0xfb73,
    0xfb73,0xfb73,0xfb73,0xfb73,0xfb73,0xfb73,0xfb73,0xfb73,0xfb73,0xfb73,0xfb73,0xfb73,
    0xfb73,0xfb73,0xfb73,0xfb73,0xfb73,0xfb73,0xfb73,0xfb73,0xfb73,0xfb73,0xfb73,0xfb73,
    0xfb73,0xfb73,0xfb73,0xfb73,0xfb73,0xfb73,0xfb73,0xfb73,0xfb73,0xfb73,0xfb73,0xfb73,
    0xfb73,0xfb73,0xfb73,0xfb73,0xffb6,0xffff,0xffff,0xffff,0xffff,0xffff,0xffff,0xffff,
    0xffff,0xffff,0xffff,0xffff,0xffff,0xffff,0xffff,0xffff,0xffff,0xffff,0xffff,0xffff,
    0xffff,0xffff,0xffff,0xffff,0xffff,0xffff,0xffff,0xffff,0xffff,0xffff,0xffff,0xffff,
    0xffff,0xffff,0xffff,0xffff,0xffff,0xffff,0xffff,0xffff,0xffff,0xffff,0xffff,0xffff,
    0xffff,0xffff,0xffff,0xffff,0xffff,0xffff,0xffff,0xffff,0xffff,0xffff,0xffff,0xffff,
    0xffff,0xffff,0xffff,0xffff,0xffff,0xffff,0xffff,0xffff,0xffff,0xffff,0xffff,0xffff,
    0xffff,0xffff,0xffff,0xffff,0xffff,0xffff,0xffff,0xffff,0xffff,0xffff,0xffff,0xffff,
    0xff53,0xffff,0xffff,0xffff,0xffff,0xffff,0xffff,0xffff,0xffff,0xffff,0xffff,0xffb7,
    0xffb7,0xffb7,0xffb7,0xffb7,0xffb7,0xffdb,0xffff,0xffff,0xffff,0xffff,0xffff,0xffff,
    0xffff,0xffff,0xffff,0xffff,0xffff,0xffff,0xffff,0xffff,0xffff,0xffff,0xffff,0xffff,
    0xffff,0xffff,0xffff,0xffff,0xffff,0xffff,0xffff,0xffff,0xffff,0xffff,0xffff,0xffff,
    0xffff,0xffff,0xffff,0xffff,0xffff,0xffff,0xffff,0xffff,0xffff,0xffb9,0xff95,0xff94,
    0xff94,0xff94,0xff94,0xff95,0xff94,0xff94,0xff94,0xff94,0xff94,0xff94,0xff94,0xff94,
    0xff95,0xffdb,0xffff,0xffff,0xffff,0xffff,0xffff,0xffff,0xffff,0xffff,0xffff,0xffff,
    0xffff,0xffff,0xffff,0xffff,0xffff,0xffff,0xffff,0xffff,0xffff,0xffff,0xffff,0xffff,
    0xffff,0xffff,0xffff,0xffff,0xffff,0xffff,0xffff,0xffff,0xffdb,0xff90,0xff2e,0xff94,
    0xffff,0xffff,0xffff,0xffff,0xffff,0xffff,0xffff,0xffff,0xffff,0xffff,0xffff,0xff95,
    0xfb73,0xfb73,0xfb73,0xfb73,0xfb73,0xfb73,0xfb73,0xfb73,0xfb73,0xfb73,0xfb73,0xfb73,
    0xfb73,0xfb73,0xfb73,0xfb73,0xfb73,0xfb73,0xfb73,0xfb73,0xfb73,0xfb73,0xfb73,0xfb73,
    0xfb73,0xfb73,0xfb73,0xfb73,0xfb73,0xfb73,0xfb73,0xfb73,0xfb73,0xfb73,0xfb73,0xfb73,
    0xfb73,0xfb73,0xfb73,0xfb73,0xfb73,0xfb73,0xfb73,0xfb73,0xfb73,0xfb73,0xfb73,0xfb73,
    0xfb73,0xfb73,0xfb73,0xfb73,0xfb73,0xfb73,0xfb73,0xfb73,0xffb6,0xffff,0xffff,0xffff,
    0xffff,0xffff,0xffff,0xffff,0xffff,0xffff,0xffff,0xffff,0xffff,0xffff,0xffff,0xffff,
    0xffff,0xffff,0xffff,0xffff,0xffff,0xffff,0xffff,0xffff,0xffff,0xffff,0xffff,0xffff,
    0xffff,0xffff,0xffff,0xffff,0xffff,0xffff,0xffff,0xffff,0xffff,0xffff,0xffff,0xffff,
    0xffff,0xffff,0xffff,0xffff,0xffff,0xffff,0xffff,0xffff,0xffff,0xffff,0xffff,0xffff,
    0xffff,0xffff,0xffff,0xffff,0xffff,0xffff,0xffff,0xffff,0xffff,0xffff,0xffff,0xffff,
    0xffff,0xffff,0xffff,0xffff,0xffff,0xffff,0xffff,0xffff,0xffff,0xffff,0xffff,0xffff,
    0xffff,0xffff,0xffff,0xffff,0xff53,0xffff,0xffff,0xffff,0xffff,0xffff,0xffff,0xffff,
    0xffff,0xffff,0xffff,0xfffe,0xffb9,0xffb7,0xffb7,0xffb7,0xffdb,0xffff,0xffff,0xffff,
    0xffff,0xffff,0xffff,0xffff,0xffff,0xffff,0xffff,0xffff,0xffff,0xffff,0xffff,0xffff,
    0xffff,0xffff,0xffff,0xffff,0xffff,0xffff,0xffff,0xffff,0xffff,0xffff,0xffff,0xffff,
    0xffff,0xffff,0xffff,0xffff,0xffff,0xffff,0xffff,0xffff,0xffff,0xffff,0xffff,0xffff,
    0xffff,0xffff,0xffdc,0xffb7,0xff95,0xff94,0xff94,0xff94,0xff94,0xff94,0xff94,0xff94,
    0xff94,0xff94,0xff94,0xff94,0xffb7,0xfffe,0xffff,0xffff,0xffff,0xffff,0xffff,0xffff,
    0xffff,0xffff,0xffff,0xffff,0xffff,0xffff,0xffff,0xffff,0xffff,0xffff,0xffff,0xffff,
    0xffff,0xffff,0xffff,0xffff,0xffff,0xffff,0xffff,0xffff,0xffff,0xffff,0xffff,0xffff,
    0xffff,0xffff,0xffff,0xffff,0xffff,0xffff,0xffff,0xffff,0xffff,0xffff,0xffff,0xffff,
    0xffff,0xffff,0xffff,0xff95,0xfb73,0xfb73,0xfb73,0xfb73,0xfb73,0xfb73,0xfb73,0xfb73,
    0xfb73,0xfb73,0xfb73,0xfb73,0xfb73,0xfb73,0xfb73,0xfb73,0xfb73,0xfb73,0xfb73,0xfb73,
    0xfb73,0xfb73,0xfb73,0xfb73,0xfb73,0xfb73,0xfb73,0xfb73,0xfb73,0xfb73,0xfb73,0xfb73,
    0xfb73,0xfb73,0xfb73,0xfb73,0xfb73,0xfb73,0xfb73,0xfb73,0xfb73,0xfb73,0xfb73,0xfb73,
    0xfb73,0xfb73,0xfb73,0xfb73,0xfb73,0xfb73,0xfb73,0xfb73,0xfb73,0xfb73,0xfb73,0xfb73,
    0xffb6,0xffff,0xffff,0xffff,0xffff,0xffff,0xffff,0xffff,0xffff,0xffff,0xffff,0xffff,
    0xffff,0xffff,0xffff,0xffff,0xffff,0xffff,0xffff,0xffff,0xffff,0xffff,0xffff,0xffff,
    0xffff,0xffff,0xffff,0xffff,0xffff,0xffff,0xffff,0xffff,0xffff,0xffff,0xffff,0xffff,
    0xffff,0xffff,0xffff,0xffff,0xffff,0xffff,0xffff,0xffff,0xffff,0xffff,0xffff,0xffff,
    0xffff,0xffff,0xffff,0xffff,0xffff,0xffff,0xffff,0xffff,0xffff,0xffff,0xffff,0xffff,
    0xffff,0xffff,0xffff,0xffff,0xffff,0xffff,0xffff,0xffff,0xffff,0xffff,0xffff,0xffff,
    0xffff,0xffff,0xffff,0xffff,0xffff,0xffff,0xffff,0xffff,0xff51,0xffff,0xffff,0xffff,
    0xffff,0xffff,0xffff,0xffff,0xffff,0xffff,0xffff,0xffff,0xffff,0xffff,0xfffe,0xffff,
    0xffff,0xffff,0xffff,0xffff,0xffff,0xffff,0xffff,0xffff,0xffff,0xffff,0xffff,0xffff,
    0xffff,0xffff,0xffff,0xffff,0xffff,0xffff,0xffff,0xffff,0xffff,0xffff,0xffff,0xffff,
    0xffff,0xffff,0xffff,0xffff,0xffff,0xffff,0xffff,0xffff,0xffff,0xffff,0xffff,0xffff,
    0xffff,0xffff,0xffff,0xffff,0xffff,0xffff,0xffff,0xfffd,0xffda,0xffb6,0xff94,0xff94,
    0xff95,0xff94,0xff94,0xff94,0xff94,0xff94,0xff94,0xff95,0xffdc,0xffff,0xffff,0xffff,
    0xffff,0xffff,0xffff,0xffff,0xffff,0xffff,0xffff,0xffff,0xffff,0xffff,0xffff,0xffff,
    0xffff,0xffff,0xffff,0xffff,0xffff,0xffff,0xffff,0xffff,0xffff,0xffff,0xffff,0xffff,
    0xffff,0xffff,0xffff,0xffff,0xffff,0xffff,0xffff,0xffff,0xffff,0xffff,0xffff,0xffff,
    0xffff,0xffff,0xffff,0xffff,0xffff,0xffff,0xffff,0xff95,0xfb73,0xfb73,0xfb73,0xfb73,
    0xfb73,0xfb73,0xfb73,0xfb73,0xfb73,0xfb73,0xfb73,0xfb73,0xfb73,0xfb73,0xfb73,0xfb73,
    0xfb73,0xfb73,0xfb73,0xfb73,0xfb73,0xfb73,0xfb73,0xfb73,0xfb73,0xfb73,0xfb73,0xfb73,
    0xfb73,0xfb73,0xfb73,0xfb73,0xfb73,0xfb73,0xfb73,0xfb73,0xfb73,0xfb73,0xfb73,0xfb73,
    0xfb73,0xfb73,0xfb73,0xfb73,0xfb73,0xfb73,0xfb73,0xfb73,0xfb73,0xfb73,0xfb73,0xfb73,
    0xfb73,0xfb73,0xfb73,0xfb73,0xffb6,0xffff,0xffff,0xffff,0xffff,0xffff,0xffff,0xffff,
    0xffff,0xffff,0xffff,0xffff,0xffff,0xffff,0xffff,0xffff,0xffff,0xffff,0xffff,0xffff,
    0xffff,0xffff,0xffff,0xffff,0xffff,0xffff,0xffff,0xffff,0xffff,0xffff,0xffff,0xffff,
    0xffff,0xffff,0xffff,0xffff,0xffff,0xffff,0xffff,0xffff,0xffff,0xffff,0xffff,0xffff,
    0xffff,0xffff,0xffff,0xffff,0xffff,0xffff,0xffff,0xffff,0xffff,0xffff,0xffff,0xffff,
    0xffff,0xffff,0xffff,0xffff,0xffff,0xffff,0xffff,0xffff,0xffff,0xffff,0xffff,0xffff,
    0xffff,0xffff,0xffff,0xffff,0xffff,0xffff,0xffff,0xffff,0xffff,0xffff,0xffff,0xffff,
    0xff51,0xffff,0xffff,0xffff,0xffff,0xffff,0xffff,0xffff,0xffff,0xffff,0xffff,0xffff,
    0xffff,0xffff,0xffff,0xffff,0xffff,0xffff,0xffff,0xffff,0xffff,0xffff,0xffff,0xffff,
    0xffff,0xffff,0xffff,0xffff,0xffff,0xffff,0xffff,0xffff,0xffff,0xffff,0xffff,0xffff,
    0xffff,0xffff,0xffff,0xffff,0xffff,0xffff,0xffff,0xffff,0xffff,0xffff,0xffff,0xffff,
    0xffff,0xffff,0xffff,0xffff,0xffff,0xffff,0xffff,0xffff,0xffff,0xffff,0xffff,0xffff,
    0xffff,0xffdc,0xffb7,0xff95,0xff94,0xff94,0xff94,0xff94,0xff95,0xff94,0xff94,0xffb9,
    0xffff,0xffff,0xffff,0xffff,0xffff,0xffff,0xffff,0xffff,0xffff,0xffff,0xffff,0xffff,
    0xffff,0xffff,0xffff,0xffff,0xffff,0xffff,0xffff,0xffff,0xffff,0xffff,0xffff,0xffff,
    0xffff,0xffff,0xffff,0xffff,0xffff,0xffff,0xffff,0xffff,0xffff,0xffff,0xffff,0xffff,
    0xffff,0xffff,0xffff,0xffff,0xffff,0xffff,0xffff,0xffff,0xffff,0xffff,0xffff,0xff95,
    0xfb73,0xfb73,0xfb73,0xfb73,0xfb73,0xfb73,0xfb73,0xfb73,0xfb73,0xfb73,0xfb73,0xfb73,
    0xfb73,0xfb73,0xfb73,0xfb73,0xfb73,0xfb73,0xfb73,0xfb73,0xfb73,0xfb73,0xfb73,0xfb73,
    0xfb73,0xfb73,0xfb73,0xfb73,0xfb73,0xfb73,0xfb73,0xfb73,0xfb73,0xfb73,0xfb73,0xfb73,
    0xfb73,0xfb73,0xfb73,0xfb73,0xfb73,0xfb73,0xfb73,0xfb73,0xfb73,0xfb73,0xfb73,0xfb73,
    0xfb73,0xfb73,0xfb73,0xfb73,0xfb73,0xfb73,0xfb73,0xfb73,0xffb6,0xffff,0xffff,0xffff,
    0xffff,0xffff,0xffff,0xffff,0xffff,0xffff,0xffff,0xffff,0xffff,0xffff,0xffff,0xffff,
    0xffff,0xffff,0xffff,0xffff,0xffff,0xffff,0xffff,0xffff,0xffff,0xffff,0xffff,0xffff,
    0xffff,0xffff,0xffff,0xffff,0xffff,0xffff,0xffff,0xffff,0xffff,0xffff,0xffff,0xffff,
    0xffff,0xffff,0xffff,0xffff,0xffff,0xffff,0xffff,0xffff,0xffff,0xffff,0xffff,0xffff,
    0xffff,0xffff,0xffff,0xffff,0xffff,0xffff,0xffff,0xffff,0xffff,0xffff,0xffff,0xffff,
    0xffff,0xffff,0xffff,0xffff,0xffff,0xffff,0xffff,0xffff,0xffff,0xffff,0xffff,0xffff,
    0xffff,0xffff,0xffff,0xffff,0xff2f,0xffff,0xffff,0xffff,0xffff,0xffff,0xffff,0xffff,
    0xffff,0xffff,0xffff,0xffff,0xffff,0xffff,0xffff,0xffff,0xffff,0xffff,0xffff,0xffff,
    0xffff,0xffff,0xffff,0xffff,0xffff,0xffff,0xffff,0xffff,0xffff,0xffff,0xffff,0xffff,
    0xffff,0xffff,0xffff,0xffff,0xffff,0xffff,0xffff,0xffff,0xffff,0xffff,0xffff,0xffff,
    0xffff,0xffff,0xffff,0xffff,0xffff,0xffff,0xffff,0xffff,0xffff,0xffff,0xffff,0xffff,
    0xffff,0xffff,0xffff,0xffff,0xffff,0xffff,0xffff,0xffdb,0xffb6,0xff95,0xff94,0xff94,
    0xff94,0xff94,0xffb6,0xfffe,0xffff,0xffff,0xffff,0xffff,0xffff,0xffff,0xffff,0xffff,
    0xffff,0xffff,0xffff,0xffff,0xffff,0xffff,0xffff,0xffff,0xffff,0xffff,0xffff,0xffff,
    0xffff,0xffff,0xffff,0xffff,0xffff,0xffff,0xffff,0xffff,0xffff,0xffff,0xffff,0xffff,
    0xffff,0xffff,0xffff,0xffff,0xffff,0xffff,0xffff,0xffff,0xffff,0xffff,0xffff,0xffff,
    0xffff,0xffff,0xffff,0xff95,0xfb73,0xfb73,0xfb73,0xfb73,0xfb73,0xfb73,0xfb73,0xfb73,
    0xfb73,0xfb73,0xfb73,0xfb73,0xfb73,0xfb73,0xfb73,0xfb73,0xfb73,0xfb73,0xfb73,0xfb73,
    0xfb73,0xfb73,0xfb73,0xfb73,0xfb73,0xfb73,0xfb73,0xfb73,0xfb73,0xfb73,0xfb73,0xfb73,
    0xfb73,0xfb73,0xfb73,0xfb73,0xfb73,0xfb73,0xfb73,0xfb73,0xfb73,0xfb73,0xfb73,0xfb73,
    0xfb73,0xfb73,0xfb73,0xfb73,0xfb73,0xfb73,0xfb73,0xfb73,0xfb73,0xfb73,0xfb73,0xfb73,
    0xffb6,0xffff,0xffff,0xffff,0xffff,0xffff,0xffff,0xffff,0xffff,0xffff,0xffff,0xffff,
    0xffff,0xffff,0xffff,0xffff,0xffff,0xffff,0xffff,0xffff,0xffff,0xffff,0xffff,0xffff,
    0xffff,0xffff,0xffff,0xffff,0xffff,0xffff,0xffff,0xffff,0xffff,0xffff,0xffff,0xffff,
    0xffff,0xffff,0xffff,0xffff,0xffff,0xffff,0xffff,0xffff,0xffff,0xffff,0xffff,0xffff,
    0xffff,0xffff,0xffff,0xffff,0xffff,0xffff,0xffff,0xffff,0xffff,0xffff,0xffff,0xffff,
    0xffff,0xffff,0xffff,0xffff,0xffdb,0xff2e,0xfee9,0xfb73,0xffff,0xffff,0xffff,0xffff,
    0xffff,0xffff,0xffff,0xffff,0xffff,0xffff,0xffff,0xffff,0xff2f,0xffff,0xffff,0xffff,
    0xffff,0xffff,0xffff,0xffff,0xffff,0xffff,0xffff,0xffff,0xffff,0xffff,0xffff,0xffff,
    0xffff,0xffff,0xffff,0xffff,0xffff,0xffff,0xffff,0xffff,0xffff,0xffff,0xffff,0xffff,
    0xffff,0xffff,0xffff,0xffff,0xffff,0xffff,0xffff,0xffff,0xffff,0xffff,0xffff,0xffff,
    0xffff,0xffff,0xffff,0xffff,0xffff,0xffff,0xffff,0xffff,0xffff,0xffff,0xffff,0xffff,
    0xffff,0xffff,0xffff,0xffff,0xffff,0xffff,0xffff,0xffff,0xffff,0xffff,0xffff,0xffff,
    0xfffd,0xffb9,0xffb7,0xff95,0xff95,0xffb7,0xffdb,0xffff,0xffff,0xffff,0xffff,0xffff,
    0xffff,0xffff,0xffff,0xffff,0xffff,0xffff,0xffff,0xffff,0xffff,0xffff,0xffff,0xffff,
    0xffff,0xffff,0xffff,0xffff,0xffff,0xffff,0xffff,0xffff,0xffff,0xffff,0xffff,0xffff,
    0xffff,0xffff,0xffff,0xffff,0xffff,0xffff,0xffff,0xffff,0xffff,0xffff,0xffff,0xffff,
    0xffff,0xffff,0xffff,0xffff,0xffff,0xffff,0xffff,0xff95,0xfb73,0xfb73,0xfb73,0xfb73,
    0xfb73,0xfb73,0xfb73,0xfb73,0xfb73,0xfb73,0xfb73,0xfb73,0xfb73,0xfb73,0xfb73,0xfb73,
    0xfb73,0xfb73,0xfb73,0xfb73,0xfb73,0xfb73,0xfb73,0xfb73,0xfb73,0xfb73,0xfb73,0xfb73,
    0xfb73,0xfb73,0xfb73,0xfb73,0xfb73,0xfb73,0xfb73,0xfb73,0xfb73,0xfb73,0xfb73,0xfb73,
    0xfb73,0xfb73,0xfb73,0xfb73,0xfb73,0xfb73,0xfb73,0xfb73,0xfb73,0xfb73,0xfb73,0xfb73,
    0xfb73,0xfb73,0xfb73,0xfb73,0xffb6,0xffff,0xffff,0xffff,0xffff,0xffff,0xffff,0xffff,
    0xffff,0xffff,0xffff,0xffff,0xffff,0xffff,0xffff,0xffff,0xffff,0xffff,0xffff,0xffff,
    0xffff,0xffff,0xffff,0xffff,0xffff,0xffff,0xffff,0xffff,0xffff,0xffff,0xffff,0xffff,
    0xffff,0xffff,0xffff,0xffff,0xffff,0xffff,0xffff,0xffff,0xffff,0xffff,0xffff,0xffff,
    0xffff,0xffff,0xffff,0xffff,0xffff,0xffff,0xffff,0xffff,0xffff,0xffff,0xffff,0xffff,
    0xffff,0xffff,0xffff,0xffff,0xffff,0xffff,0xffff,0xffff,0xff94,0xfee9,0xfee9,0xfee9,
    0xffff,0xffff,0xffff,0xffff,0xffff,0xffff,0xffff,0xffff,0xffff,0xffff,0xffff,0xffff,
    0xff0d,0xffff,0xffff,0xffff,0xffff,0xffff,0xffff,0xffff,0xffff,0xffff,0xffff,0xffff,
    0xffff,0xffff,0xffff,0xffff,0xffff,0xffff,0xffff,0xffff,0xffff,0xffff,0xffff,0xffff,
    0xffff,0xffff,0xffff,0xffff,0xffff,0xffff,0xffff,0xffff,0xffff,0xffff,0xffff,0xffff,
    0xffff,0xffff,0xffff,0xffff,0xffff,0xffff,0xffff,0xffff,0xffff,0xffff,0xffff,0xffff,
    0xffff,0xffff,0xffb9,0xff94,0xff94,0xffb6,0xfffe,0xffff,0xffff,0xffff,0xffff,0xffff,
    0xffff,0xffff,0xffff,0xffff,0xffff,0xffff,0xfffd,0xffda,0xffdb,0xfffe,0xffff,0xffff,
    0xffff,0xffff,0xffff,0xffff,0xffff,0xffff,0xffff,0xffff,0xffff,0xffff,0xffff,0xffff,
    0xffff,0xffff,0xffff,0xffff,0xffff,0xffff,0xffff,0xffff,0xffff,0xffff,0xffff,0xffff,
    0xffff,0xffff,0xffff,0xffff,0xffff,0xffff,0xffff,0xffff,0xffff,0xffff,0xffff,0xffff,
    0xffff,0xffff,0xffff,0xffff,0xffff,0xffff,0xffff,0xffff,0xffff,0xffff,0xffff,0xff95,
    0xfb73,0xfb73,0xfb73,0xfb73,0xfb73,0xfb73,0xfb73,0xfb73,0xfb73,0xfb73,0xfb73,0xfb73,
    0xfb73,0xfb73,0xfb73,0xfb73,0xfb73,0xfb73,0xfb73,0xfb73,0xfb73,0xfb73,0xfb73,0xfb73,
    0xfb73,0xfb73,0xfb73,0xfb73,0xfb73,0xfb73,0xfb73,0xfb73,0xfb73,0xfb73,0xfb73,0xfb73,
    0xfb73,0xfb73,0xfb73,0xfb73,0xfb73,0xfb73,0xfb73,0xfb73,0xfb73,0xfb73,0xfb73,0xfb73,
    0xfb73,0xfb73,0xfb73,0xfb73,0xfb73,0xfb73,0xfb73,0xfb73,0xffb6,0xffff,0xffff,0xffff,
    0xffff,0xffff,0xffff,0xffff,0xffff,0xffff,0xffff,0xffff,0xffff,0xffff,0xffff,0xffff,
    0xffff,0xffff,0xffff,0xffff,0xffff,0xffff,0xffff,0xffff,0xffff,0xffff,0xffff,0xffff,
    0xffff,0xffff,0xffff,0xffff,0xffff,0xffff,0xffff,0xffff,0xffff,0xffff,0xffff,0xffff,
    0xffff,0xffff,0xffff,0xffff,0xffff,0xffff,0xffff,0xffff,0xffff,0xffff,0xffff,0xffff,
    0xffff,0xffff,0xffff,0xffff,0xffff,0xffff,0xffff,0xffff,0xffff,0xffff,0xffff,0xffff,
    0xff94,0xfee9,0xfee9,0xfee9,0xffff,0xffff,0xffff,0xffff,0xffff,0xffff,0xffff,0xffff,
    0xffff,0xffff,0xffff,0xffff,0xff0d,0xffff,0xffff,0xffff,0xffff,0xffff,0xffff,0xffff,
    0xffff,0xffff,0xffff,0xffff,0xffff,0xffff,0xffff,0xffff,0xffff,0xffff,0xffff,0xffff,
    0xffff,0xffff,0xffff,0xffff,0xffff,0xffff,0xffff,0xffff,0xffff,0xffff,0xffff,0xffff,
    0xffff,0xffff,0xffff,0xffff,0xffff,0xffff,0xffff,0xffff,0xffff,0xffff,0xffff,0xffff,
    0xffff,0xffff,0xffff,0xffff,0xffff,0xfb73,0xff8e,0xff8e,0xff8e,0xff8e,0xff90,0xffdc,
    0xffff,0xffff,0xffff,0xffff,0xffff,0xffff,0xffff,0xffff,0xffff,0xffff,0xffff,0xffff,
    0xffff,0xffff,0xffff,0xffff,0xffff,0xffff,0xffff,0xffff,0xffff,0xffff,0xffff,0xffff,
    0xffff,0xffff,0xffff,0xffff,0xffff,0xffff,0xffff,0xffff,0xffff,0xffff,0xffff,0xffff,
    0xffff,0xffff,0xffff,0xffff,0xffff,0xffff,0xffff,0xffff,0xffff,0xffff,0xffff,0xffff,
    0xffff,0xffff,0xffff,0xffff,0xffff,0xffff,0xffff,0xffff,0xffff,0xffff,0xffff,0xffff,
    0xffff,0xffff,0xffff,0xff95,0xfb73,0xfb73,0xfb73,0xfb73,0xfb73,0xfb73,0xfb73,0xfb73,
    0xfb73,0xfb73,0xfb73,0xfb73,0xfb73,0xfb73,0xfb73,0xfb73,0xfb73,0xfb73,0xfb73,0xfb73,
    0xfb73,0xfb73,0xfb73,0xfb73,0xfb73,0xfb73,0xfb73,0xfb73,0xfb73,0xfb73,0xfb73,0xfb73,
    0xfb73,0xfb73,0xfb73,0xfb73,0xfb73,0xfb73,0xfb73,0xfb73,0xfb73,0xfb73,0xfb73,0xfb73,
    0xfb73,0xfb73,0xfb73,0xfb73,0xfb73,0xfb73,0xfb73,0xfb73,0xfb73,0xfb73,0xfb73,0xfb73,
    0xffb6,0xffff,0xffff,0xffff,0xffff,0xffff,0xffff,0xffff,0xffff,0xffff,0xffff,0xffff,
    0xffff,0xffff,0xffff,0xffff,0xffff,0xffff,0xffff,0xffff,0xffff,0xffff,0xffff,0xffff,
    0xffff,0xffff,0xffff,0xffff,0xffff,0xffff,0xffff,0xffff,0xffff,0xffff,0xffff,0xffff,
    0xffff,0xffff,0xffff,0xffff,0xffff,0xffff,0xffff,0xffff,0xffff,0xffff,0xffff,0xffff,
    0xffff,0xffff,0xffff,0xffff,0xffff,0xffff,0xffff,0xffff,0xffff,0xffff,0xffff,0xffff,
    0xffff,0xffff,0xffff,0xffff,0xffff,0xff90,0xff2e,0xffb7,0xffff,0xffff,0xffff,0xffff,
    0xffff,0xffff,0xffff,0xffff,0xffff,0xffff,0xffff,0xffff,0xffff,0xffff,0xffff,0xffff,
    0xffff,0xffff,0xffff,0xffff,0xffff,0xffff,0xffff,0xffff,0xffff,0xffff,0xffff,0xffff,
    0xffff,0xffff,0xffff,0xffff,0xffff,0xffff,0xffff,0xffff,0xffff,0xffff,0xffff,0xffff,
    0xffff,0xffff,0xffff,0xffff,0xffff,0xffff,0xffff,0xffff,0xffff,0xffff,0xffff,0xffff,
    0xffff,0xffff,0xffff,0xffff,0xffff,0xffff,0xffff,0xffff,0xff95,0xff8e,0xff8e,0xff8e,
    0xff8e,0xff8e,0xff8e,0xff90,0xffff,0xffff,0xffff,0xffff,0xffff,0xffff,0xffff,0xffff,
    0xffff,0xffff,0xffff,0xffff,0xffff,0xffff,0xffff,0xffff,0xffff,0xffff,0xffff,0xffff,
    0xffff,0xffff,0xffff,0xffff,0xffff,0xffff,0xffff,0xffff,0xffff,0xffff,0xffff,0xffff,
    0xffff,0xffff,0xffff,0xffff,0xffff,0xffff,0xffff,0xffff,0xffff,0xffff,0xffff,0xffff,
    0xffff,0xffff,0xffff,0xffff,0xffff,0xffff,0xffff,0xffff,0xffff,0xffff,0xffff,0xffff,
    0xffff,0xffff,0xffff,0xffff,0xffff,0xffff,0xffff,0xff95,0xfb73,0xfb73,0xfb73,0xfb73,
    0xfb73,0xfb73,0xfb73,0xfb73,0xfb73,0xfb73,0xfb73,0xfb73,0xfb73,0xfb73,0xfb73,0xfb73,
    0xfb73,0xfb73,0xfb73,0xfb73,0xfb73,0xfb73,0xfb73,0xfb73,0xfb73,0xfb73,0xfb73,0xfb73,
    0xfb73,0xfb73,0xfb73,0xfb73,0xfb73,0xfb73,0xfb73,0xfb73,0xfb73,0xfb73,0xfb73,0xfb73,
    0xfb73,0xfb73,0xfb73,0xfb73,0xfb73,0xfb73,0xfb73,0xfb73,0xfb73,0xfb73,0xfb73,0xfb73,
    0xfb73,0xfb73,0xfb73,0xfb73,0xffb6,0xffff,0xffff,0xffff,0xffff,0xffff,0xffff,0xffff,
    0xffff,0xffff,0xffff,0xffff,0xffff,0xffff,0xffff,0xffff,0xffff,0xffff,0xffff,0xffff,
    0xffff,0xffff,0xffff,0xffff,0xffff,0xffff,0xffff,0xffff,0xffff,0xffff,0xffff,0xffff,
    0xffff,0xffff,0xffff,0xffff,0xffff,0xffff,0xffff,0xffff,0xffff,0xffff,0xffff,0xffff,
    0xffff,0xffff,0xffff,0xffff,0xffff,0xffff,0xffff,0xffff,0xffff,0xffff,0xffff,0xffff,
    0xffff,0xffff,0xffff,0xffff,0xffff,0xffff,0xffff,0xffff,0xffff,0xffff,0xffff,0xffff,
    0xffff,0xffff,0xffff,0xffff,0xffff,0xffff,0xffff,0xffff,0xffff,0xffff,0xffff,0xffff,
    0xffff,0xffff,0xffff,0xffff,0xffff,0xffff,0xffff,0xffff,0xffff,0xffff,0xffff,0xffff,
    0xffff,0xffff,0xffff,0xffff,0xffff,0xffff,0xffff,0xffff,0xffff,0xffff,0xffff,0xffff,
    0xffff,0xffff,0xffff,0xffff,0xffff,0xffff,0xffff,0xffff,0xffff,0xffff,0xffff,0xffff,
    0xffff,0xffff,0xffff,0xffff,0xffff,0xffff,0xffff,0xffff,0xffff,0xffff,0xffff,0xffff,
    0xff8e,0xff8e,0xff8e,0xff8e,0xff8e,0xff8e,0xff8e,0xff8e,0xffdb,0xffff,0xffff,0xffff,
    0xffff,0xffff,0xffff,0xffff,0xffff,0xffff,0xffff,0xffff,0xffff,0xffff,0xffff,0xffff,
    0xffff,0xffff,0xffff,0xffff,0xffff,0xffff,0xffff,0xffff,0xffff,0xffff,0xffff,0xffff,
    0xffff,0xffff,0xffff,0xffff,0xffff,0xffff,0xffff,0xffff,0xffff,0xffff,0xffff,0xffff,
    0xffff,0xffff,0xffff,0xffff,0xffff,0xffff,0xffff,0xffff,0xffff,0xffff,0xffff,0xffff,
    0xffff,0xffff,0xffff,0xffff,0xffff,0xffff,0xffff,0xffff,0xffff,0xffff,0xffff,0xff95,
    0xfb73,0xfb73,0xfb73,0xfb73,0xfb73,0xfb73,0xfb73,0xfb73,0xfb73,0xfb73,0xfb73,0xfb73,
    0xfb73,0xfb73,0xfb73,0xfb73,0xfb73,0xfb73,0xfb73,0xfb73,0xfb73,0xfb73,0xfb73,0xfb73,
    0xfb73,0xfb73,0xfb73,0xfb73,0xfb73,0xfb73,0xfb73,0xfb73,0xfb73,0xfb73,0xfb73,0xfb73,
    0xfb73,0xfb73,0xfb73,0xfb73,0xfb73,0xfb73,0xfb73,0xfb73,0xfb73,0xfb73,0xfb73,0xfb73,
    0xfb73,0xfb73,0xfb73,0xfb73,0xfb73,0xfb73,0xfb73,0xfb73,0xffb6,0xffff,0xffff,0xffff,
    0xffff,0xffff,0xffff,0xffff,0xffff,0xffff,0xffff,0xffff,0xffff,0xffff,0xffff,0xffff,
    0xffff,0xffff,0xffff,0xffff,0xffff,0xffff,0xffff,0xffff,0xffff,0xffff,0xffff,0xffff,
    0xffff,0xffff,0xffff,0xffff,0xffff,0xffff,0xffff,0xffff,0xffff,0xffff,0xffff,0xffff,
    0xffff,0xffff,0xffff,0xffff,0xffff,0xffff,0xffff,0xffff,0xffff,0xffff,0xffff,0xffff,
    0xffff,0xffff,0xffff,0xffff,0xffff,0xffff,0xffff,0xffff,0xffff,0xffff,0xffff,0xffff,
    0xffff,0xffff,0xffff,0xffff,0xffff,0xffff,0xffff,0xffff,0xffff,0xffff,0xffff,0xffff,
    0xffff,0xffff,0xffff,0xffff,0xff0d,0xffff,0xffff,0xffff,0xffff,0xffff,0xffff,0xffff,
    0xffff,0xffff,0xffff,0xffff,0xffff,0xffff,0xffff,0xffff,0xffff,0xffff,0xffff,0xffff,
    0xffff,0xffff,0xffff,0xffff,0xffff,0xffff,0xffff,0xffff,0xffff,0xffff,0xffff,0xffff,
    0xffff,0xffff,0xffff,0xffff,0xffff,0xffff,0xffff,0xffff,0xffff,0xffff,0xffff,0xffff,
    0xffff,0xffff,0xffff,0xffff,0xff8e,0xff8e,0xff8e,0xff8e,0xff8e,0xff8e,0xff8e,0xff8e,
    0xffdb,0xffff,0xffff,0xffff,0xffff,0xffff,0xffff,0xffff,0xffff,0xffff,0xffff,0xffff,
    0xffff,0xffff,0xffff,0xffff,0xffff,0xffff,0xffff,0xffff,0xffff,0xffff,0xffff,0xffff,
    0xffff,0xffff,0xffff,0xffff,0xffff,0xffff,0xffff,0xffff,0xffff,0xffff,0xffff,0xffff,
    0xffff,0xffff,0xffff,0xffff,0xffff,0xffff,0xffff,0xffff,0xffff,0xffff,0xffff,0xffff,
    0xffff,0xffff,0xffff,0xffff,0xffff,0xffff,0xffff,0xffff,0xffff,0xffff,0xffff,0xffff,
    0xffff,0xffff,0xffff,0xff95,0xfb73,0xfb73,0xfb73,0xfb73,0xfb73,0xfb73,0xfb73,0xfb73,
    0xfb73,0xfb73,0xfb73,0xfb73,0xfb73,0xfb73,0xfb73,0xfb73,0xfb73,0xfb73,0xfb73,0xfb73,
    0xfb73,0xfb73,0xfb73,0xfb73,0xfb73,0xfb73,0xfb73,0xfb73,0xfb73,0xfb73,0xfb73,0xfb73,
    0xfb73,0xfb73,0xfb73,0xfb73,0xfb73,0xfb73,0xfb73,0xfb73,0xfb73,0xfb73,0xfb73,0xfb73,
    0xfb73,0xfb73,0xfb73,0xfb73,0xfb73,0xfb73,0xfb73,0xfb73,0xfb73,0xfb73,0xfb73,0xfb73,
    0xffb6,0xffff,0xffff,0xffff,0xffff,0xffff,0xffff,0xffff,0xffff,0xffff,0xffff,0xffff,
    0xffff,0xffff,0xffff,0xffff,0xffff,0xffff,0xffff,0xffff,0xffff,0xffff,0xffff,0xffff,
    0xffff,0xffff,0xffff,0xffff,0xffff,0xffff,0xffff,0xffff,0xffff,0xffff,0xffff,0xffff,
    0xffff,0xffff,0xffff,0xffff,0xffff,0xffff,0xffff,0xffff,0xffff,0xffff,0xffff,0xffff,
    0xffff,0xffff,0xffff,0xffff,0xffff,0xffff,0xffff,0xffff,0xffff,0xffff,0xffff,0xffff,
    0xffff,0xffff,0xffff,0xffff,0xffff,0xffff,0xffff,0xffff,0xffff,0xffff,0xffff,0xffff,
    0xffff,0xffff,0xffff,0xffff,0xffff,0xffff,0xffff,0xffff,0xff0d,0xffff,0xffff,0xffff,
    0xffff,0xffff,0xffff,0xffff,0xffff,0xffff,0xffff,0xffff,0xffff,0xffff,0xffff,0xffff,
    0xffff,0xffff,0xffff,0xffff,0xffff,0xffff,0xffff,0xffff,0xffff,0xffff,0xffff,0xffff,
    0xffff,0xffff,0xffff,0xffff,0xffff,0xffff,0xffff,0xffff,0xffff,0xffff,0xffff,0xffff,
    0xffff,0xffff,0xffff,0xffff,0xffff,0xffff,0xffff,0xffff,0xff8e,0xff8e,0xff8e,0xff8e,
    0xff8e,0xff8e,0xff8e,0xff8e,0xffdb,0xffff,0xffff,0xffff,0xffff,0xffff,0xffff,0xffff,
    0xffff,0xffff,0xffff,0xffff,0xffff,0xffff,0xffff,0xffff,0xffff,0xffff,0xffff,0xffff,
    0xffff,0xffff,0xffff,0xffff,0xffff,0xffff,0xffff,0xffff,0xffff,0xffff,0xffff,0xffff,
    0xffff,0xffff,0xffff,0xffff,0xffff,0xffff,0xffff,0xffff,0xffff,0xffff,0xffff,0xffff,
    0xffff,0xffff,0xffff,0xffff,0xffff,0xffff,0xffff,0xffff,0xffff,0xffff,0xffff,0xffff,
    0xffff,0xffff,0xffff,0xffff,0xffff,0xffff,0xffff,0xff95,0xfb73,0xfb73,0xfb73,0xfb73,
    0xfb73,0xfb73,0xfb73,0xfb73,0xfb73,0xfb73,0xfb73,0xfb73,0xfb73,0xfb73,0xfb73,0xfb73,
    0xfb73,0xfb73,0xfb73,0xfb73,0xfb73,0xfb73,0xfb73,0xfb73,0xfb73,0xfb73,0xfb73,0xfb73,
    0xfb73,0xfb73,0xfb73,0xfb73,0xfb73,0xfb73,0xfb73,0xfb73,0xfb73,0xfb73,0xfb73,0xfb73,
    0xfb73,0xfb73,0xfb73,0xfb73,0xfb73,0xfb73,0xfb73,0xfb73,0xfb73,0xfb73,0xfb73,0xfb73,
    0xfb73,0xfb73,0xfb73,0xfb73,0xffb6,0xffff,0xffff,0xffff,0xffff,0xffff,0xffff,0xffff,
    0xffff,0xffff,0xffff,0xffff,0xffff,0xffff,0xffff,0xffff,0xffff,0xffff,0xffff,0xffff,
    0xffff,0xffff,0xffff,0xffff,0xffff,0xffff,0xffff,0xffff,0xffff,0xffff,0xffff,0xffff,
    0xffff,0xffff,0xffff,0xffff,0xffff,0xffff,0xffff,0xffff,0xffff,0xffff,0xffff,0xffff,
    0xffff,0xffff,0xffff,0xffff,0xffff,0xffff,0xffff,0xffff,0xffff,0xffff,0xffff,0xffff,
    0xffff,0xffff,0xffff,0xffff,0xffff,0xffff,0xffff,0xffff,0xffff,0xffff,0xffff,0xffff,
    0xffff,0xffff,0xffff,0xffff,0xffff,0xffff,0xffff,0xffff,0xffff,0xffff,0xffff,0xffff,
    0xff2f,0xffff,0xffff,0xffff,0xffff,0xffff,0xffff,0xffff,0xffff,0xffff,0xffff,0xffff,
    0xffff,0xffff,0xffff,0xffff,0xffff,0xffff,0xffff,0xffff,0xffff,0xffff,0xffff,0xffff,
    0xffff,0xffff,0xffff,0xffff,0xffff,0xffff,0xffff,0xffff,0xffff,0xffff,0xffff,0xffff,
    0xffff,0xffff,0xffff,0xffff,0xffff,0xffff,0xffff,0xffff,0xffff,0xffff,0xffff,0xffff,
    0xff95,0xff8e,0xff8e,0xff8e,0xff8e,0xff8e,0xff8e,0xff90,0xffff,0xffff,0xffff,0xffff,
    0xffff,0xffff,0xffff,0xffff,0xffff,0xffff,0xffff,0xffff,0xffff,0xffff,0xffff,0xffff,
    0xffff,0xffff,0xffff,0xffff,0xffff,0xffff,0xffff,0xffff,0xffff,0xffff,0xffff,0xffff,
    0xffff,0xffff,0xffff,0xffff,0xffff,0xffff,0xffff,0xffff,0xffff,0xffff,0xffff,0xffff,
    0xffff,0xffff,0xffff,0xffff,0xffff,0xffff,0xffff,0xffff,0xffff,0xffff,0xffff,0xffff,
    0xffff,0xffff,0xffff,0xffff,0xffff,0xffff,0xffff,0xffff,0xffff,0xffff,0xffff,0xff95,
    0xfb73,0xfb73,0xfb73,0xfb73,0xfb73,0xfb73,0xfb73,0xfb73,0xfb73,0xfb73,0xfb73,0xfb73,
    0xfb73,0xfb73,0xfb73,0xfb73,0xfb73,0xfb73,0xfb73,0xfb73,0xfb73,0xfb73,0xfb73,0xfb73,
    0xfb73,0xfb73,0xfb73,0xfb73,0xfb73,0xfb73,0xfb73,0xfb73,0xfb73,0xfb73,0xfb73,0xfb73,
    0xfb73,0xfb73,0xfb73,0xfb73,0xfb73,0xfb73,0xfb73,0xfb73,0xfb73,0xfb73,0xfb73,0xfb73,
    0xfb73,0xfb73,0xfb73,0xfb73,0xfb73,0xfb73,0xfb73,0xfb73,0xffb6,0xffff,0xffff,0xffff,
    0xffff,0xffff,0xffff,0xffff,0xffff,0xffff,0xffff,0xffff,0xffff,0xffff,0xffff,0xffff,
    0xffff,0xffff,0xffff,0xffff,0xffff,0xffff,0xffff,0xffff,0xffff,0xffff,0xffff,0xffff,
    0xffff,0xffff,0xffff,0xffff,0xffff,0xffff,0xffff,0xffff,0xffff,0xffff,0xffff,0xffff,
    0xffff,0xffff,0xffff,0xffff,0xffff,0xffff,0xffff,0xffff,0xffff,0xffff,0xffff,0xffff,
    0xffff,0xffff,0xffff,0xffff,0xffff,0xffff,0xffff,0xffff,0xffff,0xffff,0xffff,0xffff,
    0xffff,0xffff,0xffff,0xffff,0xffff,0xffff,0xffff,0xffff,0xffff,0xffff,0xffff,0xffff,
    0xffff,0xffff,0xffff,0xffff,0xff2f,0xffff,0xffff,0xffff,0xffff,0xffff,0xffff,0xffff,
    0xffff,0xffff,0xffff,0xffff,0xffff,0xffff,0xffff,0xffff,0xffff,0xffff,0xffff,0xffff,
    0xffff,0xffff,0xffff,0xffff,0xffff,0xffff,0xffff,0xffff,0xffff,0xffff,0xffff,0xffff,
    0xffff,0xffff,0xffff,0xffff,0xffff,0xffff,0xffff,0xffff,0xffff,0xffff,0xffff,0xffff,
    0xffff,0xffff,0xffff,0xffff,0xffff,0xfb73,0xff8e,0xff8e,0xff8e,0xff8e,0xff90,0xffdc,
    0xffff,0xffff,0xffff,0xffff,0xffff,0xffff,0xffff,0xffff,0xffff,0xffff,0xffff,0xffff,
    0xffff,0xffff,0xffff,0xffff,0xffff,0xffff,0xffff,0xffff,0xffff,0xffff,0xffff,0xffff,
    0xffff,0xffff,0xffff,0xffff,0xffff,0xffff,0xffdb,0xffb7,0xffb7,0xffb9,0xffdb,0xffff,
    0xffff,0xffff,0xffff,0xffff,0xffff,0xffff,0xffff,0xffff,0xffff,0xffff,0xffff,0xffff,
    0xffff,0xffff,0xffff,0xffff,0xffff,0xffff,0xffff,0xffff,0xffff,0xffff,0xffff,0xffff,
    0xffff,0xffff,0xffff,0xff95,0xfb73,0xfb73,0xfb73,0xfb73,0xfb73,0xfb73,0xfb73,0xfb73,
    0xfb73,0xfb73,0xfb73,0xfb73,0xfb73,0xfb73,0xfb73,0xfb73,0xfb73,0xfb73,0xfb73,0xfb73,
    0xfb73,0xfb73,0xfb73,0xfb73,0xfb73,0xfb73,0xfb73,0xfb73,0xfb73,0xfb73,0xfb73,0xfb73,
    0xfb73,0xfb73,0xfb73,0xfb73,0xfb73,0xfb73,0xfb73,0xfb73,0xfb73,0xfb73,0xfb73,0xfb73,
    0xfb73,0xfb73,0xfb73,0xfb73,0xfb73,0xfb73,0xfb73,0xfb73,0xfb73,0xfb73,0xfb73,0xfb73,
    0xffb6,0xffff,0xffff,0xffff,0xffff,0xffff,0xffff,0xffff,0xffff,0xffff,0xffff,0xffff,
    0xffff,0xffff,0xffff,0xffff,0xffff,0xffff,0xffff,0xffff,0xffff,0xffff,0xffff,0xffff,
    0xffff,0xffff,0xffff,0xffff,0xffff,0xffff,0xffff,0xffff,0xffff,0xffff,0xffff,0xffdc,
    0xff8e,0xfee9,0xfee9,0xff2e,0xff95,0xffff,0xffff,0xffff,0xffff,0xffff,0xffff,0xffff,
    0xffff,0xffff,0xffff,0xffff,0xffff,0xffff,0xffff,0xffff,0xffff,0xffff,0xffff,0xffff,
    0xffff,0xffff,0xffff,0xffff,0xffff,0xffff,0xffff,0xffff,0xffff,0xffff,0xffff,0xffff,
    0xffff,0xffff,0xffff,0xffff,0xffff,0xffff,0xffff,0xffff,0xff51,0xffff,0xffff,0xffff,
    0xffff,0xffff,0xffff,0xffff,0xffff,0xffff,0xffff,0xffff,0xffff,0xffff,0xffff,0xffff,
    0xffff,0xffff,0xffff,0xffff,0xffff,0xffff,0xffff,0xffff,0xffff,0xffff,0xffff,0xffff,
    0xffff,0xffff,0xffff,0xffff,0xffff,0xffff,0xffff,0xffff,0xffff,0xffff,0xffff,0xffff,
    0xffff,0xffff,0xffff,0xffff,0xffff,0xffff,0xffff,0xffff,0xffff,0xffff,0xffb9,0xff94,
    0xff94,0xffb6,0xfffd,0xffff,0xffff,0xffff,0xffff,0xffff,0xffff,0xffff,0xffff,0xffff,
    0xffff,0xffff,0xffff,0xffff,0xffff,0xffff,0xffff,0xffff,0xffff,0xffff,0xffff,0xffff,
    0xffff,0xffff,0xffff,0xffff,0xffff,0xffff,0xffff,0xffff,0xffff,0xffb9,0xffb7,0xffb7,
    0xffb7,0xffb7,0xffb7,0xffdb,0xffff,0xffff,0xffff,0xffff,0xffff,0xffff,0xffff,0xffff,
    0xffff,0xffff,0xffff,0xffff,0xffff,0xffff,0xffff,0xffff,0xffff,0xffff,0xffff,0xffff,
    0xffff,0xffff,0xffff,0xffff,0xffff,0xffff,0xffff,0xff95,0xfb73,0xfb73,0xfb73,0xfb73,
    0xfb73,0xfb73,0xfb73,0xfb73,0xfb73,0xfb73,0xfb73,0xfb73,0xfb73,0xfb73,0xfb73,0xfb73,
    0xfb73,0xfb73,0xfb73,0xfb73,0xfb73,0xfb73,0xfb73,0xfb73,0xfb73,0xfb73,0xfb73,0xfb73,
    0xfb73,0xfb73,0xfb73,0xfb73,0xfb73,0xfb73,0xfb73,0xfb73,0xfb73,0xfb73,0xfb73,0xfb73,
    0xfb73,0xfb73,0xfb73,0xfb73,0xfb73,0xfb73,0xfb73,0xfb73,0xfb73,0xfb73,0xfb73,0xfb73,
    0xfb73,0xfb73,0xfb73,0xfb73,0xffb6,0xffff,0xffff,0xffff,0xffff,0xffff,0xffff,0xffff,
    0xffff,0xffff,0xffff,0xffff,0xffff,0xffff,0xffff,0xffff,0xffff,0xffff,0xffff,0xffff,
    0xffff,0xffff,0xffff,0xffff,0xffff,0xffff,0xffff,0xffff,0xffff,0xffff,0xffff,0xffff,
    0xffff,0xffff,0xffdb,0xfee9,0xfee9,0xfee9,0xfee9,0xfee9,0xfee9,0xff90,0xffff,0xffff,
    0xffff,0xffff,0xffff,0xffff,0xffff,0xffff,0xffff,0xffff,0xffff,0xffff,0xffff,0xffff,
    0xffff,0xffff,0xffff,0xffff,0xffff,0xffff,0xffff,0xffff,0xffff,0xffff,0xffff,0xffff,
    0xffff,0xffff,0xffff,0xffff,0xffff,0xffff,0xffff,0xffff,0xffff,0xffff,0xffff,0xffff,
    0xff51,0xffff,0xffff,0xffff,0xffff,0xffff,0xffff,0xffff,0xffff,0xffff,0xffff,0xffff,
    0xffff,0xffff,0xffff,0xffff,0xffff,0xffff,0xffff,0xffff,0xffff,0xffff,0xffff,0xffff,
    0xffff,0xffff,0xffff,0xffff,0xffff,0xffff,0xffff,0xffff,0xffff,0xffff,0xffff,0xffff,
    0xffff,0xffff,0xffff,0xffff,0xffff,0xffff,0xffff,0xffff,0xffff,0xffff,0xffff,0xffff,
    0xffff,0xffff,0xffff,0xffff,0xffff,0xffff,0xffff,0xffff,0xffff,0xffff,0xffff,0xffff,
    0xffff,0xffff,0xffff,0xffff,0xffff,0xffff,0xffff,0xffff,0xffff,0xffff,0xffff,0xffff,
    0xffff,0xffff,0xffff,0xffff,0xffff,0xffff,0xffff,0xffff,0xffff,0xffff,0xffff,0xffff,
    0xffdc,0xffb7,0xffb7,0xffb7,0xffb7,0xffb7,0xffb7,0xffb7,0xffff,0xffff,0xffff,0xffff,
    0xffff,0xffff,0xffff,0xffff,0xffff,0xffff,0xffff,0xffff,0xffff,0xffff,0xffff,0xffff,
    0xffff,0xffff,0xffff,0xffff,0xffff,0xffff,0xffff,0xffff,0xffff,0xffff,0xffff,0xff95,
    0xfb73,0xfb73,0xfb73,0xfb73,0xfb73,0xfb73,0xfb73,0xfb73,0xfb73,0xfb73,0xfb73,0xfb73,
    0xfb73,0xfb73,0xfb73,0xfb73,0xfb73,0xfb73,0xfb73,0xfb73,0xfb73,0xfb73,0xfb73,0xfb73,
    0xfb73,0xfb73,0xfb73,0xfb73,0xfb73,0xfb73,0xfb73,0xfb73,0xfb73,0xfb73,0xfb73,0xfb73,
    0xfb73,0xfb73,0xfb73,0xfb73,0xfb73,0xfb73,0xfb73,0xfb73,0xfb73,0xfb73,0xfb73,0xfb73,
    0xfb73,0xfb73,0xfb73,0xfb73,0xfb73,0xfb73,0xfb73,0xfb73,0xffb6,0xffff,0xffff,0xffff,
    0xffff,0xffff,0xffff,0xffff,0xffff,0xffff,0xffff,0xffff,0xffff,0xffff,0xffff,0xffff,
    0xffff,0xffff,0xffff,0xffff,0xffff,0xffff,0xffff,0xffff,0xffff,0xffff,0xffff,0xffff,
    0xffff,0xffff,0xffff,0xffff,0xffff,0xffff,0xff2e,0xfee9,0xfee9,0xfee9,0xfee9,0xfee9,
    0xfee9,0xfee9,0xffb9,0xffff,0xffff,0xffff,0xffff,0xffff,0xffff,0xffff,0xffff,0xffff,
    0xffff,0xffff,0xffff,0xffff,0xffff,0xffff,0xffff,0xffff,0xffff,0xffff,0xffff,0xffff,
    0xffff,0xffff,0xffff,0xffff,0xffff,0xffff,0xffff,0xffff,0xffff,0xffff,0xffff,0xffff,
    0xffff,0xffff,0xffff,0xffff,0xff53,0xffff,0xffff,0xffff,0xffff,0xffff,0xffff,0xffff,
    0xffff,0xffff,0xffff,0xffff,0xffff,0xffff,0xffff,0xffff,0xffff,0xffff,0xffff,0xffff,
    0xffff,0xffff,0xffff,0xffff,0xffff,0xffff,0xffff,0xffff,0xffff,0xffff,0xffff,0xffff,
    0xffff,0xffff,0xffff,0xffff,0xffff,0xffff,0xffff,0xffff,0xffff,0xffff,0xffff,0xffff,
    0xffff,0xffff,0xffff,0xffff,0xffff,0xffff,0xffff,0xffff,0xffff,0xffff,0xffff,0xffff,
    0xffff,0xffff,0xffff,0xffff,0xffff,0xffff,0xffff,0xffff,0xffff,0xffff,0xffff,0xffff,
    0xffff,0xffff,0xffff,0xffff,0xffff,0xffff,0xffff,0xffff,0xffff,0xffff,0xffff,0xffff,
    0xffff,0xffff,0xffff,0xffff,0xffdb,0xffb7,0xffb7,0xffb7,0xffb7,0xffb7,0xffb7,0xffb7,
    0xfffe,0xffff,0xffff,0xffff,0xffff,0xffff,0xffff,0xffff,0xffff,0xffff,0xffff,0xffff,
    0xffff,0xffff,0xffff,0xffff,0xffff,0xffff,0xffff,0xffff,0xffff,0xffff,0xffff,0xffff,
    0xffff,0xffff,0xffff,0xff95,0xfb73,0xfb73,0xfb73,0xfb73,0xfb73,0xfb73,0xfb73,0xfb73,
    0xfb73,0xfb73,0xfb73,0xfb73,0xfb73,0xfb73,0xfb73,0xfb73,0xfb73,0xfb73,0xfb73,0xfb73,
    0xfb73,0xfb73,0xfb73,0xfb73,0xfb73,0xfb73,0xfb73,0xfb73,0xfb73,0xfb73,0xfb73,0xfb73,
    0xfb73,0xfb73,0xfb73,0xfb73,0xfb73,0xfb73,0xfb73,0xfb73,0xfb73,0xfb73,0xfb73,0xfb73,
    0xfb73,0xfb73,0xfb73,0xfb73,0xfb73,0xfb73,0xfb73,0xfb73,0xfb73,0xfb73,0xfb73,0xfb73,
    0xffb6,0xffff,0xffff,0xffff,0xffff,0xffff,0xffff,0xffff,0xffff,0xffff,0xffff,0xffff,
    0xffff,0xffff,0xffff,0xffff,0xffff,0xffff,0xffff,0xffff,0xffff,0xffff,0xffff,0xffff,
    0xffff,0xffff,0xffff,0xffff,0xffff,0xffff,0xffff,0xffff,0xffff,0xffff,0xfee9,0xfee9,
    0xfee9,0xfee9,0xfee9,0xfee9,0xfee9,0xfee9,0xff94,0xffff,0xffff,0xffff,0xffff,0xffff,
    0xffff,0xffff,0xffff,0xffff,0xffff,0xffff,0xffff,0xffff,0xffff,0xffff,0xffff,0xffff,
    0xffff,0xffff,0xffff,0xffff,0xffff,0xffff,0xffff,0xffff,0xffff,0xffff,0xffff,0xffff,
    0xffff,0xffff,0xffff,0xffff,0xffff,0xffff,0xffff,0xffff,0xff53,0xffff,0xffff,0xffff,
    0xffff,0xffff,0xffff,0xffff,0xffff,0xffff,0xffff,0xffff,0xffff,0xffff,0xffff,0xffff,
    0xffff,0xffff,0xffff,0xffff,0xffff,0xffff,0xffff,0xffff,0xffff,0xffff,0xffff,0xffff,
    0xffff,0xffff,0xffff,0xffff,0xffff,0xffff,0xffff,0xffff,0xffff,0xffff,0xffff,0xffff,
    0xffff,0xffff,0xffff,0xffff,0xffff,0xffff,0xffff,0xffff,0xffff,0xffff,0xffff,0xffff,
    0xffff,0xffff,0xffff,0xffff,0xffff,0xffff,0xffff,0xffff,0xffff,0xffff,0xffff,0xffff,
    0xffff,0xffff,0xffff,0xffff,0xffff,0xffff,0xffff,0xffff,0xffff,0xffff,0xffff,0xffff,
    0xffff,0xffff,0xffff,0xffff,0xffff,0xffff,0xffff,0xffff,0xffdb,0xffb7,0xffb7,0xffb7,
    0xffb7,0xffb7,0xffb7,0xffb7,0xfffd,0xffff,0xffff,0xffff,0xffff,0xffff,0xffff,0xffff,
    0xffff,0xffff,0xffff,0xffff,0xffff,0xffff,0xffff,0xffff,0xffff,0xffff,0xffff,0xffff,
    0xffff,0xffff,0xffff,0xffff,0xffff,0xffff,0xffff,0xff95,0xfb73,0xfb73,0xfb73,0xfb73,
    0xfb73,0xfb73,0xfb73,0xfb73,0xfb73,0xfb73,0xfb73,0xfb73,0xfb73,0xfb73,0xfb73,0xfb73,
    0xfb73,0xfb73,0xfb73,0xfb73,0xfb73,0xfb73,0xfb73,0xfb73,0xfb73,0xfb73,0xfb73,0xfb73,
    0xfb73,0xfb73,0xfb73,0xfb73,0xfb73,0xfb73,0xfb73,0xfb73,0xfb73,0xfb73,0xfb73,0xfb73,
    0xfb73,0xfb73,0xfb73,0xfb73,0xfb73,0xfb73,0xfb73,0xfb73,0xfb73,0xfb73,0xfb73,0xfb73,
    0xfb73,0xfb73,0xfb73,0xfb73,0xffb6,0xffff,0xffff,0xffff,0xffff,0xffff,0xffff,0xffff,
    0xffff,0xffff,0xffff,0xffff,0xffff,0xffff,0xffff,0xffff,0xffff,0xffff,0xffff,0xffff,
    0xffff,0xffff,0xffff,0xffff,0xffff,0xffff,0xffff,0xffff,0xffff,0xffff,0xffff,0xffff,
    0xffff,0xffff,0xfee9,0xfee9,0xfee9,0xfee9,0xfee9,0xfee9,0xfee9,0xfee9,0xff94,0xffff,
    0xffff,0xffff,0xffff,0xffff,0xffff,0xffff,0xffff,0xffff,0xffff,0xffff,0xffff,0xffff,
    0xffff,0xffff,0xffff,0xffff,0xffff,0xffff,0xffff,0xffff,0xffff,0xffff,0xffff,0xffff,
    0xffff,0xffff,0xffff,0xffff,0xffff,0xffff,0xffff,0xffff,0xffff,0xffff,0xffff,0xffff,
    0xff75,0xffff,0xffff,0xffff,0xffff,0xffff,0xffff,0xffff,0xffff,0xffff,0xffff,0xffff,
    0xffff,0xffff,0xffff,0xffff,0xffff,0xffff,0xffff,0xffff,0xffff,0xffff,0xffff,0xffff,
    0xffff,0xffff,0xffff,0xffff,0xffff,0xffff,0xffff,0xffff,0xffff,0xffff,0xffff,0xffff,
    0xffff,0xffff,0xffff,0xffff,0xffff,0xffff,0xffff,0xffff,0xffff,0xffff,0xffff,0xffff,
    0xffff,0xffff,0xffff,0xffff,0xffff,0xffff,0xffff,0xffff,0xffff,0xffff,0xffff,0xffff,
    0xffff,0xffff,0xffff,0xffff,0xffff,0xffff,0xffff,0xffff,0xffff,0xffff,0xffff,0xffff,
    0xffff,0xffff,0xffff,0xffff,0xffff,0xffff,0xffff,0xffff,0xffff,0xffff,0xffff,0xffff,
    0xffdc,0xffb7,0xffb7,0xffb7,0xffb7,0xffb7,0xffb7,0xffb7,0xfffe,0xffff,0xffff,0xffff,
    0xffff,0xffff,0xffff,0xffff,0xffff,0xffff,0xffff,0xffff,0xffff,0xffff,0xffff,0xffff,
    0xffff,0xffff,0xffff,0xffff,0xffff,0xffff,0xffff,0xffff,0xffff,0xffff,0xffff,0xffb6,
    0xfb73,0xfb73,0xfb73,0xfb73,0xfb73,0xfb73,0xfb73,0xfb73,0xfb73,0xfb73,0xfb73,0xfb73,
    0xfb73,0xfb73,0xfb73,0xfb73,0xfb73,0xfb73,0xfb73,0xfb73,0xfb73,0xfb73,0xfb73,0xfb73,
    0xfb73,0xfb73,0xfb73,0xfb73,0xfb73,0xfb73,0xfb73,0xfb73,0xfb73,0xfb73,0xfb73,0xfb73,
    0xfb73,0xfb73,0xfb73,0xfb73,0xfb73,0xfb73,0xfb73,0xfb73,0xfb73,0xfb73,0xfb73,0xfb73,
    0xfb73,0xfb73,0xfb73,0xfb73,0xfb73,0xfb73,0xfb73,0xfb73,0xffb7,0xffff,0xffff,0xffff,
    0xffff,0xffff,0xffff,0xffff,0xffff,0xffff,0xffff,0xffff,0xffff,0xffff,0xffff,0xffff,
    0xffff,0xffff,0xffff,0xffff,0xffff,0xffff,0xffff,0xffff,0xffff,0xffff,0xffff,0xffff,
    0xffff,0xffff,0xffff,0xffff,0xffff,0xffff,0xfee9,0xfee9,0xfee9,0xfee9,0xfee9,0xfee9,
    0xfee9,0xfee9,0xff94,0xffff,0xffff,0xffff,0xffff,0xffff,0xffff,0xffff,0xffff,0xffff,
    0xffff,0xffff,0xffff,0xffff,0xffff,0xffff,0xffff,0xffff,0xffff,0xffff,0xffff,0xffff,
    0xffff,0xffff,0xffff,0xffff,0xffff,0xffff,0xffff,0xffff,0xffff,0xffff,0xffff,0xffff,
    0xffff,0xffff,0xffff,0xffff,0xff75,0xffff,0xffff,0xffff,0xffff,0xffff,0xffff,0xffff,
    0xffff,0xffff,0xffff,0xffff,0xffff,0xffff,0xffff,0xffff,0xffff,0xffff,0xffff,0xffff,
    0xffff,0xffff,0xffff,0xffff,0xffff,0xffff,0xffff,0xffff,0xffff,0xffff,0xffff,0xffff,
    0xffff,0xffff,0xffff,0xffff,0xffff,0xffff,0xffff,0xffff,0xffff,0xffff,0xffff,0xffff,
    0xffff,0xffff,0xffff,0xffff,0xffff,0xffff,0xffff,0xffff,0xffff,0xffff,0xffff,0xffff,
    0xffff,0xffff,0xffff,0xffff,0xffff,0xffff,0xffff,0xffff,0xffff,0xffff,0xffff,0xffff,
    0xffff,0xffff,0xffff,0xffff,0xffff,0xffff,0xffff,0xffff,0xffff,0xffff,0xffff,0xffff,
    0xffff,0xffff,0xffff,0xffff,0xffff,0xffb9,0xffb7,0xffb7,0xffb7,0xffb7,0xffb7,0xffdb,
    0xffff,0xffff,0xffff,0xffff,0xffff,0xffff,0xffff,0xffff,0xffff,0xffff,0xffff,0xffff,
    0xffff,0xffff,0xffff,0xffff,0xffff,0xffff,0xffff,0xffff,0xffff,0xffff,0xffff,0xffff,
    0xffff,0xffff,0xffff,0xffdb,0xfb73,0xfb73,0xfb73,0xfb73,0xfb73,0xfb73,0xfb73,0xfb73,
    0xfb73,0xfb73,0xfb73,0xfb73,0xfb73,0xfb73,0xfb73,0xfb73,0xfb73,0xfb73,0xfb73,0xfb73,
    0xfb73,0xfb73,0xfb73,0xfb73,0xfb73,0xfb73,0xfb73,0xfb73,0xfb73,0xfb73,0xfb73,0xfb73,
    0xfb73,0xfb73,0xfb73,0xfb73,0xfb73,0xfb73,0xfb73,0xfb73,0xfb73,0xfb73,0xfb73,0xfb73,
    0xfb73,0xfb73,0xfb73,0xfb73,0xfb73,0xfb73,0xfb73,0xfb73,0xfb73,0xfb73,0xfb73,0xfb73,
    0xffdc,0xffff,0xffff,0xffff,0xffff,0xffff,0xffff,0xffff,0xffff,0xffff,0xffff,0xffff,
    0xffff,0xffff,0xffff,0xffff,0xffff,0xffff,0xffff,0xffff,0xffff,0xffff,0xffff,0xffff,
    0xffff,0xffff,0xffff,0xffff,0xffff,0xffff,0xffff,0xffff,0xffff,0xffff,0xff90,0xfee9,
    0xfee9,0xfee9,0xfee9,0xfee9,0xfee9,0xfee9,0xffdc,0xffff,0xffff,0xffff,0xffff,0xffff,
    0xffff,0xffff,0xffff,0xffff,0xffff,0xffff,0xffff,0xffff,0xffff,0xffff,0xffff,0xffff,
    0xffff,0xffff,0xffff,0xffff,0xffff,0xffff,0xffff,0xffff,0xffff,0xffff,0xffff,0xffff,
    0xffff,0xffff,0xffff,0xffff,0xffff,0xffff,0xffff,0xffff,0xff97,0xffff,0xffff,0xffff,
    0xffff,0xffff,0xffff,0xffff,0xffff,0xffff,0xffff,0xffff,0xffff,0xffff,0xffff,0xffff,
    0xffff,0xffff,0xffff,0xffff,0xffff,0xffff,0xffff,0xffff,0xffff,0xffff,0xffff,0xffff,
    0xffff,0xffff,0xffff,0xffff,0xffff,0xffff,0xffff,0xffff,0xffff,0xffff,0xffff,0xffff,
    0xffff,0xffff,0xffff,0xffff,0xffff,0xffff,0xffff,0xffff,0xffff,0xffff,0xffff,0xffff,
    0xffff,0xffff,0xffff,0xffff,0xffff,0xffff,0xffff,0xffff,0xffff,0xffff,0xffff,0xffff,
    0xffff,0xffff,0xffff,0xffff,0xffff,0xffff,0xffff,0xffff,0xffff,0xffff,0xffff,0xffff,
    0xffff,0xffff,0xffff,0xffff,0xffff,0xffff,0xffff,0xffff,0xffff,0xffff,0xffdb,0xffb7,
    0xffb7,0xffb9,0xffdc,0xffff,0xffff,0xffff,0xffff,0xffff,0xffff,0xffff,0xffff,0xffff,
    0xffff,0xffff,0xffff,0xffff,0xffff,0xffff,0xffff,0xffff,0xffff,0xffff,0xffff,0xffff,
    0xffff,0xffff,0xffff,0xffff,0xffff,0xffff,0xffff,0xffff,0xffb9,0xfb73,0xfb73,0xfb73,
    0xfb73,0xfb73,0xfb73,0xfb73,0xfb73,0xfb73,0xfb73,0xfb73,0xfb73,0xfb73,0xfb73,0xfb73,
    0xfb73,0xfb73,0xfb73,0xfb73,0xfb73,0xfb73,0xfb73,0xfb73,0xfb73,0xfb73,0xfb73,0xfb73,
    0xfb73,0xfb73,0xfb73,0xfb73,0xfb73,0xfb73,0xfb73,0xfb73,0xfb73,0xfb73,0xfb73,0xfb73,
    0xfb73,0xfb73,0xfb73,0xfb73,0xfb73,0xfb73,0xfb73,0xfb73,0xfb73,0xfb73,0xfb73,0xfb73,
    0xfb73,0xfb73,0xfb73,0xffb9,0xffff,0xffff,0xffff,0xffff,0xffff,0xffff,0xffff,0xffff,
    0xffff,0xffff,0xffff,0xffff,0xffff,0xffff,0xffff,0xffff,0xffff,0xffff,0xffff,0xffff,
    0xffff,0xffff,0xffff,0xffff,0xffff,0xffff,0xffff,0xffff,0xffff,0xffff,0xffff,0xffff,
    0xffff,0xffff,0xffff,0xff2e,0xfee9,0xfee9,0xfee9,0xfee9,0xfee9,0xffb6,0xffff,0xffff,
    0xffff,0xffff,0xffff,0xffff,0xffff,0xffff,0xffff,0xffff,0xffff,0xffff,0xffff,0xffff,
    0xffff,0xffff,0xffff,0xffff,0xffff,0xffff,0xffff,0xffff,0xffff,0xffff,0xffff,0xffff,
    0xffff,0xffff,0xffff,0xffff,0xffff,0xffff,0xffff,0xffff,0xffff,0xffff,0xffff,0xffff,
    0xff97,0xffff,0xffff,0xffff,0xffff,0xffff,0xffff,0xffff,0xffff,0xffff,0xffff,0xffff,
    0xffff,0xffff,0xffff,0xffff,0xffff,0xffff,0xffff,0xffff,0xffff,0xffff,0xffff,0xffff,
    0xffff,0xffff,0xffff,0xffff,0xffff,0xffff,0xffff,0xffff,0xffff,0xffff,0xffff,0xffff,
    0xffff,0xffff,0xffff,0xffff,0xffff,0xffff,0xffff,0xffff,0xffff,0xffff,0xffff,0xffff,
    0xffff,0xffff,0xffff,0xffff,0xffff,0xffff,0xffff,0xffff,0xffff,0xffff,0xffff,0xffff,
    0xffff,0xffff,0xffff,0xffff,0xffff,0xffff,0xffff,0xffff,0xffff,0xffff,0xffff,0xffff,
    0xffff,0xffff,0xffff,0xffff,0xffff,0xffff,0xffff,0xffff,0xffff,0xffff,0xffff,0xffff,
    0xffff,0xffff,0xffff,0xffff,0xffff,0xffff,0xffff,0xffff,0xffff,0xffff,0xffff,0xffff,
    0xffff,0xffff,0xffff,0xffff,0xffff,0xffff,0xffff,0xffff,0xffff,0xffff,0xffff,0xffff,
    0xffff,0xffff,0xffff,0xffff,0xffff,0xffff,0xffff,0xffff,0xffff,0xffff,0xffff,0xffff,
    0xffff,0xffdb,0xff95,0xff94,0xff94,0xff94,0xff94,0xff94,0xff94,0xff94,0xff94,0xff94,
    0xff94,0xff94,0xff94,0xff94,0xff94,0xff94,0xff94,0xff94,0xff94,0xff94,0xff94,0xff94,
    0xff94,0xff94,0xff94,0xff94,0xff94,0xff94,0xff94,0xff94,0xff94,0xff94,0xff94,0xff94,
    0xff94,0xff94,0xff94,0xff94,0xff94,0xff94,0xff94,0xff94,0xff94,0xff94,0xff94,0xff94,
    0xff94,0xff94,0xff94,0xff94,0xff94,0xffb7,0xffdc,0xffff,0xffff,0xffff,0xffff,0xffff,
    0xffff,0xffff,0xffff,0xffff,0xffff,0xffff,0xffff,0xffff,0xffff,0xffff,0xffff,0xffff,
    0xffff,0xffff,0xffff,0xffff,0xffff,0xffff,0xffff,0xffff,0xffff,0xffff,0xffff,0xffff,
    0xffff,0xffff,0xffff,0xffff,0xffff,0xffff,0xffff,0xffff,0xffb6,0xff8e,0xff2e,0xfb73,
    0xffdc,0xffff,0xffff,0xffff,0xffff,0xffff,0xffff,0xffff,0xffff,0xffff,0xffff,0xffff,
    0xffff,0xffff,0xffff,0xffff,0xffff,0xffff,0xffff,0xffff,0xffff,0xffff,0xffff,0xffff,
    0xffff,0xffff,0xffff,0xffff,0xffff,0xffff,0xffff,0xffff,0xffff,0xffff,0xffff,0xffff,
    0xffff,0xffff,0xffff,0xffff,0xffb9,0xffff,0xffff,0xffff,0xffff,0xffff,0xffff,0xffff,
    0xffff,0xffff,0xffff,0xffff,0xffff,0xffff,0xffff,0xffff,0xffff,0xffff,0xffff,0xffff,
    0xffff,0xffff,0xffff,0xffff,0xffff,0xffff,0xffff,0xffff,0xffff,0xffff,0xffff,0xffff,
    0xffff,0xffff,0xffff,0xffff,0xffff,0xffff,0xffff,0xffff,0xffff,0xffff,0xffff,0xffff,
    0xffff,0xffff,0xffff,0xffff,0xffff,0xffff,0xffff,0xffff,0xffff,0xffff,0xffff,0xffff,
    0xffff,0xffff,0xffff,0xffff,0xffff,0xffff,0xffff,0xffff,0xffff,0xffff,0xffff,0xffff,
    0xffff,0xffff,0xffff,0xffff,0xffff,0xffff,0xffff,0xffff,0xffff,0xffff,0xffff,0xffff,
    0xffff,0xffff,0xffff,0xffff,0xffff,0xffff,0xffff,0xffff,0xffff,0xffff,0xffff,0xffff,
    0xffff,0xffff,0xffff,0xffff,0xffff,0xffff,0xffff,0xffff,0xffff,0xffff,0xffff,0xffff,
    0xffff,0xffff,0xffff,0xffff,0xffff,0xffff,0xffff,0xffff,0xffff,0xffff,0xffff,0xffff,
    0xffff,0xffff,0xffff,0xffff,0xffff,0xffff,0xffff,0xffff,0xffff,0xffff,0xffff,0xffff,
    0xffff,0xffff,0xffff,0xffff,0xffff,0xffff,0xffff,0xffff,0xffff,0xffff,0xffff,0xffff,
    0xffff,0xffff,0xffff,0xffff,0xffff,0xffff,0xffff,0xffff,0xffff,0xffff,0xffff,0xffff,
    0xffff,0xffff,0xffff,0xffff,0xffff,0xffff,0xffff,0xffff,0xffff,0xffff,0xffff,0xffff,
    0xffff,0xffff,0xffff,0xffff,0xffff,0xffff,0xffff,0xffff,0xffff,0xffff,0xffff,0xffff,
    0xffff,0xffff,0xffff,0xffff,0xffff,0xffff,0xffff,0xffff,0xffff,0xffff,0xffff,0xffff,
    0xffff,0xffff,0xffdc,0xffb7,0xffb7,0xffb9,0xffff,0xffff,0xffff,0xffff,0xffff,0xffff,
    0xffff,0xffff,0xffff,0xffff,0xffff,0xffff,0xffff,0xffff,0xffff,0xffff,0xffff,0xffff,
    0xffff,0xffff,0xffff,0xffff,0xffff,0xffff,0xffff,0xffff,0xffff,0xffff,0xffff,0xffff,
    0xffff,0xffff,0xffff,0xffff,0xffff,0xffff,0xffff,0xffff,0xffff,0xffff,0xffff,0xffff,
    0xffff,0xffff,0xffff,0xffff,0xffff,0xffff,0xffff,0xffff,0xffff,0xffff,0xffff,0xffff,
    0xffff,0xffff,0xffff,0xffff,0xffff,0xffff,0xffff,0xffff,0xffb9,0xffff,0xffff,0xffff,
    0xffff,0xffff,0xffff,0xffff,0xffff,0xffff,0xffff,0xffff,0xffff,0xffff,0xffff,0xffff,
    0xffff,0xffff,0xffff,0xffff,0xffff,0xffff,0xffff,0xffff,0xffff,0xffff,0xffff,0xffff,
    0xffff,0xffff,0xffff,0xffff,0xffff,0xffff,0xffff,0xffff,0xffff,0xffff,0xffff,0xffff,
    0xffff,0xffff,0xffff,0xffff,0xffff,0xffff,0xffff,0xffff,0xffff,0xffff,0xffff,0xffff,
    0xffff,0xffff,0xffff,0xffff,0xffff,0xffff,0xffff,0xffff,0xffff,0xffff,0xffff,0xffff,
    0xffff,0xffff,0xffff,0xffff,0xffff,0xffff,0xffff,0xffff,0xffff,0xffff,0xffff,0xffff,
    0xffff,0xffff,0xffff,0xffff,0xffff,0xffff,0xffff,0xffff,0xffff,0xffff,0xffff,0xffff,
    0xffff,0xffff,0xffff,0xffff,0xffff,0xffff,0xffff,0xffff,0xffff,0xffff,0xffff,0xffff,
    0xffff,0xffff,0xffff,0xffff,0xffff,0xffff,0xffff,0xffff,0xffff,0xffff,0xffff,0xffff,
    0xffff,0xffff,0xffff,0xffff,0xffff,0xffff,0xffff,0xffff,0xffff,0xffff,0xffff,0xffff,
    0xffff,0xffff,0xffff,0xffff,0xffff,0xffff,0xffff,0xffff,0xffff,0xffff,0xffff,0xffff,
    0xffff,0xffff,0xffff,0xffff,0xffff,0xffff,0xffff,0xffff,0xffff,0xffff,0xffff,0xffff,
    0xffff,0xffff,0xffff,0xffff,0xffff,0xffff,0xffff,0xffff,0xffff,0xffff,0xffff,0xffff,
    0xffff,0xffff,0xffff,0xffff,0xffff,0xffff,0xffff,0xffff,0xffff,0xffff,0xffff,0xffff,
    0xffff,0xffff,0xffff,0xffff,0xffff,0xffff,0xffff,0xffff,0xffff,0xffff,0xffff,0xffff,
    0xffff,0xffff,0xffff,0xffff,0xffff,0xffff,0xffb7,0xffb7,0xffb7,0xffb7,0xffdc,0xffff,
    0xffff,0xffff,0xffff,0xffff,0xffff,0xffff,0xffff,0xffff,0xffff,0xffff,0xffff,0xffff,
    0xffff,0xffff,0xffff,0xffff,0xffff,0xffff,0xffff,0xffff,0xffff,0xffff,0xffff,0xffff,
    0xffff,0xffff,0xffff,0xffff,0xffff,0xffff,0xffff,0xffff,0xffff,0xffff,0xffff,0xffff,
    0xffff,0xffff,0xffff,0xffff,0xffff,0xffff,0xffff,0xffff,0xffff,0xffff,0xffff,0xffff,
    0xffff,0xffff,0xffff,0xffff,0xffff,0xffff,0xffff,0xffff,0xffff,0xffff,0xffff,0xffff,
    0xffdb,0xffff,0xffff,0xffff,0xffff,0xffff,0xffff,0xffff,0xffff,0xffff,0xffff,0xffff,
    0xffff,0xffff,0xffff,0xffff,0xffff,0xffff,0xffff,0xffff,0xffff,0xffff,0xffff,0xffff,
    0xffff,0xffff,0xffff,0xffff,0xffff,0xffff,0xffff,0xffff,0xffff,0xffff,0xffff,0xffff,
    0xffff,0xffff,0xffff,0xffff,0xffff,0xffff,0xffff,0xffff,0xffff,0xffff,0xffff,0xffff,
    0xffff,0xffff,0xffff,0xffff,0xffff,0xffff,0xffff,0xffff,0xffff,0xffff,0xffff,0xffff,
    0xffff,0xffff,0xffff,0xffff,0xffff,0xffff,0xffff,0xffff,0xffff,0xffff,0xffff,0xffff,
    0xffff,0xffff,0xffff,0xffff,0xffff,0xffff,0xffff,0xffff,0xffff,0xffff,0xffff,0xffff,
    0xffff,0xffff,0xffff,0xffff,0xffff,0xffff,0xffff,0xffff,0xffff,0xffff,0xffff,0xffff,
    0xffff,0xffff,0xffff,0xffff,0xffff,0xffff,0xffff,0xffff,0xffff,0xffff,0xffff,0xffff,
    0xffff,0xffff,0xffff,0xffff,0xffff,0xffff,0xffff,0xffff,0xffff,0xffff,0xffff,0xffff,
    0xffff,0xffff,0xffff,0xffff,0xffff,0xffff,0xffff,0xffff,0xffff,0xffff,0xffff,0xffff,
    0xffff,0xffff,0xffff,0xffff,0xffff,0xffff,0xffff,0xffff,0xffff,0xffff,0xffff,0xffff,
    0xffff,0xffff,0xffff,0xffff,0xffff,0xffff,0xffff,0xffff,0xffff,0xffff,0xffff,0xffff,
    0xffff,0xffff,0xffff,0xffff,0xffff,0xffff,0xffff,0xffff,0xffff,0xffff,0xffff,0xffff,
    0xffff,0xffff,0xffff,0xffff,0xffff,0xffff,0xffff,0xffff,0xffff,0xffff,0xffff,0xffff,
    0xffff,0xffff,0xffff,0xffff,0xffff,0xffff,0xffff,0xffff,0xffff,0xffff,0xffb7,0xffb7,
    0xffb7,0xffb7,0xffdb,0xffff,0xffff,0xffff,0xffff,0xffff,0xffff,0xffff,0xffff,0xffff,
    0xffff,0xffff,0xffff,0xffff,0xffff,0xffff,0xffff,0xffff,0xffff,0xffff,0xffff,0xffff,
    0xffff,0xffff,0xffff,0xffff,0xffff,0xffff,0xffff,0xffff,0xffff,0xffff,0xffff,0xffff,
    0xffff,0xffff,0xffff,0xffff,0xffff,0xffff,0xffff,0xffff,0xffff,0xffff,0xffff,0xffff,
    0xffff,0xffff,0xffff,0xffff,0xffff,0xffff,0xffff,0xffff,0xffff,0xffff,0xffff,0xffff,
    0xffff,0xffff,0xffff,0xffff,0xffdb,0xffff,0xffff,0xffff,0xffff,0xffff,0xffff,0xffff,
    0xffff,0xffff,0xffff,0xffff,0xffff,0xffff,0xffff,0xffff,0xffff,0xffff,0xffff,0xffff,
    0xffff,0xffff,0xffff,0xffff,0xffff,0xffff,0xffff,0xffff,0xffff,0xffff,0xffff,0xffff,
    0xffff,0xffff,0xffff,0xffff,0xffff,0xffff,0xffff,0xffff,0xffff,0xffff,0xffff,0xffff,
    0xffff,0xffff,0xffff,0xffff,0xffff,0xffff,0xffff,0xffff,0xffff,0xffff,0xffff,0xffff,
    0xffff,0xffff,0xffff,0xffff,0xffff,0xffff,0xffff,0xffff,0xffff,0xffff,0xffff,0xffff,
    0xffff,0xffff,0xffff,0xffff,0xffff,0xffff,0xffff,0xffff,0xffff,0xffff,0xffff,0xffff,
    0xffff,0xffff,0xffff,0xffff,0xffff,0xffff,0xffff,0xffff,0xffff,0xffff,0xffff,0xffff,
    0xffff,0xffff,0xffff,0xffff,0xffff,0xffff,0xffff,0xffff,0xffff,0xffff,0xffff,0xffff,
    0xffff,0xffff,0xffff,0xffff,0xffff,0xffff,0xffff,0xffff,0xffff,0xffff,0xffff,0xffff,
    0xffff,0xffff,0xffff,0xffff,0xffff,0xffff,0xffff,0xffff,0xffff,0xffff,0xffff,0xffff,
    0xffff,0xffff,0xffff,0xffff,0xffff,0xffff,0xffff,0xffff,0xffff,0xffff,0xffff,0xffff,
    0xffff,0xffff,0xffff,0xffff,0xffff,0xffff,0xffff,0xffff,0xffff,0xffff,0xffff,0xffff,
    0xffff,0xffff,0xffff,0xffff,0xffff,0xffff,0xffff,0xffff,0xffff,0xffff,0xffff,0xffff,
    0xffff,0xffff,0xffff,0xffff,0xffff,0xffff,0xffff,0xffff,0xffff,0xffff,0xffff,0xffff,
    0xffff,0xffff,0xffff,0xffff,0xffff,0xffff,0xffff,0xffff,0xffff,0xffff,0xffff,0xffff,
    0xffff,0xffff,0xffb9,0xffb7,0xffb7,0xffb7,0xffdc,0xffff,0xffff,0xffff,0xffff,0xffff,
    0xffff,0xffff,0xffff,0xffff,0xffff,0xffff,0xffff,0xffff,0xffff,0xffff,0xffff,0xffff,
    0xffff,0xffff,0xffff,0xffff,0xffff,0xffff,0xffff,0xffff,0xffff,0xffff,0xffff,0xffff,
    0xffff,0xffff,0xffff,0xffff,0xffff,0xffff,0xffff,0xffff,0xffff,0xffff,0xffff,0xffff,
    0xffff,0xffff,0xffff,0xffff,0xffff,0xffff,0xffff,0xffff,0xffff,0xffff,0xffff,0xffff,
    0xffff,0xffff,0xffff,0xffff,0xffff,0xffff,0xffff,0xffff,0xfffd,0xffff,0xffff,0xffff,
    0xffff,0xffff,0xffff,0xffff,0xffff,0xffff,0xffff,0xffff,0xffff,0xffff,0xffff,0xffff,
    0xffff,0xffff,0xffff,0xffff,0xffff,0xffff,0xffff,0xffff,0xffff,0xffff,0xffff,0xffff,
    0xffff,0xffff,0xffff,0xffff,0xffff,0xffff,0xffff,0xffff,0xffff,0xffff,0xffff,0xffff,
    0xffff,0xffff,0xffff,0xffff,0xffff,0xffff,0xffff,0xffff,0xffff,0xffff,0xffff,0xffff,
    0xffff,0xffff,0xffff,0xffff,0xffff,0xffff,0xffff,0xffff,0xffff,0xffff,0xffff,0xffff,
    0xffff,0xffff,0xffff,0xffff,0xffff,0xffff,0xffff,0xffff,0xffff,0xffff,0xffff,0xffff,
    0xffff,0xffff,0xffff,0xffff,0xffff,0xffff,0xffff,0xffff,0xffff,0xffff,0xffff,0xffff,
    0xffff,0xffff,0xffff,0xffff,0xffff,0xffff,0xffff,0xffff,0xffff,0xffff,0xffff,0xffff,
    0xffff,0xffff,0xffff,0xffff,0xffff,0xffff,0xffff,0xffff,0xffff,0xffff,0xffff,0xffff,
    0xffff,0xffff,0xffff,0xffff,0xffff,0xffff,0xffff,0xffff,0xffff,0xffff,0xffff,0xffff,
    0xffff,0xffff,0xffff,0xffff,0xffff,0xffff,0xffff,0xffff,0xffff,0xffff,0xffff,0xffff,
    0xffff,0xffff,0xffff,0xffff,0xffff,0xffff,0xffff,0xffff,0xffff,0xffff,0xffff,0xffff,
    0xffff,0xffff,0xffff,0xffff,0xffff,0xffff,0xffff,0xffff,0xffff,0xffff,0xffff,0xffff,
    0xffff,0xffff,0xffff,0xffff,0xffff,0xffff,0xffff,0xffff,0xffff,0xffff,0xffff,0xffff,
    0xffff,0xffff,0xffff,0xffff,0xffff,0xffff,0xffff,0xffff,0xffff,0xffff,0xffff,0xffff,
    0xffff,0xffff,0xffff,0xffff,0xffff,0xffff,0xffff,0xffdb,0xffb9,0xffdc,0xffff,0xffff,
    0xffff,0xffff,0xffff,0xffff,0xffff,0xffff,0xffff,0xffff,0xffff,0xffff,0xffff,0xffff,
    0xffff,0xffff,0xffff,0xffff,0xffff,0xffff,0xffff,0xffff,0xffff,0xffff,0xffff,0xffff,
    0xffff,0xffff,0xffff,0xffff,0xffff,0xffff,0xffff,0xffff,0xffff,0xffff,0xffff,0xffff,
    0xffff,0xffff,0xffff,0xffff,0xffff,0xffff,0xffff,0xffff,0xffff,0xffff,0xffff,0xffff,
    0xffff,0xffff,0xffff,0xffff,0xffff,0xffff,0xffff,0xffff,0xffff,0xffff,0xffff,0xffff,
    0xfffd,0xffff,0xffff,0xffff,0xffff,0xffff,0xffff,0xffff,0xffff,0xffff,0xffff,0xffff,
    0xffff,0xffff,0xffff,0xffff,0xffff,0xffff,0xffff,0xffff,0xffff,0xffff,0xffff,0xffff,
    0xffff,0xffff,0xffff,0xffff,0xffff,0xffff,0xffff,0xffff,0xffff,0xffff,0xffff,0xffff,
    0xffff,0xffff,0xffff,0xffff,0xffff,0xffff,0xffff,0xffff,0xffff,0xffff,0xffff,0xffff,
    0xffff,0xffff,0xffff,0xffff,0xffff,0xffff,0xffff,0xffff,0xffff,0xffff,0xffff,0xffff,
    0xffff,0xffff,0xffff,0xffff,0xffff,0xffff,0xffff,0xffff,0xffff,0xffff,0xffff,0xffff,
    0xffff,0xffff,0xffff,0xffff,0xffff,0xffff,0xffff,0xffff,0xffff,0xffff,0xffff,0xffff,
    0xffff,0xffff,0xffff,0xffff,0xffff,0xffff,0xffff,0xffff,0xffff,0xffff,0xffff,0xffff,
    0xffff,0xffff,0xffff,0xffff,0xffff,0xffff,0xffff,0xffff,0xffff,0xffff,0xffff,0xffff,
    0xffff,0xffff,0xffff,0xffff,0xffff,0xffff,0xffff,0xffff,0xffff,0xffff,0xffff,0xffff,
    0xffff,0xffff,0xffff,0xffff,0xffff,0xffff,0xffff,0xffff,0xffff,0xffff,0xffff,0xffff,
    0xffff,0xffff,0xffff,0xffff,0xffff,0xffff,0xffff,0xffff,0xffff,0xffff,0xffff,0xffff,
    0xffff,0xffff,0xffff,0xffff,0xffff,0xffff,0xffff,0xffff,0xffff,0xffff,0xffff,0xffff,
    0xffff,0xffff,0xffff,0xffff,0xffff,0xffff,0xffff,0xffff,0xffff,0xffff,0xffff,0xffff,
    0xffff,0xffff,0xffff,0xffff,0xffff,0xffff,0xffff,0xffff,0xffff,0xffff,0xffff,0xffff,
    0xffff,0xffff,0xffff,0xffff,0xffff,0xffff,0xffff,0xffff,0xffff,0xffff,0xffff,0xffff,
    0xffff,0xffff,0xffff,0xffff,0xffff,0xffff,0xffff,0xffff,0xffff,0xffff,0xffff,0xffff,
    0xffff,0xffff,0xffff,0xffff,0xffff,0xffff,0xffff,0xffff,0xffff,0xffff,0xffff,0xffff,
    0xffff,0xffff,0xffff,0xffff,0xffff,0xffff,0xffff,0xffff,0xffff,0xffff,0xffff,0xffff,
    0xffff,0xffff,0xffff,0xffff,0xffff,0xffff,0xffff,0xffff,0xffff,0xffff,0xffff,0xffff,
    0xffff,0xffff,0xffff,0xffff,0xffff,0xffff,0xffff,0xffff,0xffff,0xffff,0xffff,0xffff,
    0xffff,0xffff,0xffff,0xffff,0xffff,0xffff,0xffff,0xffff,0xffff,0xffff,0xffff,0xffff,
    0xffff,0xffff,0xffff,0xffff,0xffff,0xffff,0xffff,0xffff,0xffff,0xffff,0xffff,0xffff,
    0xffff,0xffff,0xffff,0xffff,0xffff,0xffff,0xffff,0xffff,0xffff,0xffff,0xffff,0xffff,
    0xffff,0xffff,0xffff,0xffff,0xffff,0xffff,0xffff,0xffff,0xffff,0xffff,0xffff,0xffff,
    0xffff,0xffff,0xffff,0xffff,0xffff,0xffff,0xffff,0xffff,0xffff,0xffff,0xffff,0xffff,
    0xffff,0xffff,0xffff,0xffff,0xffff,0xffff,0xffff,0xffff,0xffff,0xffff,0xffff,0xffff,
    0xffff,0xffff,0xffff,0xffff,0xffff,0xffff,0xffff,0xffff,0xffff,0xffff,0xffff,0xffff,
    0xffff,0xffff,0xffff,0xffff,0xffff,0xffff,0xffff,0xffff,0xffff,0xffff,0xffff,0xffff,
    0xffff,0xffff,0xffff,0xffff,0xffff,0xffff,0xffff,0xffff,0xffff,0xffff,0xffff,0xffff,
    0xffff,0xffff,0xffff,0xffff,0xffff,0xffff,0xffff,0xffff,0xffff,0xffff,0xffff,0xffff,
    0xffff,0xffff,0xffff,0xffff,0xffff,0xffff,0xffff,0xffff,0xffff,0xffff,0xffff,0xffff,
    0xffff,0xffff,0xffff,0xffff,0xffff,0xffff,0xffff,0xffff,0xffff,0xffff,0xffff,0xffff,
    0xffff,0xffff,0xffff,0xffff,0xffff,0xffff,0xffff,0xffff,0xffff,0xffff,0xffff,0xffff,
    0xffff,0xffff,0xffff,0xffff,0xffff,0xffff,0xffff,0xffff,0xffff,0xffff,0xffff,0xffff,
    0xffff,0xffff,0xffff,0xffff,0xffff,0xffff,0xffff,0xffff,0xffff,0xffff,0xffff,0xffff,
    0xffff,0xffff,0xffff,0xffff,0xffff,0xffff,0xffff,0xffff,0xffff,0xffff,0xffff,0xffff,
    0xffff,0xffff,0xffff,0xffff,0xffff,0xffff,0xffff,0xffff,0xffff,0xffff,0xffff,0xffff,
    0xffff,0xffff,0xffff,0xffff,0xffff,0xffff,0xffff,0xffff,0xffff,0xffff,0xffff,0xffff,
    0xffff,0xffff,0xffff,0xffff,0xffff,0xffff,0xffff,0xffff,0xffff,0xffff,0xffff,0xffff,
    0xffff,0xffff,0xffff,0xffff,0xffff,0xffff,0xffff,0xffff,0xffff,0xffff,0xffff,0xffff,
    0xffff,0xffff,0xffff,0xffff,0xffff,0xffff,0xffff,0xffff,0xffff,0xffff,0xffff,0xffff,
    0xffff,0xffff,0xffff,0xffff,0xffff,0xffff,0xffff,0xffff,0xffff,0xffff,0xffff,0xffff,
    0xffff,0xffff,0xffff,0xffff,0xffff,0xffff,0xffff,0xffff,0xffff,0xffff,0xffff,0xffff,
    0xffff,0xffff,0xffff,0xffff,0xffff,0xffff,0xffff,0xffff,0xffff,0xffff,0xffff,0xffff,
    0xffff,0xffff,0xffff,0xffff,0xffff,0xffff,0xffff,0xffff,0xffff,0xffff,0xffff,0xffff,
    0xffff,0xffff,0xffff,0xffff,0xffff,0xffff,0xffff,0xffff,0xffff,0xffff,0xffff,0xffff,
    0xffff,0xffff,0xffff,0xffff,0xffff,0xffff,0xffff,0xffff,0xffff,0xffff,0xffff,0xffff,
    0xffff,0xffff,0xffff,0xffff,0xffff,0xffff,0xffff,0xffff,0xffff,0xffff,0xffff,0xffff,
    0xffff,0xffff,0xffff,0xffff,0xffff,0xffff,0xffff,0xffff,0xffff,0xffff,0xffff,0xffff,
    0xffff,0xffff,0xffff,0xffff,0xffff,0xffff,0xffff,0xffff,0xffff,0xffff,0xffff,0xffff,
    0xffff,0xffff,0xffff,0xffff,0xffff,0xffff,0xffff,0xffff,0xffff,0xffff,0xffff,0xffff,
    0xffff,0xffff,0xffff,0xffff,0xffff,0xffff,0xffff,0xffff,0xffff,0xffff,0xffff,0xffff,
    0xffff,0xffff,0xffff,0xffff,0xffff,0xffff,0xffff,0xffff,0xffff,0xffff,0xffff,0xffff,
    0xffff,0xffff,0xffff,0xffff,0xffff,0xffff,0xffff,0xffff,0xffff,0xffff,0xffff,0xffff,
    0xffff,0xffff,0xffff,0xffff,0xffff,0xffff,0xffff,0xffff,0xffff,0xffff,0xffff,0xffff,
    0xffff,0xffff,0xffff,0xffff,0xffff,0xffff,0xffff,0xffff,0xffff,0xffff,0xffff,0xffff,
    0xffff,0xffff,0xffff,0xffff,0xffff,0xffff,0xffff,0xffff,0xffff,0xffff,0xffff,0xffff,
    0xffff,0xffff,0xffff,0xffff,0xffff,0xffff,0xffff,0xffff,0xffff,0xffff,0xffff,0xffff,
    0xffff,0xffff,0xffff,0xffff,0xffff,0xffff,0xffff,0xffff,0xffff,0xffff,0xffff,0xffff,
    0xffff,0xffff,0xffff,0xffff,0xffff,0xffff,0xffff,0xffff,0xffff,0xffff,0xffff,0xffff,
    0xffff,0xffff,0xffff,0xffff,0xffff,0xffff,0xffff,0xffff,0xffff,0xffff,0xffff,0xffff,
    0xffff,0xffff,0xffff,0xffff,0xffff,0xffff,0xffff,0xffff,0xffff,0xffff,0xffff,0xffff,
    0xffff,0xffff,0xffff,0xffff,0xffff,0xffff,0xffff,0xffff,0xffff,0xffff,0xffff,0xffff,
    0xffff,0xffff,0xffff,0xffff,0xffff,0xffff,0xffff,0xffff,0xffff,0xffff,0xffff,0xffff,
    0xffff,0xffff,0xffff,0xffff,0xffff,0xffff,0xffff,0xffff,0xffff,0xffff,0xffff,0xffff,
    0xffff,0xffff,0xffff,0xffff,0xffff,0xffff,0xffff,0xffff,0xffff,0xffff,0xffff,0xffff,
    0xffff,0xffff,0xffff,0xffff,0xffff,0xffff,0xffff,0xffff,0xffff,0xffff,0xffff,0xffff,
    0xffff,0xffff,0xffff,0xffff,0xffff,0xffff,0xffff,0xffff,0xffff,0xffff,0xffff,0xffff,
    0xffff,0xffff,0xffff,0xffff,0xffff,0xffff,0xffff,0xffff,0xffff,0xffff,0xffff,0xffff,
    0xffff,0xffff,0xffff,0xffff,0xffff,0xffff,0xffff,0xffff,0xffff,0xffff,0xffff,0xffff,
    0xffff,0xffff,0xffff,0xffff,0xffff,0xffff,0xffff,0xffff,0xffff,0xffff,0xffff,0xffff,
    0xffff,0xffff,0xffff,0xffff,0xffff,0xffff,0xffff,0xffff,0xffff,0xffff,0xffff,0xffff,
    0xffff,0xffff,0xffff,0xffff,0xffff,0xffff,0xffff,0xffff,0xffff,0xffff,0xffff,0xffff,
    0xffff,0xffff,0xffff,0xffff,0xffff,0xffff,0xffff,0xffff,0xffff,0xffff,0xffff,0xffff,
    0xffff,0xffff,0xffff,0xffff,0xffff,0xffff,0xffff,0xffff,0xffff,0xffff,0xffff,0xffff,
    0xffff,0xffff,0xffff,0xffff,0xffff,0xffff,0xffff,0xffff,0xffff,0xffff,0xffff,0xffff,
    0xffff,0xffff,0xffff,0xffff,0xffff,0xffff,0xffff,0xffff,0xffff,0xffff,0xffff,0xffff,
    0xffff,0xffff,0xffff,0xffff,0xffff,0xffff,0xffff,0xffff,0xffff,0xffff,0xffff,0xffff,
    0xffff,0xffff,0xffff,0xffff,0xffff,0xffff,0xffff,0xffff,0xffff,0xffff,0xffff,0xffff,
    0xffff,0xffff,0xffff,0xffff,0xffff,0xffff,0xffff,0xffff,0xffff,0xffff,0xffff,0xffff,
    0xffff,0xffff,0xffff,0xffff,0xffff,0xffff,0xffff,0xffff,0xffff,0xffff,0xffff,0xffff,
    0xffff,0xffff,0xffff,0xffff,0xffff,0xffff,0xffff,0xffff,0xffff,0xffff,0xffff,0xffff,
    0xffff,0xffff,0xffff,0xffff,0xffff,0xffff,0xffff,0xffff,0xffff,0xffff,0xffff,0xffff,
    0xffff,0xffff,0xffff,0xffff,0xffff,0xffff,0xffff,0xffff,0xffff,0xffff,0xffff,0xffff,
    0xffff,0xffff,0xffff,0xffff,0xffff,0xffff,0xffff,0xffff,0xffff,0xffff,0xffff,0xffff,
    0xffff,0xffff,0xffff,0xffff,0xffff,0xffff,0xffff,0xffff,0xffff,0xffff,0xffff,0xffff,
    0xffff,0xffff,0xffff,0xffff,0xffff,0xffff,0xffff,0xffff,0xffff,0xffff,0xffff,0xffff,
    0xffff,0xffff,0xffff,0xffff,0xffff,0xffff,0xffff,0xffff,0xffff,0xffff,0xffff,0xffff,
    0xffff,0xffff,0xffff,0xffff,0xffff,0xffff,0xffff,0xffff,0xffff,0xffff,0xffff,0xffff,
    0xffff,0xffff,0xffff,0xffff,0xffff,0xffff,0xffff,0xffff,0xffff,0xffff,0xffff,0xffff,
    0xffff,0xffff,0xffff,0xffff,0xffff,0xffff,0xffff,0xffff,0xffff,0xffff,0xffff,0xffff,
    0xffff,0xffff,0xffff,0xffff,0xffff,0xffff,0xffff,0xffff,0xffff,0xffff,0xffff,0xffff,
    0xffff,0xffff,0xffff,0xffff,0xffff,0xffff,0xffff,0xffff,0xffff,0xffff,0xffff,0xffff,
    0xffff,0xffff,0xffff,0xffff,0xffff,0xffff,0xffff,0xffff,0xffff,0xffff,0xffff,0xffff,
    0xffff,0xffff,0xffff,0xffff,0xffff,0xffff,0xffff,0xffff,0xffff,0xffff,0xffff,0xffff,
    0xffff,0xffb6,0xff8e,0xff90,0xffdc,0xffff,0xffff,0xffff,0xffff,0xffff,0xffff,0xffff,
    0xffff,0xffff,0xffff,0xffff,0xffff,0xffff,0xffff,0xffff,0xffff,0xffff,0xffff,0xffff,
    0xffff,0xffff,0xffff,0xffff,0xffff,0xffff,0xffff,0xffff,0xffff,0xffff,0xffff,0xffff,
    0xffff,0xffff,0xffff,0xffff,0xffff,0xffff,0xffff,0xffff,0xffff,0xffff,0xffff,0xffff,
    0xffff,0xffff,0xffff,0xffff,0xffff,0xffff,0xffff,0xffff,0xffff,0xffff,0xffff,0xffff,
    0xffff,0xffff,0xffff,0xffff,0xffff,0xffff,0xffff,0xffff,0xffff,0xffff,0xffff,0xffff,
    0xffff,0xffff,0xffff,0xffff,0xffff,0xffff,0xffff,0xffff,0xffff,0xffff,0xffff,0xffff,
    0xffff,0xffff,0xffff,0xffff,0xffff,0xffff,0xffff,0xffff,0xffff,0xffff,0xffff,0xffff,
    0xffff,0xffff,0xffff,0xffff,0xffff,0xffff,0xffff,0xffff,0xffff,0xffff,0xffff,0xffff,
    0xffff,0xffff,0xffff,0xffff,0xffff,0xffff,0xffff,0xffff,0xffff,0xffff,0xffff,0xffff,
    0xffff,0xffff,0xffff,0xffff,0xffff,0xffff,0xffff,0xffff,0xffff,0xffff,0xffff,0xffff,
    0xffff,0xffff,0xffff,0xffff,0xffff,0xffff,0xffff,0xffff,0xffff,0xffff,0xffff,0xffff,
    0xffff,0xffff,0xffff,0xffff,0xffff,0xffff,0xffff,0xffff,0xffff,0xffff,0xffff,0xffff,
    0xffff,0xffff,0xffff,0xffff,0xffff,0xffff,0xffff,0xffff,0xffff,0xffff,0xffff,0xffff,
    0xffff,0xffff,0xffff,0xffff,0xffff,0xffff,0xffff,0xffff,0xffff,0xffff,0xffff,0xffff,
    0xffff,0xffff,0xffff,0xffff,0xffff,0xffff,0xffff,0xffff,0xffff,0xffff,0xffff,0xffff,
    0xffff,0xffff,0xffff,0xffff,0xffff,0xffff,0xffff,0xffff,0xffff,0xffff,0xffff,0xffff,
    0xffff,0xffff,0xffff,0xffff,0xffff,0xffff,0xffff,0xffff,0xffff,0xffff,0xffff,0xffff,
    0xffff,0xffff,0xffff,0xffff,0xffff,0xffff,0xffff,0xffff,0xffff,0xffff,0xffff,0xffff,
    0xffff,0xffff,0xffff,0xffff,0xffff,0xffff,0xffff,0xffff,0xffff,0xffff,0xffff,0xffff,
    0xffff,0xffff,0xffff,0xffff,0xffff,0xffff,0xffff,0xffff,0xffff,0xffff,0xffff,0xffff,
    0xffff,0xffff,0xffff,0xffff,0xffb9,0xff8e,0xff8e,0xff8e,0xff90,0xffff,0xffff,0xffff,
    0xffff,0xffff,0xffff,0xffff,0xffff,0xffff,0xffff,0xffff,0xffff,0xffff,0xffff,0xffff,
    0xffff,0xffff,0xffff,0xffff,0xffff,0xffff,0xffff,0xffff,0xffff,0xffff,0xffff,0xffff,
    0xffff,0xffff,0xffff,0xffff,0xffff,0xffff,0xffff,0xffff,0xffff,0xffff,0xffff,0xffff,
    0xffff,0xffff,0xffff,0xffff,0xffff,0xffff,0xffff,0xffff,0xffff,0xffff,0xffff,0xffff,
    0xffff,0xffff,0xffff,0xffff,0xffff,0xffff,0xffff,0xffff,0xffff,0xffff,0xffff,0xffff,
    0xffff,0xffff,0xffff,0xffff,0xffff,0xffff,0xffff,0xffff,0xffff,0xffff,0xffff,0xffff,
    0xffff,0xffff,0xffff,0xffff,0xffff,0xffff,0xffff,0xffff,0xffff,0xffff,0xffff,0xffff,
    0xffff,0xffff,0xffff,0xffff,0xffff,0xffff,0xffff,0xffff,0xffff,0xffff,0xffff,0xffff,
    0xffff,0xffff,0xffff,0xffff,0xffff,0xffff,0xffff,0xffff,0xffff,0xffff,0xffff,0xffff,
    0xffff,0xffff,0xffff,0xffff,0xffff,0xffff,0xffff,0xffff,0xffff,0xffff,0xffff,0xffff,
    0xffff,0xffff,0xffff,0xffff,0xffff,0xffff,0xffff,0xffff,0xffff,0xffff,0xffff,0xffff,
    0xffff,0xffff,0xffff,0xffff,0xffff,0xffff,0xffff,0xffff,0xffff,0xffff,0xffff,0xffff,
    0xffff,0xffff,0xffff,0xffff,0xffff,0xffff,0xffff,0xffff,0xffff,0xffff,0xffff,0xffff,
    0xffff,0xffff,0xffff,0xffff,0xffff,0xffff,0xffff,0xffff,0xffff,0xffff,0xffff,0xffff,
    0xffff,0xffff,0xffff,0xffff,0xffff,0xffff,0xffff,0xffff,0xffff,0xffff,0xffff,0xffff,
    0xffff,0xffff,0xffff,0xffff,0xffff,0xffff,0xffff,0xffff,0xffff,0xffff,0xffff,0xffff,
    0xffff,0xffff,0xffff,0xffff,0xffff,0xffff,0xffff,0xffff,0xffff,0xffff,0xffff,0xffff,
    0xffff,0xffff,0xffff,0xffff,0xffff,0xffff,0xffff,0xffff,0xffff,0xffff,0xffff,0xffff,
    0xffff,0xffff,0xffff,0xffff,0xffff,0xffff,0xffff,0xffff,0xffff,0xffff,0xffff,0xffff,
    0xffff,0xffff,0xffff,0xffff,0xffff,0xffff,0xffff,0xffff,0xffff,0xffff,0xffff,0xffff,
    0xffff,0xffff,0xffff,0xffff,0xffff,0xffff,0xffff,0xffff,0xffb7,0xff8e,0xff8e,0xff8e,
    0xff8e,0xffff,0xffff,0xffff,0xffff,0xffff,0xffff,0xffff,0xffff,0xffff,0xffff,0xffff,
    0xffff,0xffff,0xffff,0xffff,0xffff,0xffff,0xffff,0xffff,0xffff,0xffff,0xffff,0xffff,
    0xffff,0xffff,0xffff,0xffff,0xffff,0xffff,0xffff,0xffff,0xffff,0xffff,0xffff,0xffff,
    0xffff,0xffff,0xffff,0xffff,0xffff,0xffff,0xffff,0xffff,0xffff,0xffff,0xffff,0xffff,
    0xffff,0xffff,0xffff,0xffff,0xffff,0xffff,0xffff,0xffff,0xffff,0xffff,0xffff,0xffff,
    0xffff,0xffff,0xffff,0xffff,0xffff,0xffff,0xffff,0xffff,0xffff,0xffff,0xffff,0xffff,
    0xffff,0xffff,0xffff,0xffff,0xffff,0xffff,0xffff,0xffff,0xffff,0xffff,0xffff,0xffff,
    0xffff,0xffff,0xffff,0xffff,0xffff,0xffff,0xffff,0xffff,0xffff,0xffff,0xffff,0xffff,
    0xffff,0xffff,0xffff,0xffff,0xffff,0xffff,0xffff,0xffff,0xffff,0xffff,0xffff,0xffff,
    0xffff,0xffff,0xffff,0xffff,0xffff,0xffff,0xffff,0xffff,0xffff,0xffff,0xffff,0xffff,
    0xffff,0xffff,0xffff,0xffff,0xffff,0xffff,0xffff,0xffff,0xffff,0xffff,0xffff,0xffff,
    0xffff,0xffff,0xffff,0xffff,0xffff,0xffff,0xffff,0xffff,0xffff,0xffff,0xffff,0xffff,
    0xffff,0xffff,0xffff,0xffff,0xffff,0xffff,0xffff,0xffff,0xffff,0xffff,0xffff,0xffff,
    0xffff,0xffff,0xffff,0xffff,0xffff,0xffff,0xffff,0xffff,0xffff,0xffff,0xffff,0xffff,
    0xffff,0xffff,0xffff,0xffff,0xffff,0xffff,0xffff,0xffff,0xffff,0xffff,0xffff,0xffff,
    0xffff,0xffff,0xffff,0xffff,0xffff,0xffff,0xffff,0xffff,0xffff,0xffff,0xffff,0xffff,
    0xffff,0xffff,0xffff,0xffff,0xffff,0xffff,0xffff,0xffff,0xffff,0xffff,0xffff,0xffff,
    0xffff,0xffff,0xffff,0xffff,0xffff,0xffff,0xffff,0xffff,0xffff,0xffff,0xffff,0xffff,
    0xffff,0xffff,0xffff,0xffff,0xffff,0xffff,0xffff,0xffff,0xffff,0xffff,0xffff,0xffff,
    0xffff,0xffff,0xffff,0xffff,0xffff,0xffff,0xffff,0xffff,0xffff,0xffff,0xffff,0xffff,
    0xffff,0xffff,0xffff,0xffff,0xffff,0xffff,0xffff,0xffff,0xffff,0xffff,0xffff,0xffff,
    0xffdb,0xff8e,0xff8e,0xff8e,0xff94,0xffff,0xffff,0xffff,0xffff,0xffff,0xffff,0xffff,
    0xffff,0xffff,0xffff,0xffff,0xffff,0xffff,0xffff,0xffff,0xffff,0xffff,0xffff,0xffff,
    0xffff,0xffff,0xffff,0xffff,0xffff,0xffff,0xffff,0xffff,0xffff,0xffff,0xffff,0xffff,
    0xffff,0xffff,0xffff,0xffff,0xffff,0xffff,0xffff,0xffff,0xffff,0xffff,0xffff,0xffff,
    0xffff,0xffff,0xffff,0xffff,0xffff,0xffff,0xffff,0xffff,0xffff,0xffff,0xffff,0xffff,
    0xffff,0xffff,0xffff,0xffff,0xffff,0xffff,0xffff,0xffff,0xffff,0xffff,0xffff,0xffff,
    0xffff,0xffff,0xffff,0xffff,0xffff,0xffff,0xffff,0xffff,0xffff,0xffff,0xffff,0xffff,
    0xffff,0xffff,0xffff,0xffff,0xffff,0xffff,0xffff,0xffff,0xffff,0xffff,0xffff,0xffff,
    0xffff,0xffff,0xffff,0xffff,0xffff,0xffff,0xffff,0xffff,0xffff,0xffff,0xffff,0xffff,
    0xffff,0xffff,0xffff,0xffff,0xffff,0xffff,0xffff,0xffff,0xffff,0xffff,0xffff,0xffff,
    0xffff,0xffff,0xffff,0xffff,0xffff,0xffff,0xffff,0xffff,0xffff,0xffff,0xffff,0xffff,
    0xffff,0xffff,0xffff,0xffff,0xffff,0xffff,0xffff,0xffff,0xffff,0xffff,0xffff,0xffff,
    0xffff,0xffff,0xffff,0xffff,0xffff,0xffff,0xffff,0xffff,0xffff,0xffff,0xffff,0xffff,
    0xffff,0xffff,0xffff,0xffff,0xffff,0xffff,0xffff,0xffff,0xffff,0xffff,0xffff,0xffff,
    0xffff,0xffff,0xffff,0xffff,0xffff,0xffff,0xffff,0xffff,0xffff,0xffff,0xffff,0xffff,
    0xffff,0xffff,0xffff,0xffff,0xffff,0xffff,0xffff,0xffff,0xffff,0xffff,0xffff,0xffff,
    0xffff,0xffff,0xffff,0xffff,0xffff,0xffff,0xffff,0xffff,0xffff,0xffff,0xffff,0xffff,
    0xffff,0xffff,0xffff,0xffff,0xffff,0xffff,0xffff,0xffff,0xffff,0xffff,0xffff,0xffff,
    0xffff,0xffff,0xffff,0xffff,0xffff,0xffff,0xffff,0xffff,0xffff,0xffff,0xffff,0xffff,
    0xffff,0xffff,0xffff,0xffff,0xffff,0xffff,0xffff,0xffff,0xffff,0xffff,0xffff,0xffff,
    0xffff,0xffff,0xffff,0xffff,0xffff,0xffff,0xffff,0xffff,0xffff,0xffff,0xffff,0xffff,
    0xffff,0xffff,0xffff,0xffff,0xffff,0xffdb,0xff94,0xff95,0xffff,0xffff,0xffff,0xffff,
    0xffff,0xffff,0xffff,0xffff,0xffff,0xffff,0xffff,0xffff,0xffff,0xffff,0xffff,0xffff,
    0xffff,0xffff,0xffff,0xffff,0xffff,0xffff,0xffff,0xffff,0xffff,0xffff,0xffff,0xffff,
    0xffff,0xffff,0xffff,0xffff,0xffff,0xffff,0xffff,0xffff,0xffff,0xffff,0xffff,0xffff,
    0xffff,0xffff,0xffff,0xffff,0xffff,0xffff,0xffff,0xffff,0xffff,0xffff,0xffff,0xffff,
    0xffff,0xffff,0xffff,0xffff,0xffff,0xffff,0xffff,0xffff,0xffff,0xffff,0xffff,0xffff,
    0xffff,0xffff,0xffff,0xffff,0xffff,0xffff,0xffff,0xffff,0xffff,0xffff,0xffff,0xffff,
    0xffff,0xffff,0xffff,0xffff,0xffff,0xffff,0xffff,0xffff,0xffff,0xffff,0xffff,0xffff,
    0xffff,0xffff,0xffff,0xffff,0xffff,0xffff,0xffff,0xffff,0xffff,0xffff,0xffff,0xffff,
    0xffff,0xffff,0xffff,0xffff,0xffff,0xffff,0xffff,0xffff,0xffff,0xffff,0xffff,0xffff,
    0xffff,0xffff,0xffff,0xffff,0xffff,0xffff,0xffff,0xffff,0xffff,0xffff,0xffff,0xffff,
    0xffff,0xffff,0xffff,0xffff,0xffff,0xffff,0xffff,0xffff,0xffff,0xffff,0xffff,0xffff,
    0xffff,0xffff,0xffff,0xffff,0xffff,0xffff,0xffff,0xffff,0xffff,0xffff,0xffff,0xffff,
    0xffff,0xffff,0xffff,0xffff,0xffff,0xffff,0xffff,0xffff,0xffff,0xffff,0xffff,0xffff,
    0xffff,0xffff,0xffff,0xffff,0xffff,0xffff,0xffff,0xffff,0xffff,0xffff,0xffff,0xffff,
    0xffff,0xffff,0xffff,0xffff,0xffff,0xffff,0xffff,0xffff,0xffff,0xffff,0xffff,0xffff,
    0xffff,0xffff,0xffff,0xffff,0xffff,0xffff,0xffff,0xffff,0xffff,0xffff,0xffff,0xffff,
    0xffff,0xffff,0xffff,0xffff,0xffff,0xffff,0xffff,0xffff,0xffff,0xffff,0xffff,0xffff,
    0xffff,0xffff,0xffff,0xffff,0xffff,0xffff,0xffff,0xffff,0xffff,0xffff,0xffff,0xffff,
    0xffff,0xffff,0xffff,0xffff,0xffff,0xffff,0xffff,0xffff,0xffff,0xffff,0xffff,0xffff,
    0xffff,0xffff,0xffff,0xffff,0xffff,0xffff,0xffff,0xffff,0xffff,0xffff,0xffff,0xffff,
    0xffff,0xffff,0xffff,0xffff,0xffff,0xffff,0xffff,0xffff,0xffff,0xffff,0xffff,0xffff,
    0xffff,0xffff,0xffff,0xffff,0xffff,0xffff,0xffff,0xffff,0xffff,0xffff,0xffff,0xffff,
    0xffff,0xffff,0xffff,0xffff,0xffff,0xffff,0xffff,0xffff,0xffff,0xffff,0xffff,0xffff,
    0xffff,0xffff,0xffff,0xffff,0xffff,0xffff,0xffff,0xffff,0xffff,0xffff,0xffff,0xffff,
    0xffff,0xffff,0xffff,0xffff,0xffff,0xffff,0xffff,0xffff,0xffff,0xffff,0xffff,0xffff,
    0xffff,0xffff,0xffff,0xffff,0xffff,0xffff,0xffff,0xffff,0xffff,0xffff,0xffff,0xffff,
    0xffff,0xffff,0xffff,0xffff,0xffff,0xffff,0xffff,0xffff,0xffff,0xffff,0xffff,0xffff,
    0xffff,0xffff,0xffff,0xffff,0xffff,0xffff,0xffff,0xffff,0xffff,0xffff,0xffff,0xffff,
    0xffff,0xffff,0xffff,0xffff,0xffff,0xffff,0xffff,0xffff,0xffff,0xffff,0xffff,0xffff,
    0xffff,0xffff,0xffff,0xffff,0xffff,0xffff,0xffff,0xffff,0xffff,0xffff,0xffff,0xffff,
    0xffff,0xffff,0xffff,0xffff,0xffff,0xffff,0xffff,0xffff,0xffff,0xffff,0xffff,0xffff,
    0xffff,0xffff,0xffff,0xffff,0xffff,0xffff,0xffff,0xffff,0xffff,0xffff,0xffff,0xffff,
    0xffff,0xffff,0xffff,0xffff,0xffff,0xffff,0xffff,0xffff,0xffff,0xffff,0xffff,0xffff,
    0xffff,0xffff,0xffff,0xffff,0xffff,0xffff,0xffff,0xffff,0xffff,0xffff,0xffff,0xffff,
    0xffff,0xffff,0xffff,0xffff,0xffff,0xffff,0xffff,0xffff,0xffff,0xffff,0xffff,0xffff,
    0xffff,0xffff,0xffff,0xffff,0xffff,0xffff,0xffff,0xffff,0xffff,0xffff,0xffff,0xffff,
    0xffff,0xffff,0xffff,0xffff,0xffff,0xffff,0xffff,0xffff,0xffff,0xffff,0xffff,0xffff,
    0xffff,0xffff,0xffff,0xffff,0xffff,0xffff,0xffff,0xffff,0xffff,0xffff,0xffff,0xffff,
    0xffff,0xffff,0xffff,0xffff,0xffff,0xffff,0xffff,0xffff,0xffff,0xffff,0xffff,0xffff,
    0xffff,0xffff,0xffff,0xffff,0xffff,0xffff,0xffff,0xffff,0xffff,0xffff,0xffff,0xffff,
    0xffff,0xffff,0xffff,0xffff,0xffff,0xffff,0xffff,0xffff,0xffff,0xffff,0xffff,0xffff,
    0xffff,0xffff,0xffff,0xffff,0xffff,0xffff,0xffff,0xffff,0xffff,0xffff,0xffff,0xffff,
    0xffff,0xffff,0xffff,0xffff,0xffff,0xffff,0xffff,0xffff,0xffff,0xffff,0xffff,0xffff,
    0xffff,0xffff,0xffff,0xffff,0xffff,0xffff,0xffff,0xffff,0xffff,0xffff,0xffff,0xffff,
    0xffff,0xffff,0xffff,0xffff,0xffff,0xffff,0xffff,0xffff,0xffff,0xffff,0xffff,0xffff,
    0xffff,0xffff,0xffff,0xffff,0xffff,0xffff,0xffff,0xffff,0xffff,0xffff,0xffff,0xffff,
    0xffff,0xffff,0xffff,0xffff,0xffff,0xffff,0xffff,0xffff,0xffff,0xffff,0xffff,0xffff,
    0xffff,0xffff,0xffff,0xffff,0xffff,0xffff,0xffff,0xffff,0xffff,0xffff,0xffff,0xffff,
    0xffff,0xffff,0xffff,0xffff,0xffff,0xffff,0xffff,0xffff,0xffff,0xffff,0xffff,0xffff,
    0xffff,0xffff,0xffff,0xffff,0xffff,0xffff,0xffff,0xffff,0xffff,0xffff,0xffff,0xffff,
    0xffff,0xffff,0xffff,0xffff,0xffff,0xffff,0xffff,0xffff,0xffff,0xffff,0xffff,0xffff,
    0xffff,0xffff,0xffff,0xffff,0xffff,0xffff,0xffff,0xffff,0xffff,0xffff,0xffff,0xffff,
    0xffff,0xffff,0xffff,0xffff,0xffff,0xffff,0xffff,0xffff,0xffff,0xffff,0xffff,0xffff,
    0xffff,0xffff,0xffff,0xffff,0xffff,0xffff,0xffff,0xffff,0xffff,0xffff,0xffff,0xffff,
    0xffff,0xffff,0xffff,0xffff,0xffff,0xffff,0xffff,0xffff,0xffff,0xffff,0xffff,0xffff,
    0xffff,0xffff,0xffff,0xffff,0xffff,0xffff,0xffff,0xffff,0xffff,0xffff,0xffff,0xffff,
    0xffff,0xffff,0xffff,0xffff,0xffff,0xffff,0xffff,0xffff,0xffff,0xffff,0xffff,0xffff,
    0xffff,0xffff,0xffff,0xffff,0xffff,0xffff,0xffff,0xffff,0xffff,0xffff,0xffff,0xffff,
    0xffff,0xffff,0xffff,0xffff,0xffff,0xffff,0xffff,0xffff,0xffff,0xffff,0xffff,0xffff,
    0xffff,0xffff,0xffff,0xffff,0xffff,0xffff,0xffff,0xffff,0xffff,0xffff,0xffff,0xffff,
    0xffff,0xffff,0xffff,0xffff,0xffff,0xffff,0xffff,0xffff,0xffff,0xffff,0xffff,0xffff,
    0xffff,0xffff,0xffff,0xffff,0xffff,0xffff,0xffff,0xffff,0xffff,0xffff,0xffff,0xffff,
    0xffff,0xffff,0xffff,0xffff,0xffff,0xffff,0xffff,0xffff,0xffff,0xffff,0xffff,0xffff,
    0xffff,0xffff,0xffff,0xffff,0xffff,0xffff,0xffff,0xffff,0xffff,0xffff,0xffff,0xffff,
    0xffff,0xffff,0xffff,0xffff,0xffff,0xffff,0xffff,0xffff,0xffff,0xffff,0xffff,0xffff,
    0xffff,0xffff,0xffff,0xffff,0xffff,0xffff,0xffff,0xffff,0xffff,0xffff,0xffff,0xffff,
    0xffff,0xffff,0xffff,0xffff,0xffff,0xffff,0xffff,0xffff,0xffff,0xffff,0xffff,0xffff,
    0xffff,0xffff,0xffff,0xffff,0xffff,0xffff,0xffff,0xffff,0xffff,0xffff,0xffff,0xffff,
    0xffff,0xffff,0xffff,0xffff,0xffff,0xffff,0xffff,0xffff,0xffff,0xffff,0xffff,0xffff,
    0xffff,0xffff,0xffff,0xffff,0xffff,0xffff,0xffff,0xffff,0xffff,0xffff,0xffff,0xffff,
    0xffff,0xffff,0xffff,0xffff,0xffff,0xffff,0xffff,0xffff,0xffff,0xffff,0xffff,0xffff,
    0xffff,0xffff,0xffff,0xffff,0xffff,0xffff,0xffff,0xffff,0xffff,0xffff,0xffff,0xffff,
    0xffff,0xffff,0xffff,0xffff,0xffff,0xffff,0xffff,0xffff,0xffff,0xffff,0xffff,0xffff,
    0xffff,0xffff,0xffff,0xffff,0xffff,0xffff,0xffff,0xffff,0xffff,0xffff,0xffff,0xffff,
};
const u16 bg_detail_top[49152] __attribute__((aligned(4))) = {
    0xffff,0xffff,0xffff,0xffff,0xffff,0xffff,0xffff,0xffff,0xffff,0xffff,0xffff,0xffff,
    0xffff,0xffff,0xffff,0xffff,0xffff,0xffff,0xffff,0xffff,0xffff,0xffff,0xffff,0xffff,
    0xffff,0xffff,0xffff,0xffff,0xffff,0xffff,0xffff,0xffff,0xffff,0xffff,0xffff,0xffff,
    0xffff,0xffff,0xffff,0xffff,0xffff,0xffff,0xffff,0xffff,0xffff,0xffff,0xffff,0xffff,
    0xffff,0xffff,0xffff,0xffff,0xffff,0xffff,0xffff,0xffff,0xffff,0xffff,0xffff,0xffff,
    0xffff,0xffff,0xffff,0xffff,0xffff,0xffff,0xffff,0xffff,0xffff,0xffff,0xffff,0xffff,
    0xffff,0xffff,0xffff,0xffff,0xffff,0xffff,0xffff,0xffff,0xffff,0xffff,0xffff,0xffff,
    0xffff,0xffff,0xffff,0xffff,0xffff,0xffff,0xffff,0xffff,0xffff,0xffff,0xffff,0xffff,
    0xffff,0xffff,0xffff,0xffff,0xffff,0xffff,0xffff,0xffff,0xffff,0xffff,0xffff,0xffff,
    0xffff,0xffff,0xffff,0xffff,0xffff,0xffff,0xffff,0xffff,0xffff,0xffff,0xffff,0xffff,
    0xffff,0xffff,0xffff,0xffff,0xffff,0xffff,0xffff,0xffff,0xffff,0xffff,0xffff,0xffff,
    0xffff,0xffff,0xffff,0xffff,0xffff,0xffff,0xffff,0xffff,0xffff,0xffff,0xffff,0xffff,
    0xffff,0xffff,0xffff,0xffff,0xffff,0xffff,0xffff,0xffff,0xffff,0xffff,0xffff,0xffff,
    0xffff,0xffff,0xffff,0xffff,0xffff,0xffff,0xffff,0xffff,0xffff,0xffff,0xffff,0xffff,
    0xffff,0xffff,0xffff,0xffff,0xffff,0xffff,0xffff,0xffff,0xffff,0xffff,0xffff,0xffff,
    0xffff,0xffff,0xffff,0xffff,0xffff,0xffff,0xffff,0xffff,0xffff,0xffff,0xffff,0xffff,
    0xffff,0xffff,0xffff,0xffff,0xffff,0xffff,0xffff,0xffff,0xffff,0xffff,0xffff,0xffff,
    0xffff,0xffff,0xffff,0xffff,0xffff,0xffff,0xffff,0xffff,0xffff,0xffff,0xffff,0xffff,
    0xffff,0xffff,0xffff,0xffff,0xffff,0xffff,0xffff,0xffff,0xffff,0xffff,0xffff,0xffff,
    0xffff,0xffff,0xffff,0xffff,0xffff,0xffff,0xffff,0xffff,0xffff,0xffff,0xffff,0xffff,
    0xffff,0xffff,0xffff,0xffff,0xffff,0xffff,0xffff,0xffff,0xffff,0xffff,0xffff,0xffff,
    0xffff,0xffff,0xffff,0xffff,0xc200,0xc200,0xc200,0xc200,0xc200,0xc200,0xc200,0xc200,
    0xc200,0xc200,0xc200,0xc200,0xc200,0xc200,0xc200,0xc200,0xc200,0xc200,0xc200,0xc200,
    0xc200,0xc200,0xc200,0xc200,0xc200,0xc200,0xc200,0xc200,0xc200,0xc200,0xc200,0xc200,
    0xc200,0xc200,0xc200,0xc200,0xc200,0xc200,0xc200,0xc200,0xc200,0xc200,0xc200,0xc200,
    0xc200,0xc200,0xc200,0xc200,0xc200,0xc200,0xc200,0xc200,0xc200,0xc200,0xc200,0xc200,
    0xc200,0xc200,0xc200,0xc200,0xc200,0xc200,0xc200,0xc200,0xc200,0xc200,0xc200,0xc200,
    0xc200,0xc200,0xc200,0xc200,0xc200,0xc200,0xc200,0xc200,0xc200,0xc200,0xc200,0xc200,
    0xc200,0xc200,0xc200,0xc200,0xc200,0xc200,0xc200,0xc200,0xc200,0xc200,0xc200,0xc200,
    0xc200,0xc200,0xc200,0xc200,0xc200,0xc200,0xc200,0xc200,0xc200,0xc200,0xc200,0xc200,
    0xc200,0xc200,0xc200,0xc200,0xc200,0xc200,0xc200,0xc200,0xc200,0xc200,0xc200,0xc200,
    0xc200,0xc200,0xc200,0xc200,0xc200,0xc200,0xc200,0xc200,0xc200,0xc200,0xc200,0xc200,
    0xc200,0xc200,0xc200,0xc200,0xc200,0xc200,0xc200,0xc200,0xc200,0xc200,0xc200,0xc200,
    0xc200,0xc200,0xc200,0xc200,0xc200,0xc200,0xc200,0xc200,0xc200,0xc200,0xc200,0xc200,
    0xc200,0xc200,0xc200,0xc200,0xc200,0xc200,0xc200,0xc200,0xc200,0xc200,0xc200,0xc200,
    0xc200,0xc200,0xc200,0xc200,0xc200,0xc200,0xc200,0xc200,0xc200,0xc200,0xc200,0xc200,
    0xc200,0xc200,0xc200,0xc200,0xc200,0xc200,0xc200,0xc200,0xc200,0xc200,0xc200,0xc200,
    0xc200,0xc200,0xc200,0xc200,0xc200,0xc200,0xc200,0xc200,0xc200,0xc200,0xc200,0xc200,
    0xc200,0xc200,0xc200,0xc200,0xc200,0xc200,0xc200,0xc200,0xc200,0xc200,0xc200,0xc200,
    0xc200,0xc200,0xc200,0xc200,0xc200,0xc200,0xc200,0xc200,0xc200,0xc200,0xc200,0xc200,
    0xc200,0xc200,0xc200,0xc200,0xc200,0xc200,0xc200,0xc200,0xc200,0xc200,0xc200,0xc200,
    0xc200,0xc200,0xc200,0xc200,0xc200,0xc200,0xc200,0xc200,0xc200,0xc200,0xc200,0xc200,
    0xc200,0xc200,0xc200,0xc200,0xc200,0xc200,0xc200,0xc200,0xffff,0xffff,0xffff,0xffff,
    0xffff,0xffff,0xffff,0xffff,0xffff,0xffff,0xffff,0xffff,0xffff,0xffff,0xffff,0xffff,
    0xffff,0xffff,0xffff,0xffff,0xffff,0xffff,0xffff,0xffff,0xffff,0xffff,0xffff,0xffff,
    0xffff,0xffff,0xffff,0xffff,0xffff,0xffff,0xffff,0xffff,0xffff,0xffff,0xffff,0xffff,
    0xffff,0xffff,0xffff,0xffff,0xffff,0xffff,0xffff,0xffff,0xffff,0xffff,0xffff,0xffff,
    0xffff,0xffff,0xffff,0xffff,0xffff,0xffff,0xffff,0xffff,0xffff,0xffff,0xffff,0xffff,
    0xffff,0xffff,0xffff,0xffff,0xffff,0xffff,0xffff,0xffff,0xffff,0xffff,0xffff,0xffff,
    0xffff,0xffff,0xffff,0xffff,0xffff,0xffff,0xffff,0xffff,0xffff,0xffff,0xffff,0xffff,
    0xffff,0xffff,0xffff,0xffff,0xffff,0xffff,0xffff,0xffff,0xffff,0xffff,0xffff,0xffff,
    0xffff,0xffff,0xffff,0xffff,0xffff,0xffff,0xffff,0xffff,0xffff,0xffff,0xffff,0xffff,
    0xffff,0xffff,0xffff,0xffff,0xffff,0xffff,0xffff,0xffff,0xffff,0xffff,0xffff,0xffff,
    0xffff,0xffff,0xffff,0xffff,0xffff,0xffff,0xffff,0xffff,0xffff,0xffff,0xffff,0xffff,
    0xffff,0xffff,0xffff,0xffff,0xffff,0xffff,0xffff,0xffff,0xffff,0xffff,0xffff,0xffff,
    0xffff,0xffff,0xffff,0xffff,0xffff,0xffff,0xffff,0xffff,0xffff,0xffff,0xffff,0xffff,
    0xffff,0xffff,0xffff,0xffff,0xffff,0xffff,0xffff,0xffff,0xffff,0xffff,0xffff,0xffff,
    0xffff,0xffff,0xffff,0xffff,0xffff,0xffff,0xffff,0xffff,0xffff,0xffff,0xffff,0xffff,
    0xffff,0xffff,0xffff,0xffff,0xffff,0xffff,0xffff,0xffff,0xffff,0xffff,0xffff,0xffff,
    0xffff,0xffff,0xffff,0xffff,0xffff,0xffff,0xffff,0xffff,0xffff,0xffff,0xffff,0xffff,
    0xffff,0xffff,0xffff,0xffff,0xffff,0xffff,0xffff,0xffff,0xffff,0xffff,0xffff,0xffff,
    0xffff,0xffff,0xffff,0xffff,0xffff,0xffff,0xffff,0xffff,0xffff,0xffff,0xffff,0xffff,
    0xffff,0xffff,0xffff,0xffff,0xffff,0xffff,0xffff,0xffff,0xffff,0xffff,0xffff,0xffff,
    0xffff,0xffff,0xffff,0xffff,0xffff,0xffff,0xffff,0xffff,0xffff,0xffff,0xffff,0xffff,
    0xffff,0xffff,0xffff,0xffff,0xffff,0xffff,0xffff,0xffff,0xffff,0xffff,0xffff,0xffff,
    0xffff,0xffff,0xffff,0xffff,0xffff,0xffff,0xffff,0xffff,0xffff,0xffff,0xffff,0xffff,
    0xffff,0xffff,0xffff,0xffff,0xffff,0xffff,0xffff,0xffff,0xffff,0xffff,0xffff,0xffff,
    0xffff,0xffff,0xffff,0xffff,0xffff,0xffff,0xffff,0xffff,0xffff,0xffff,0xffff,0xffff,
    0xffff,0xffff,0xffff,0xffff,0xffff,0xffff,0xffff,0xffff,0xffff,0xffff,0xffff,0xffff,
    0xffff,0xffff,0xffff,0xffff,0xffff,0xffff,0xffff,0xffff,0xffff,0xffff,0xffff,0xffff,
    0xffff,0xffff,0xffff,0xffff,0xffff,0xffff,0xffff,0xffff,0xffff,0xffff,0xffff,0xffff,
    0xffff,0xffff,0xffff,0xffff,0xffff,0xffff,0xffff,0xffff,0xffff,0xffff,0xffff,0xffff,
    0xffff,0xffff,0xffff,0xffff,0xffff,0xffff,0xffff,0xffff,0xffff,0xffff,0xffff,0xffff,
    0xffff,0xffff,0xffff,0xffff,0xffff,0xffff,0xffff,0xffff,0xffff,0xffff,0xffff,0xffff,
    0xffff,0xffff,0xffff,0xffff,0xffff,0xffff,0xffff,0xffff,0xffff,0xffff,0xffff,0xffff,
    0xffff,0xffff,0xffff,0xffff,0xffff,0xffff,0xffff,0xffff,0xffff,0xffff,0xffff,0xffff,
    0xffff,0xffff,0xffff,0xffff,0xffff,0xffff,0xffff,0xffff,0xffff,0xffff,0xffff,0xffff,
    0xffff,0xffff,0xffff,0xffff,0xffff,0xffff,0xffff,0xffff,0xffff,0xffff,0xffff,0xffff,
    0xffff,0xffff,0xffff,0xffff,0xffff,0xffff,0xffff,0xffff,0xffff,0xffff,0xffff,0xffff,
    0xffff,0xffff,0xffff,0xffff,0xffff,0xffff,0xffff,0xffff,0xffff,0xffff,0xffff,0xffff,
    0xffff,0xffff,0xffff,0xffff,0xffff,0xffff,0xffff,0xffff,0xffff,0xffff,0xffff,0xffff,
    0xffff,0xffff,0xffff,0xffff,0xffff,0xffff,0xffff,0xffff,0xffff,0xffff,0xffff,0xffff,
    0xffff,0xffff,0xffff,0xffff,0xffff,0xffff,0xffff,0xffff,0xffff,0xffff,0xffff,0xffff,
    0xffff,0xffff,0xffff,0xffff,0xffff,0xffff,0xffff,0xffff,0xffff,0xffff,0xffff,0xffff,
    0xffff,0xffff,0xffff,0xffff,0xffff,0xffff,0xffff,0xffff,0xffff,0xffff,0xffff,0xffff,
    0xffff,0xffff,0xffff,0xffff,0xffff,0xffff,0xffff,0xffff,0xffff,0xffff,0xffff,0xffff,
    0xffff,0xffff,0xffff,0xffff,0xffff,0xffff,0xffff,0xffff,0xffff,0xffff,0xffff,0xffff,
    0xffff,0xffff,0xffff,0xffff,0xffff,0xffff,0xffff,0xffff,0xffff,0xffff,0xffff,0xffff,
    0xffff,0xffff,0xffff,0xffff,0xffff,0xffff,0xffff,0xffff,0xffff,0xffff,0xffff,0xffff,
    0xffff,0xffff,0xffff,0xffff,0xffff,0xffff,0xffff,0xffff,0xffff,0xffff,0xffff,0xffff,
    0xffff,0xffff,0xffff,0xffff,0xffff,0xffff,0xffff,0xffff,0xffff,0xffff,0xffff,0xffff,
    0xffff,0xffff,0xffff,0xffff,0xffff,0xffff,0xffff,0xffff,0xffff,0xffff,0xffff,0xffff,
    0xffff,0xffff,0xffff,0xffff,0xffff,0xffff,0xffff,0xffff,0xffff,0xffff,0xffff,0xffff,
    0xffff,0xffff,0xffff,0xffff,0xffff,0xffff,0xffff,0xffff,0xffff,0xffff,0xffff,0xffff,
    0xffff,0xffff,0xffff,0xffff,0xffff,0xffff,0xffff,0xffff,0xffff,0xffff,0xffff,0xffff,
    0xffff,0xffff,0xffff,0xffff,0xffff,0xffff,0xffff,0xffff,0xffff,0xffff,0xffff,0xffff,
    0xffff,0xffff,0xffff,0xffff,0xffff,0xffff,0xffff,0xffff,0xffff,0xffff,0xffff,0xffff,
    0xffff,0xffff,0xffff,0xffff,0xffff,0xffff,0xffff,0xffff,0xffff,0xffff,0xffff,0xffff,
    0xffff,0xffff,0xffff,0xffff,0xffff,0xffff,0xffff,0xffff,0xffff,0xffff,0xffff,0xffff,
    0xffff,0xffff,0xffff,0xffff,0xffff,0xffff,0xffff,0xffff,0xffff,0xffff,0xffff,0xffff,
    0xffff,0xffff,0xffff,0xffff,0xffff,0xffff,0xffff,0xffff,0xffff,0xffff,0xffff,0xffff,
    0xffff,0xffff,0xffff,0xffff,0xffff,0xffff,0xffff,0xffff,0xffff,0xffff,0xffff,0xffff,
    0xffff,0xffff,0xffff,0xffff,0xffff,0xffff,0xffff,0xffff,0xffff,0xffff,0xffff,0xffff,
    0xffff,0xffff,0xffff,0xffff,0xffff,0xffff,0xffff,0xffff,0xffff,0xffff,0xffff,0xffff,
    0xffff,0xffff,0xffff,0xffff,0xffff,0xffff,0xffff,0xffff,0xffff,0xffff,0xffff,0xffff,
    0xffff,0xffff,0xffff,0xffff,0xffff,0xffff,0xffff,0xffff,0xffff,0xffff,0xffff,0xffff,
    0xffff,0xffff,0xffff,0xffff,0xffff,0xffff,0xffff,0xffff,0xffff,0xffff,0xffff,0xffff,
    0xffff,0xffff,0xffff,0xffff,0xffff,0xffff,0xffff,0xffff,0xffff,0xffff,0xffff,0xffff,
    0xffff,0xffff,0xffff,0xffff,0xffff,0xffff,0xffff,0xffff,0xffff,0xffff,0xffff,0xffff,
    0xffff,0xffff,0xffff,0xffff,0xffff,0xffff,0xffff,0xffff,0xffff,0xffff,0xffff,0xffff,
    0xffff,0xffff,0xffff,0xffff,0xffff,0xffff,0xffff,0xffff,0xffff,0xffff,0xffff,0xffff,
    0xffff,0xffff,0xffff,0xffff,0xffff,0xffff,0xffff,0xffff,0xffff,0xffff,0xffff,0xffff,
    0xffff,0xffff,0xffff,0xffff,0xffff,0xffff,0xffff,0xffff,0xffff,0xffff,0xffff,0xffff,
    0xffff,0xffff,0xffff,0xffff,0xffff,0xffff,0xffff,0xffff,0xffff,0xffff,0xffff,0xffff,
    0xffff,0xffff,0xffff,0xffff,0xffff,0xffff,0xffff,0xffff,0xffff,0xffff,0xffff,0xffff,
    0xffff,0xffff,0xffff,0xffff,0xffff,0xffff,0xffff,0xffff,0xffff,0xffff,0xffff,0xffff,
    0xffff,0xffff,0xffff,0xffff,0xffff,0xffff,0xffff,0xffff,0xffff,0xffff,0xffff,0xffff,
    0xffff,0xffff,0xffff,0xffff,0xffff,0xffff,0xffff,0xffff,0xffff,0xffff,0xffff,0xffff,
    0xffff,0xffff,0xffff,0xffff,0xffff,0xffff,0xffff,0xffff,0xffff,0xffff,0xffff,0xffff,
    0xffff,0xffff,0xffff,0xffff,0xffff,0xffff,0xffff,0xffff,0xffff,0xffff,0xffff,0xffff,
    0xffff,0xffff,0xffff,0xffff,0xffff,0xffff,0xffff,0xffff,0xffff,0xffff,0xffff,0xffff,
    0xffff,0xffff,0xffff,0xffff,0xffff,0xffff,0xffff,0xffff,0xffff,0xffff,0xffff,0xffff,
    0xffff,0xffff,0xffff,0xffff,0xffff,0xffff,0xffff,0xffff,0xffff,0xffff,0xffff,0xffff,
    0xffff,0xffff,0xffff,0xffff,0xffff,0xffff,0xffff,0xffff,0xffff,0xffff,0xffff,0xffff,
    0xffff,0xffff,0xffff,0xffff,0xffff,0xffff,0xffff,0xffff,0xffff,0xffff,0xffff,0xffff,
    0xffff,0xffff,0xffff,0xffff,0xffff,0xffff,0xffff,0xffff,0xffff,0xffff,0xffff,0xffff,
    0xffff,0xffff,0xffff,0xffff,0xffff,0xffff,0xffff,0xffff,0xffff,0xffff,0xffff,0xffff,
    0xffff,0xffff,0xffff,0xffff,0xffff,0xffff,0xffff,0xffff,0xffff,0xffff,0xffff,0xffff,
    0xffff,0xffff,0xffff,0xffff,0xffff,0xffff,0xffff,0xffff,0xffff,0xffff,0xffff,0xffff,
    0xffff,0xffff,0xffff,0xffff,0xffff,0xffff,0xffff,0xffff,0xffff,0xffff,0xffff,0xffff,
    0xffff,0xffff,0xffff,0xffff,0xffff,0xffff,0xffff,0xffff,0xffff,0xffff,0xffff,0xffff,
    0xffff,0xffff,0xffff,0xffff,0xffff,0xffff,0xffff,0xffff,0xffff,0xffff,0xffff,0xffff,
    0xffff,0xffff,0xffff,0xffff,0xffff,0xffff,0xffff,0xffff,0xffff,0xffff,0xffff,0xffff,
    0xffff,0xffff,0xffff,0xffff,0xffff,0xffff,0xffff,0xffff,0xffff,0xffff,0xffff,0xffff,
    0xffff,0xffff,0xffff,0xffff,0xffff,0xffff,0xffff,0xffff,0xffff,0xffff,0xffff,0xffff,
    0xffff,0xffff,0xffff,0xffff,0xffff,0xffff,0xffff,0xffff,0xffff,0xffff,0xffff,0xffff,
    0xffff,0xffff,0xffff,0xffff,0xffff,0xffff,0xffff,0xffff,0xffff,0xffff,0xffff,0xffff,
    0xffff,0xffff,0xffff,0xffff,0xffff,0xffff,0xffff,0xffff,0xffff,0xffff,0xffff,0xffff,
    0xffff,0xffff,0xffff,0xffff,0xffff,0xffff,0xffff,0xffff,0xffff,0xffff,0xffff,0xffff,
    0xffff,0xffff,0xffff,0xffff,0xffff,0xffff,0xffff,0xffff,0xffff,0xffff,0xffff,0xffff,
    0xffff,0xffff,0xffff,0xffff,0xffff,0xffff,0xffff,0xffff,0xffff,0xffff,0xffff,0xffff,
    0xffff,0xffff,0xffff,0xffff,0xffff,0xffff,0xffff,0xffff,0xffff,0xffff,0xffff,0xffff,
    0xffff,0xffff,0xffff,0xffff,0xffff,0xffff,0xffff,0xffff,0xffff,0xffff,0xffff,0xffff,
    0xffff,0xffff,0xffff,0xffff,0xffff,0xffff,0xffff,0xffff,0xffff,0xffff,0xffff,0xffff,
    0xffff,0xffff,0xffff,0xffff,0xffff,0xffff,0xffff,0xffff,0xffff,0xffff,0xffff,0xffff,
    0xffff,0xffff,0xffff,0xffff,0xffff,0xffff,0xffff,0xffff,0xffff,0xffff,0xffff,0xffff,
    0xffff,0xffff,0xffff,0xffff,0xffff,0xffff,0xffff,0xffff,0xffff,0xffff,0xffff,0xffff,
    0xffff,0xffff,0xffff,0xffff,0xffff,0xffff,0xffff,0xffff,0xffff,0xffff,0xffff,0xffff,
    0xffff,0xffff,0xffff,0xffff,0xffff,0xffff,0xffff,0xffff,0xffff,0xffff,0xffff,0xffff,
    0xffff,0xffff,0xffff,0xffff,0xffff,0xffff,0xffff,0xffff,0xffff,0xffff,0xffff,0xffff,
    0xffff,0xffff,0xffff,0xffff,0xffff,0xffff,0xffff,0xffff,0xffff,0xffff,0xffff,0xffff,
    0xffff,0xffff,0xffff,0xffff,0xffff,0xffff,0xffff,0xffff,0xffff,0xffff,0xffff,0xffff,
    0xffff,0xffff,0xffff,0xffff,0xffff,0xffff,0xffff,0xffff,0xffff,0xffff,0xffff,0xffff,
    0xffff,0xffff,0xffff,0xffff,0xffff,0xffff,0xffff,0xffff,0xffff,0xffff,0xffff,0xffff,
    0xffff,0xffff,0xffff,0xffff,0xffff,0xffff,0xffff,0xffff,0xffff,0xffff,0xffff,0xffff,
    0xffff,0xffff,0xffff,0xffff,0xffff,0xffff,0xffff,0xffff,0xffff,0xffff,0xffff,0xffff,
    0xffff,0xffff,0xffff,0xffff,0xffff,0xffff,0xffff,0xffff,0xffff,0xffff,0xffff,0xffff,
    0xffff,0xffff,0xffff,0xffff,0xffff,0xffff,0xffff,0xffff,0xffff,0xffff,0xffff,0xffff,
    0xffff,0xffff,0xffff,0xffff,0xffff,0xffff,0xffff,0xffff,0xffff,0xffff,0xffff,0xffff,
    0xffff,0xffff,0xffff,0xffff,0xffff,0xffff,0xffff,0xffff,0xffff,0xffff,0xffff,0xffff,
    0xffff,0xffff,0xffff,0xffff,0xffff,0xffff,0xffff,0xffff,0xffff,0xffff,0xffff,0xffff,
    0xffff,0xffff,0xffff,0xffff,0xffff,0xffff,0xffff,0xffff,0xffff,0xffff,0xffff,0xffff,
    0xffff,0xffff,0xffff,0xffff,0xffff,0xffff,0xffff,0xffff,0xffff,0xffff,0xffff,0xffff,
    0xffff,0xffff,0xffff,0xffff,0xffff,0xffff,0xffff,0xffff,0xffff,0xffff,0xffff,0xffff,
    0xffff,0xffff,0xffff,0xffff,0xffff,0xffff,0xffff,0xffff,0xffff,0xffff,0xffff,0xffff,
    0xffff,0xffff,0xffff,0xffff,0xffff,0xffff,0xffff,0xffff,0xffff,0xffff,0xffff,0xffff,
    0xffff,0xffff,0xffff,0xffff,0xffff,0xffff,0xffff,0xffff,0xffff,0xffff,0xffff,0xffff,
    0xffff,0xffff,0xffff,0xffff,0xffff,0xffff,0xffff,0xffff,0xffff,0xffff,0xffff,0xffff,
    0xffff,0xffff,0xffff,0xffff,0xffff,0xffff,0xffff,0xffff,0xffff,0xffff,0xffff,0xffff,
    0xffff,0xffff,0xffff,0xffff,0xffff,0xffff,0xffff,0xffff,0xffff,0xffff,0xffff,0xffff,
    0xffff,0xffff,0xffff,0xffff,0xffff,0xffff,0xffff,0xffff,0xffff,0xffff,0xffff,0xffff,
    0xffff,0xffff,0xffff,0xffff,0xffff,0xffff,0xffff,0xffff,0xffff,0xffff,0xffff,0xffff,
    0xffff,0xffff,0xffff,0xffff,0xffff,0xffff,0xffff,0xffff,0xffff,0xffff,0xffff,0xffff,
    0xffff,0xffff,0xffff,0xffff,0xffff,0xffff,0xffff,0xffff,0xffff,0xffff,0xffff,0xffff,
    0xffff,0xffff,0xffff,0xffff,0xffff,0xffff,0xffff,0xffff,0xffff,0xffff,0xffff,0xffff,
    0xffff,0xffff,0xffff,0xffff,0xffff,0xffff,0xffff,0xffff,0xffff,0xffff,0xffff,0xffff,
    0xffff,0xffff,0xffff,0xffff,0xffff,0xffff,0xffff,0xffff,0xffff,0xffff,0xffff,0xffff,
    0xffff,0xffff,0xffff,0xffff,0xffff,0xffff,0xffff,0xffff,0xffff,0xffff,0xffff,0xffff,
    0xffff,0xffff,0xffff,0xffff,0xffff,0xffff,0xffff,0xffff,0xffff,0xffff,0xffff,0xffff,
    0xffff,0xffff,0xffff,0xffff,0xffff,0xffff,0xffff,0xffff,0xffff,0xffff,0xffff,0xffff,
    0xffff,0xffff,0xffff,0xffff,0xffff,0xffff,0xffff,0xffff,0xffff,0xffff,0xffff,0xffff,
    0xffff,0xffff,0xffff,0xffff,0xffff,0xffff,0xffff,0xffff,0xffff,0xffff,0xffff,0xffff,
    0xffff,0xffff,0xffff,0xffff,0xffff,0xffff,0xffff,0xffff,0xffff,0xffff,0xffff,0xffff,
    0xffff,0xffff,0xffff,0xffff,0xffff,0xffff,0xffff,0xffff,0xffff,0xffff,0xffff,0xffff,
    0xffff,0xffff,0xffff,0xffff,0xffff,0xffff,0xffff,0xffff,0xffff,0xffff,0xffff,0xffff,
    0xffff,0xffff,0xffff,0xffff,0xffff,0xffff,0xffff,0xffff,0xffff,0xffff,0xffff,0xffff,
    0xffff,0xffff,0xffff,0xffff,0xffff,0xffff,0xffff,0xffff,0xffff,0xffff,0xffff,0xffff,
    0xffff,0xffff,0xffff,0xffff,0xffff,0xffff,0xffff,0xffff,0xffff,0xffff,0xffff,0xffff,
    0xffff,0xffff,0xffff,0xffff,0xffff,0xffff,0xffff,0xffff,0xffff,0xffff,0xffff,0xffff,
    0xffff,0xffff,0xffff,0xffff,0xffff,0xffff,0xffff,0xffff,0xffff,0xffff,0xffff,0xffff,
    0xffff,0xffff,0xffff,0xffff,0xffff,0xffff,0xffff,0xffff,0xffff,0xffff,0xffff,0xffff,
    0xffff,0xffff,0xffff,0xffff,0xffff,0xffff,0xffff,0xffff,0xffff,0xffff,0xffff,0xffff,
    0xffff,0xffff,0xffff,0xffff,0xffff,0xffff,0xffff,0xffff,0xffff,0xffff,0xffff,0xffff,
    0xffff,0xffff,0xffff,0xffff,0xffff,0xffff,0xffff,0xffff,0xffff,0xffff,0xffff,0xffff,
    0xffff,0xffff,0xffff,0xffff,0xffff,0xffff,0xffff,0xffff,0xffff,0xffff,0xffff,0xffff,
    0xffff,0xffff,0xffff,0xffff,0xffff,0xffff,0xffff,0xffff,0xffff,0xffff,0xffff,0xffff,
    0xffff,0xffff,0xffff,0xffff,0xffff,0xffff,0xffff,0xffff,0xffff,0xffff,0xffff,0xffff,
    0xffff,0xffff,0xffff,0xffff,0xffff,0xffff,0xffff,0xffff,0xffff,0xffff,0xffff,0xffff,
    0xffff,0xffff,0xffff,0xffff,0xffff,0xffff,0xffff,0xffff,0xffff,0xffff,0xffff,0xffff,
    0xffff,0xffff,0xffff,0xffff,0xffff,0xffff,0xffff,0xffff,0xffff,0xffff,0xffff,0xffff,
    0xffff,0xffff,0xffff,0xffff,0xffff,0xffff,0xffff,0xffff,0xffff,0xffff,0xffff,0xffff,
    0xffff,0xffff,0xffff,0xffff,0xffff,0xffff,0xffff,0xffff,0xffff,0xffff,0xffff,0xffff,
    0xffff,0xffff,0xffff,0xffff,0xffff,0xffff,0xffff,0xffff,0xffff,0xffff,0xffff,0xffff,
    0xffff,0xffff,0xffff,0xffff,0xffff,0xffff,0xffff,0xffff,0xffff,0xffff,0xffff,0xffff,
    0xffff,0xffff,0xffff,0xffff,0xffff,0xffff,0xffff,0xffff,0xffff,0xffff,0xffff,0xffff,
    0xffff,0xffff,0xffff,0xffff,0xffff,0xffff,0xffff,0xffff,0xffff,0xffff,0xffff,0xffff,
    0xffff,0xffff,0xffff,0xffff,0xffff,0xffff,0xffff,0xffff,0xffff,0xffff,0xffff,0xffff,
    0xffff,0xffff,0xffff,0xffff,0xffff,0xffff,0xffff,0xffff,0xffff,0xffff,0xffff,0xffff,
    0xffff,0xffff,0xffff,0xffff,0xffff,0xffff,0xffff,0xffff,0xffff,0xffff,0xffff,0xffff,
    0xffff,0xffff,0xffff,0xffff,0xffff,0xffff,0xffff,0xffff,0xffff,0xffff,0xffff,0xffff,
    0xffff,0xffff,0xffff,0xffff,0xffff,0xffff,0xffff,0xffff,0xffff,0xffff,0xffff,0xffff,
    0xffff,0xffff,0xffff,0xffff,0xffff,0xffff,0xffff,0xffff,0xffff,0xffff,0xffff,0xffff,
    0xffff,0xffff,0xffff,0xffff,0xffff,0xffff,0xffff,0xffff,0xffff,0xffff,0xffff,0xffff,
    0xffff,0xffff,0xffff,0xffff,0xffff,0xffff,0xffff,0xffff,0xffff,0xffff,0xffff,0xffff,
    0xffff,0xffff,0xffff,0xffff,0xffff,0xffff,0xffff,0xffff,0xffff,0xffff,0xffff,0xffff,
    0xffff,0xffff,0xffff,0xffff,0xffff,0xffff,0xffff,0xffff,0xffff,0xffff,0xffff,0xffff,
    0xffff,0xffff,0xffff,0xffff,0xffff,0xffff,0xffff,0xffff,0xffff,0xffff,0xffff,0xffff,
    0xffff,0xffff,0xffff,0xffff,0xffff,0xffff,0xffff,0xffff,0xffff,0xffff,0xffff,0xffff,
    0xffff,0xffff,0xffff,0xffff,0xffff,0xffff,0xffff,0xffff,0xffff,0xffff,0xffff,0xffff,
    0xffff,0xffff,0xffff,0xffff,0xffff,0xffff,0xffff,0xffff,0xffff,0xffff,0xffff,0xffff,
    0xffff,0xffff,0xffff,0xffff,0xffff,0xffff,0xffff,0xffff,0xffff,0xffff,0xffff,0xffff,
    0xffff,0xffff,0xffff,0xffff,0xffff,0xffff,0xffff,0xffff,0xffff,0xffff,0xffff,0xffff,
    0xffff,0xffff,0xffff,0xffff,0xffff,0xffff,0xffff,0xffff,0xffff,0xffff,0xffff,0xffff,
    0xffff,0xffff,0xffff,0xffff,0xffff,0xffff,0xffff,0xffff,0xffff,0xffff,0xffff,0xffff,
    0xffff,0xffff,0xffff,0xffff,0xffff,0xffff,0xffff,0xffff,0xffff,0xffff,0xffff,0xffff,
    0xffff,0xffff,0xffff,0xffff,0xffff,0xffff,0xffff,0xffff,0xffff,0xffff,0xffff,0xffff,
    0xffff,0xffff,0xffff,0xffff,0xffff,0xffff,0xffff,0xffff,0xffff,0xffff,0xffff,0xffff,
    0xffff,0xffff,0xffff,0xffff,0xffff,0xffff,0xffff,0xffff,0xffff,0xffff,0xffff,0xffff,
    0xffff,0xffff,0xffff,0xffff,0xffff,0xffff,0xffff,0xffff,0xffff,0xffff,0xffff,0xffff,
    0xffff,0xffff,0xffff,0xffff,0xffff,0xffff,0xffff,0xffff,0xffff,0xffff,0xffff,0xffff,
    0xffff,0xffff,0xffff,0xffff,0xffff,0xffff,0xffff,0xffff,0xffff,0xffff,0xffff,0xffff,
    0xffff,0xffff,0xffff,0xffff,0xffff,0xffff,0xffff,0xffff,0xffff,0xffff,0xffff,0xffff,
    0xffff,0xffff,0xffff,0xffff,0xffff,0xffff,0xffff,0xffff,0xffff,0xffff,0xffff,0xffff,
    0xffff,0xffff,0xffff,0xffff,0xffff,0xffff,0xffff,0xffff,0xffff,0xffff,0xffff,0xffff,
    0xffff,0xffff,0xffff,0xffff,0xffff,0xffff,0xffff,0xffff,0xffff,0xffff,0xffff,0xffff,
    0xffff,0xffff,0xffff,0xffff,0xffff,0xffff,0xffff,0xffff,0xffff,0xffff,0xffff,0xffff,
    0xffff,0xffff,0xffff,0xffff,0xffff,0xffff,0xffff,0xffff,0xffff,0xffff,0xffff,0xffff,
    0xffff,0xffff,0xffff,0xffff,0xffff,0xffff,0xffff,0xffff,0xffff,0xffff,0xffff,0xffff,
    0xffff,0xffff,0xffff,0xffff,0xffff,0xffff,0xffff,0xffff,0xffff,0xffff,0xffff,0xffff,
    0xffff,0xffff,0xffff,0xffff,0xffff,0xffff,0xffff,0xffff,0xffff,0xffff,0xffff,0xffff,
    0xffff,0xffff,0xffff,0xffff,0xffff,0xffff,0xffff,0xffff,0xffff,0xffff,0xffff,0xffff,
    0xffff,0xffff,0xffff,0xffff,0xffff,0xffff,0xffff,0xffff,0xffff,0xffff,0xffff,0xffff,
    0xffff,0xffff,0xffff,0xffff,0xffff,0xffff,0xffff,0xffff,0xffff,0xffff,0xffff,0xffff,
    0xffff,0xffff,0xffff,0xffff,0xffff,0xffff,0xffff,0xffff,0xffff,0xffff,0xffff,0xffff,
    0xffff,0xffff,0xffff,0xffff,0xffff,0xffff,0xffff,0xffff,0xffff,0xffff,0xffff,0xffff,
    0xffff,0xffff,0xffff,0xffff,0xffff,0xffff,0xffff,0xffff,0xffff,0xffff,0xffff,0xffff,
    0xffff,0xffff,0xffff,0xffff,0xffff,0xffff,0xffff,0xffff,0xffff,0xffff,0xffff,0xffff,
    0xffff,0xffff,0xffff,0xffff,0xffff,0xffff,0xffff,0xffff,0xffff,0xffff,0xffff,0xffff,
    0xffff,0xffff,0xffff,0xffff,0xffff,0xffff,0xffff,0xffff,0xffff,0xffff,0xffff,0xffff,
    0xffff,0xffff,0xffff,0xffff,0xffff,0xffff,0xffff,0xffff,0xffff,0xffff,0xffff,0xffff,
    0xffff,0xffff,0xffff,0xffff,0xffff,0xffff,0xffff,0xffff,0xffff,0xffff,0xffff,0xffff,
    0xffff,0xffff,0xffff,0xffff,0xffff,0xffff,0xffff,0xffff,0xffff,0xffff,0xffff,0xffff,
    0xffff,0xffff,0xffff,0xffff,0xffff,0xffff,0xffff,0xffff,0xffff,0xffff,0xffff,0xffff,
    0xffff,0xffff,0xffff,0xffff,0xffff,0xffff,0xffff,0xffff,0xffff,0xffff,0xffff,0xffff,
    0xffff,0xffff,0xffff,0xffff,0xffff,0xffff,0xffff,0xffff,0xffff,0xffff,0xffff,0xffff,
    0xffff,0xffff,0xffff,0xffff,0xffff,0xffff,0xffff,0xffff,0xffff,0xffff,0xffff,0xffff,
    0xffff,0xffff,0xffff,0xffff,0xffff,0xffff,0xffff,0xffff,0xffff,0xffff,0xffff,0xffff,
    0xffff,0xffff,0xffff,0xffff,0xffff,0xffff,0xffff,0xffff,0xffff,0xffff,0xffff,0xffff,
    0xffff,0xffff,0xffff,0xffff,0xffff,0xffff,0xffff,0xffff,0xffff,0xffff,0xffff,0xffff,
    0xffff,0xffff,0xffff,0xffff,0xffff,0xffff,0xffff,0xffff,0xffff,0xffff,0xffff,0xffff,
    0xffff,0xffff,0xffff,0xffff,0xffff,0xffff,0xffff,0xffff,0xffff,0xffff,0xffff,0xffff,
    0xffff,0xffff,0xffff,0xffff,0xffff,0xffff,0xffff,0xffff,0xffff,0xffff,0xffff,0xffff,
    0xffff,0xffff,0xffff,0xffff,0xffff,0xffff,0xffff,0xffff,0xffff,0xffff,0xffff,0xffff,
    0xffff,0xffff,0xffff,0xffff,0xffff,0xffff,0xffff,0xffff,0xffff,0xffff,0xffff,0xffff,
    0xffff,0xffff,0xffff,0xffff,0xffff,0xffff,0xffff,0xffff,0xffff,0xffff,0xffff,0xffff,
    0xffff,0xffff,0xffff,0xffff,0xffff,0xffff,0xffff,0xffff,0xffff,0xffff,0xffff,0xffff,
    0xffff,0xffff,0xffff,0xffff,0xffff,0xffff,0xffff,0xffff,0xffff,0xffff,0xffff,0xffff,
    0xffff,0xffff,0xffff,0xffff,0xffff,0xffff,0xffff,0xffff,0xffff,0xffff,0xffff,0xffff,
    0xffff,0xffff,0xffff,0xffff,0xffff,0xffff,0xffff,0xffff,0xffff,0xffff,0xffff,0xffff,
    0xffff,0xffff,0xffff,0xffff,0xffff,0xffff,0xffff,0xffff,0xffff,0xffff,0xffff,0xffff,
    0xffff,0xffff,0xffff,0xffff,0xffff,0xffff,0xffff,0xffff,0xffff,0xffff,0xffff,0xffff,
    0xffff,0xffff,0xffff,0xffff,0xffff,0xffff,0xffff,0xffff,0xffff,0xffff,0xffff,0xffff,
    0xffff,0xffff,0xffff,0xffff,0xffff,0xffff,0xffff,0xffff,0xffff,0xffff,0xffff,0xffff,
    0xffff,0xffff,0xffff,0xffff,0xffff,0xffff,0xffff,0xffff,0xffff,0xffff,0xffff,0xffff,
    0xffff,0xffff,0xffff,0xffff,0xffff,0xffff,0xffff,0xffff,0xffff,0xffff,0xffff,0xffff,
    0xffff,0xffff,0xffff,0xffff,0xffff,0xffff,0xffff,0xffff,0xffff,0xffff,0xffff,0xffff,
    0xffff,0xffff,0xffff,0xffff,0xffff,0xffff,0xffff,0xffff,0xffff,0xffff,0xffff,0xffff,
    0xffff,0xffff,0xffff,0xffff,0xffff,0xffff,0xffff,0xffff,0xffff,0xffff,0xffff,0xffff,
    0xffff,0xffff,0xffff,0xffff,0xffff,0xffff,0xffff,0xffff,0xffff,0xffff,0xffff,0xffff,
    0xffff,0xffff,0xffff,0xffff,0xffff,0xffff,0xffff,0xffff,0xffff,0xffff,0xffff,0xffff,
    0xffff,0xffff,0xffff,0xffff,0xffff,0xffff,0xffff,0xffff,0xffff,0xffff,0xffff,0xffff,
    0xffff,0xffff,0xffff,0xffff,0xffff,0xffff,0xffff,0xffff,0xffff,0xffff,0xffff,0xffff,
    0xffff,0xffff,0xffff,0xffff,0xffff,0xffff,0xffff,0xffff,0xffff,0xffff,0xffff,0xffff,
    0xffff,0xffff,0xffff,0xffff,0xffff,0xffff,0xffff,0xffff,0xffff,0xffff,0xffff,0xffff,
    0xffff,0xffff,0xffff,0xffff,0xffff,0xffff,0xffff,0xffff,0xffff,0xffff,0xffff,0xffff,
    0xffff,0xffff,0xffff,0xffff,0xffff,0xffff,0xffff,0xffff,0xffff,0xffff,0xffff,0xffff,
    0xffff,0xffff,0xffff,0xffff,0xffff,0xffff,0xffff,0xffff,0xffff,0xffff,0xffff,0xffff,
    0xffff,0xffff,0xffff,0xffff,0xffff,0xffff,0xffff,0xffff,0xffff,0xffff,0xffff,0xffff,
    0xffff,0xffff,0xffff,0xffff,0xffff,0xffff,0xffff,0xffff,0xffff,0xffff,0xffff,0xffff,
    0xffff,0xffff,0xffff,0xffff,0xffff,0xffff,0xffff,0xffff,0xffff,0xffff,0xffff,0xffff,
    0xffff,0xffff,0xffff,0xffff,0xffff,0xffff,0xffff,0xffff,0xffff,0xffff,0xffff,0xffff,
    0xffff,0xffff,0xffff,0xffff,0xffff,0xffff,0xffff,0xffff,0xffff,0xffff,0xffff,0xffff,
    0xffff,0xffff,0xffff,0xffff,0xffff,0xffff,0xffff,0xffff,0xffff,0xffff,0xffff,0xffff,
    0xffff,0xffff,0xffff,0xffff,0xffff,0xffff,0xffff,0xffff,0xffff,0xffff,0xffff,0xffff,
    0xffff,0xffff,0xffff,0xffff,0xffff,0xffff,0xffff,0xffff,0xffff,0xffff,0xffff,0xffff,
    0xffff,0xffff,0xffff,0xffff,0xffff,0xffff,0xffff,0xffff,0xffff,0xffff,0xffff,0xffff,
    0xffff,0xffff,0xffff,0xffff,0xffff,0xffff,0xffff,0xffff,0xffff,0xffff,0xffff,0xffff,
    0xffff,0xffff,0xffff,0xffff,0xffff,0xffff,0xffff,0xffff,0xffff,0xffff,0xffff,0xffff,
    0xffff,0xffff,0xffff,0xffff,0xffff,0xffff,0xffff,0xffff,0xffff,0xffff,0xffff,0xffff,
    0xffff,0xffff,0xffff,0xffff,0xffff,0xffff,0xffff,0xffff,0xffff,0xffff,0xffff,0xffff,
    0xffff,0xffff,0xffff,0xffff,0xffff,0xffff,0xffff,0xffff,0xffff,0xffff,0xffff,0xffff,
    0xffff,0xffff,0xffff,0xffff,0xffff,0xffff,0xffff,0xffff,0xffff,0xffff,0xffff,0xffff,
    0xffff,0xffff,0xffff,0xffff,0xffff,0xffff,0xffff,0xffff,0xffff,0xffff,0xffff,0xffff,
    0xffff,0xffff,0xffff,0xffff,0xffff,0xffff,0xffff,0xffff,0xffff,0xffff,0xffff,0xffff,
    0xffff,0xffff,0xffff,0xffff,0xffff,0xffff,0xffff,0xffff,0xffff,0xffff,0xffff,0xffff,
    0xffff,0xffff,0xffff,0xffff,0xffff,0xffff,0xffff,0xffff,0xffff,0xffff,0xffff,0xffff,
    0xffff,0xffff,0xffff,0xffff,0xffff,0xffff,0xffff,0xffff,0xffff,0xffff,0xffff,0xffff,
    0xffff,0xffff,0xffff,0xffff,0xffff,0xffff,0xffff,0xffff,0xffff,0xffff,0xffff,0xffff,
    0xffff,0xffff,0xffff,0xffff,0xffff,0xffff,0xffff,0xffff,0xffff,0xffff,0xffff,0xffff,
    0xffff,0xffff,0xffff,0xffff,0xffff,0xffff,0xffff,0xffff,0xffff,0xffff,0xffff,0xffff,
    0xffff,0xffff,0xffff,0xffff,0xffff,0xffff,0xffff,0xffff,0xffff,0xffff,0xffff,0xffff,
    0xffff,0xffff,0xffff,0xffff,0xffff,0xffff,0xffff,0xffff,0xffff,0xffff,0xffff,0xffff,
    0xffff,0xffff,0xffff,0xffff,0xffff,0xffff,0xffff,0xffff,0xffff,0xffff,0xffff,0xffff,
    0xffff,0xffff,0xffff,0xffff,0xffff,0xffff,0xffff,0xffff,0xffff,0xffff,0xffff,0xffff,
    0xffff,0xffff,0xffff,0xffff,0xffff,0xffff,0xffff,0xffff,0xffff,0xffff,0xffff,0xffff,
    0xffff,0xffff,0xffff,0xffff,0xffff,0xffff,0xffff,0xffff,0xffff,0xffff,0xffff,0xffff,
    0xffff,0xffff,0xffff,0xffff,0xffff,0xffff,0xffff,0xffff,0xffff,0xffff,0xffff,0xffff,
    0xffff,0xffff,0xffff,0xffff,0xffff,0xffff,0xffff,0xffff,0xffff,0xffff,0xffff,0xffff,
    0xffff,0xffff,0xffff,0xffff,0xffff,0xffff,0xffff,0xffff,0xffff,0xffff,0xffff,0xffff,
    0xffff,0xffff,0xffff,0xffff,0xffff,0xffff,0xffff,0xffff,0xffff,0xffff,0xffff,0xffff,
    0xffff,0xffff,0xffff,0xffff,0xffff,0xffff,0xffff,0xffff,0xffff,0xffff,0xffff,0xffff,
    0xffff,0xffff,0xffff,0xffff,0xffff,0xffff,0xffff,0xffff,0xffff,0xffff,0xffff,0xffff,
    0xffff,0xffff,0xffff,0xffff,0xffff,0xffff,0xffff,0xffff,0xffff,0xffff,0xffff,0xffff,
    0xffff,0xffff,0xffff,0xffff,0xffff,0xffff,0xffff,0xffff,0xffff,0xffff,0xffff,0xffff,
    0xffff,0xffff,0xffff,0xffff,0xffff,0xffff,0xffff,0xffff,0xffff,0xffff,0xffff,0xffff,
    0xffff,0xffff,0xffff,0xffff,0xffff,0xffff,0xffff,0xffff,0xffff,0xffff,0xffff,0xffff,
    0xffff,0xffff,0xffff,0xffff,0xffff,0xffff,0xffff,0xffff,0xffff,0xffff,0xffff,0xffff,
    0xffff,0xffff,0xffff,0xffff,0xffff,0xffff,0xffff,0xffff,0xffff,0xffff,0xffff,0xffff,
    0xffff,0xffff,0xffff,0xffff,0xffff,0xffff,0xffff,0xffff,0xffff,0xffff,0xffff,0xffff,
    0xffff,0xffff,0xffff,0xffff,0xffff,0xffff,0xffff,0xffff,0xffff,0xffff,0xffff,0xffff,
    0xffff,0xffff,0xffff,0xffff,0xffff,0xffff,0xffff,0xffff,0xffff,0xffff,0xffff,0xffff,
    0xffff,0xffff,0xffff,0xffff,0xffff,0xffff,0xffff,0xffff,0xffff,0xffff,0xffff,0xffff,
    0xffff,0xffff,0xffff,0xffff,0xffff,0xffff,0xffff,0xffff,0xffff,0xffff,0xffff,0xffff,
    0xffff,0xffff,0xffff,0xffff,0xffff,0xffff,0xffff,0xffff,0xffff,0xffff,0xffff,0xffff,
    0xffff,0xffff,0xffff,0xffff,0xffff,0xffff,0xffff,0xffff,0xffff,0xffff,0xffff,0xffff,
    0xffff,0xffff,0xffff,0xffff,0xffff,0xffff,0xffff,0xffff,0xffff,0xffff,0xffff,0xffff,
    0xffff,0xffff,0xffff,0xffff,0xffff,0xffff,0xffff,0xffff,0xffff,0xffff,0xffff,0xffff,
    0xffff,0xffff,0xffff,0xffff,0xffff,0xffff,0xffff,0xffff,0xffff,0xffff,0xffff,0xffff,
    0xffff,0xffff,0xffff,0xffff,0xffff,0xffff,0xffff,0xffff,0xffff,0xffff,0xffff,0xffff,
    0xffff,0xffff,0xffff,0xffff,0xffff,0xffff,0xffff,0xffff,0xffff,0xffff,0xffff,0xffff,
    0xffff,0xffff,0xffff,0xffff,0xffff,0xffff,0xffff,0xffff,0xffff,0xffff,0xffff,0xffff,
    0xffff,0xffff,0xffff,0xffff,0xffff,0xffff,0xffff,0xffff,0xffff,0xffff,0xffff,0xffff,
    0xffff,0xffff,0xffff,0xffff,0xffff,0xffff,0xffff,0xffff,0xffff,0xffff,0xffff,0xffff,
    0xffff,0xffff,0xffff,0xffff,0xffff,0xffff,0xffff,0xffff,0xffff,0xffff,0xffff,0xffff,
    0xffff,0xffff,0xffff,0xffff,0xffff,0xffff,0xffff,0xffff,0xffff,0xffff,0xffff,0xffff,
    0xffff,0xffff,0xffff,0xffff,0xffff,0xffff,0xffff,0xffff,0xffff,0xffff,0xffff,0xffff,
    0xffff,0xffff,0xffff,0xffff,0xffff,0xffff,0xffff,0xffff,0xffff,0xffff,0xffff,0xffff,
    0xffff,0xffff,0xffff,0xffff,0xffff,0xffff,0xffff,0xffff,0xffff,0xffff,0xffff,0xffff,
    0xffff,0xffff,0xffff,0xffff,0xffff,0xffff,0xffff,0xffff,0xffff,0xffff,0xffff,0xffff,
    0xffff,0xffff,0xffff,0xffff,0xffff,0xffff,0xffff,0xffff,0xffff,0xffff,0xffff,0xffff,
    0xffff,0xffff,0xffff,0xffff,0xffff,0xffff,0xffff,0xffff,0xffff,0xffff,0xffff,0xffff,
    0xffff,0xffff,0xffff,0xffff,0xffff,0xffff,0xffff,0xffff,0xffff,0xffff,0xffff,0xffff,
    0xffff,0xffff,0xffff,0xffff,0xffff,0xffff,0xffff,0xffff,0xffff,0xffff,0xffff,0xffff,
    0xffff,0xffff,0xffff,0xffff,0xffff,0xffff,0xffff,0xffff,0xffff,0xffff,0xffff,0xffff,
    0xffff,0xffff,0xffff,0xffff,0xffff,0xffff,0xffff,0xffff,0xffff,0xffff,0xffff,0xffff,
    0xffff,0xffff,0xffff,0xffff,0xffff,0xffff,0xffff,0xffff,0xffff,0xffff,0xffff,0xffff,
    0xffff,0xffff,0xffff,0xffff,0xffff,0xffff,0xffff,0xffff,0xffff,0xffff,0xffff,0xffff,
    0xffff,0xffff,0xffff,0xffff,0xffff,0xffff,0xffff,0xffff,0xffff,0xffff,0xffff,0xffff,
    0xffff,0xffff,0xffff,0xffff,0xffff,0xffff,0xffff,0xffff,0xffff,0xffff,0xffff,0xffff,
    0xffff,0xffff,0xffff,0xffff,0xffff,0xffff,0xffff,0xffff,0xffff,0xffff,0xffff,0xffff,
    0xffff,0xffff,0xffff,0xffff,0xffff,0xffff,0xffff,0xffff,0xffff,0xffff,0xffff,0xffff,
    0xffff,0xffff,0xffff,0xffff,0xffff,0xffff,0xffff,0xffff,0xffff,0xffff,0xffff,0xffff,
    0xffff,0xffff,0xffff,0xffff,0xffff,0xffff,0xffff,0xffff,0xffff,0xffff,0xffff,0xffff,
    0xffff,0xffff,0xffff,0xffff,0xffff,0xffff,0xffff,0xffff,0xffff,0xffff,0xffff,0xffff,
    0xffff,0xffff,0xffff,0xffff,0xffff,0xffff,0xffff,0xffff,0xffff,0xffff,0xffff,0xffff,
    0xffff,0xffff,0xffff,0xffff,0xffff,0xffff,0xffff,0xffff,0xffff,0xffff,0xffff,0xffff,
    0xffff,0xffff,0xffff,0xffff,0xffff,0xffff,0xffff,0xffff,0xffff,0xffff,0xffff,0xffff,
    0xffff,0xffff,0xffff,0xffff,0xffff,0xffff,0xffff,0xffff,0xffff,0xffff,0xffff,0xffff,
    0xffff,0xffff,0xffff,0xffff,0xffff,0xffff,0xffff,0xffff,0xffff,0xffff,0xffff,0xffff,
    0xffff,0xffff,0xffff,0xffff,0xffff,0xffff,0xffff,0xffff,0xffff,0xffff,0xffff,0xffff,
    0xffff,0xffff,0xffff,0xffff,0xffff,0xffff,0xffff,0xffff,0xffff,0xffff,0xffff,0xffff,
    0xffff,0xffff,0xffff,0xffff,0xffff,0xffff,0xffff,0xffff,0xffff,0xffff,0xffff,0xffff,
    0xffff,0xffff,0xffff,0xffff,0xffff,0xffff,0xffff,0xffff,0xffff,0xffff,0xffff,0xffff,
    0xffff,0xffff,0xffff,0xffff,0xffff,0xffff,0xffff,0xffff,0xffff,0xffff,0xffff,0xffff,
    0xffff,0xffff,0xffff,0xffff,0xffff,0xffff,0xffff,0xffff,0xffff,0xffff,0xffff,0xffff,
    0xffff,0xffff,0xffff,0xffff,0xffff,0xffff,0xffff,0xffff,0xffff,0xffff,0xffff,0xffff,
    0xffff,0xffff,0xffff,0xffff,0xffff,0xffff,0xffff,0xffff,0xffff,0xffff,0xffff,0xffff,
    0xffff,0xffff,0xffff,0xffff,0xffff,0xffff,0xffff,0xffff,0xffff,0xffff,0xffff,0xffff,
    0xffff,0xffff,0xffff,0xffff,0xffff,0xffff,0xffff,0xffff,0xffff,0xffff,0xffff,0xffff,
    0xffff,0xffff,0xffff,0xffff,0xffff,0xffff,0xffff,0xffff,0xffff,0xffff,0xffff,0xffff,
    0xffff,0xffff,0xffff,0xffff,0xffff,0xffff,0xffff,0xffff,0xffff,0xffff,0xffff,0xffff,
    0xffff,0xffff,0xffff,0xffff,0xffff,0xffff,0xffff,0xffff,0xffff,0xffff,0xffff,0xffff,
    0xffff,0xffff,0xffff,0xffff,0xffff,0xffff,0xffff,0xffff,0xffff,0xffff,0xffff,0xffff,
    0xffff,0xffff,0xffff,0xffff,0xffff,0xffff,0xffff,0xffff,0xffff,0xffff,0xffff,0xffff,
    0xffff,0xffff,0xffff,0xffff,0xffff,0xffff,0xffff,0xffff,0xffff,0xffff,0xffff,0xffff,
    0xffff,0xffff,0xffff,0xffff,0xffff,0xffff,0xffff,0xffff,0xffff,0xffff,0xffff,0xffff,
    0xffff,0xffff,0xffff,0xffff,0xffff,0xffff,0xffff,0xffff,0xffff,0xffff,0xffff,0xffff,
    0xffff,0xffff,0xffff,0xffff,0xffff,0xffff,0xffff,0xffff,0xffff,0xffff,0xffff,0xffff,
    0xffff,0xffff,0xffff,0xffff,0xffff,0xffff,0xffff,0xffff,0xffff,0xffff,0xffff,0xffff,
    0xffff,0xffff,0xffff,0xffff,0xffff,0xffff,0xffff,0xffff,0xffff,0xffff,0xffff,0xffff,
    0xffff,0xffff,0xffff,0xffff,0xffff,0xffff,0xffff,0xffff,0xffff,0xffff,0xffff,0xffff,
    0xffff,0xffff,0xffff,0xffff,0xffff,0xffff,0xffff,0xffff,0xffff,0xffff,0xffff,0xffff,
    0xffff,0xffff,0xffff,0xffff,0xffff,0xffff,0xffff,0xffff,0xffff,0xffff,0xffff,0xffff,
    0xffff,0xffff,0xffff,0xffff,0xffff,0xffff,0xffff,0xffff,0xffff,0xffff,0xffff,0xffff,
    0xffff,0xffff,0xffff,0xffff,0xffff,0xffff,0xffff,0xffff,0xffff,0xffff,0xffff,0xffff,
    0xffff,0xffff,0xffff,0xffff,0xffff,0xffff,0xffff,0xffff,0xffff,0xffff,0xffff,0xffff,
    0xffff,0xffff,0xffff,0xffff,0xffff,0xffff,0xffff,0xffff,0xffff,0xffff,0xffff,0xffff,
    0xffff,0xffff,0xffff,0xffff,0xffff,0xffff,0xffff,0xffff,0xffff,0xffff,0xffff,0xffff,
    0xffff,0xffff,0xffff,0xffff,0xffff,0xffff,0xffff,0xffff,0xffff,0xffff,0xffff,0xffff,
    0xffff,0xffff,0xffff,0xffff,0xffff,0xffff,0xffff,0xffff,0xffff,0xffff,0xffff,0xffff,
    0xffff,0xffff,0xffff,0xffff,0xffff,0xffff,0xffff,0xffff,0xffff,0xffff,0xffff,0xffff,
    0xffff,0xffff,0xffff,0xffff,0xffff,0xffff,0xffff,0xffff,0xffff,0xffff,0xffff,0xffff,
    0xffff,0xffff,0xffff,0xffff,0xffff,0xffff,0xffff,0xffff,0xffff,0xffff,0xffff,0xffff,
    0xffff,0xffff,0xffff,0xffff,0xffff,0xffff,0xffff,0xffff,0xffff,0xffff,0xffff,0xffff,
    0xffff,0xffff,0xffff,0xffff,0xffff,0xffff,0xffff,0xffff,0xffff,0xffff,0xffff,0xffff,
    0xffff,0xffff,0xffff,0xffff,0xffff,0xffff,0xffff,0xffff,0xffff,0xffff,0xffff,0xffff,
    0xffff,0xffff,0xffff,0xffff,0xffff,0xffff,0xffff,0xffff,0xffff,0xffff,0xffff,0xffff,
    0xffff,0xffff,0xffff,0xffff,0xffff,0xffff,0xffff,0xffff,0xffff,0xffff,0xffff,0xffff,
    0xffff,0xffff,0xffff,0xffff,0xffff,0xffff,0xffff,0xffff,0xffff,0xffff,0xffff,0xffff,
    0xffff,0xffff,0xffff,0xffff,0xffff,0xffff,0xffff,0xffff,0xffff,0xffff,0xffff,0xffff,
    0xffff,0xffff,0xffff,0xffff,0xffff,0xffff,0xffff,0xffff,0xffff,0xffff,0xffff,0xffff,
    0xffff,0xffff,0xffff,0xffff,0xffff,0xffff,0xffff,0xffff,0xffff,0xffff,0xffff,0xffff,
    0xffff,0xffff,0xffff,0xffff,0xffff,0xffff,0xffff,0xffff,0xffff,0xffff,0xffff,0xffff,
    0xffff,0xffff,0xffff,0xffff,0xffff,0xffff,0xffff,0xffff,0xffff,0xffff,0xffff,0xffff,
    0xffff,0xffff,0xffff,0xffff,0xffff,0xffff,0xffff,0xffff,0xffff,0xffff,0xffff,0xffff,
    0xffff,0xffff,0xffff,0xffff,0xffff,0xffff,0xffff,0xffff,0xffff,0xffff,0xffff,0xffff,
    0xffff,0xffff,0xffff,0xffff,0xffff,0xffff,0xffff,0xffff,0xffff,0xffff,0xffff,0xffff,
    0xffff,0xffff,0xffff,0xffff,0xffff,0xffff,0xffff,0xffff,0xffff,0xffff,0xffff,0xffff,
    0xffff,0xffff,0xffff,0xffff,0xffff,0xffff,0xffff,0xffff,0xffff,0xffff,0xffff,0xffff,
    0xffff,0xffff,0xffff,0xffff,0xffff,0xffff,0xffff,0xffff,0xffff,0xffff,0xffff,0xffff,
    0xffff,0xffff,0xffff,0xffff,0xffff,0xffff,0xffff,0xffff,0xffff,0xffff,0xffff,0xffff,
    0xffff,0xffff,0xffff,0xffff,0xffff,0xffff,0xffff,0xffff,0xffff,0xffff,0xffff,0xffff,
    0xffff,0xffff,0xffff,0xffff,0xffff,0xffff,0xffff,0xffff,0xffff,0xffff,0xffff,0xffff,
    0xffff,0xffff,0xffff,0xffff,0xffff,0xffff,0xffff,0xffff,0xffff,0xffff,0xffff,0xffff,
    0xffff,0xffff,0xffff,0xffff,0xffff,0xffff,0xffff,0xffff,0xffff,0xffff,0xffff,0xffff,
    0xffff,0xffff,0xffff,0xffff,0xffff,0xffff,0xffff,0xffff,0xffff,0xffff,0xffff,0xffff,
    0xffff,0xffff,0xffff,0xffff,0xffff,0xffff,0xffff,0xffff,0xffff,0xffff,0xffff,0xffff,
    0xffff,0xffff,0xffff,0xffff,0xffff,0xffff,0xffff,0xffff,0xffff,0xffff,0xffff,0xffff,
    0xffff,0xffff,0xffff,0xffff,0xffff,0xffff,0xffff,0xffff,0xffff,0xffff,0xffff,0xffff,
    0xffff,0xffff,0xffff,0xffff,0xffff,0xffff,0xffff,0xffff,0xffff,0xffff,0xffff,0xffff,
    0xffff,0xffff,0xffff,0xffff,0xffff,0xffff,0xffff,0xffff,0xffff,0xffff,0xffff,0xffff,
    0xffff,0xffff,0xffff,0xffff,0xffff,0xffff,0xffff,0xffff,0xffff,0xffff,0xffff,0xffff,
    0xffff,0xffff,0xffff,0xffff,0xffff,0xffff,0xffff,0xffff,0xffff,0xffff,0xffff,0xffff,
    0xffff,0xffff,0xffff,0xffff,0xffff,0xffff,0xffff,0xffff,0xffff,0xffff,0xffff,0xffff,
    0xffff,0xffff,0xffff,0xffff,0xffff,0xffff,0xffff,0xffff,0xffff,0xffff,0xffff,0xffff,
    0xffff,0xffff,0xffff,0xffff,0xffff,0xffff,0xffff,0xffff,0xffff,0xffff,0xffff,0xffff,
    0xffff,0xffff,0xffff,0xffff,0xffff,0xffff,0xffff,0xffff,0xffff,0xffff,0xffff,0xffff,
    0xffff,0xffff,0xffff,0xffff,0xffff,0xffff,0xffff,0xffff,0xffff,0xffff,0xffff,0xffff,
    0xffff,0xffff,0xffff,0xffff,0xffff,0xffff,0xffff,0xffff,0xffff,0xffff,0xffff,0xffff,
    0xffff,0xffff,0xffff,0xffff,0xffff,0xffff,0xffff,0xffff,0xffff,0xffff,0xffff,0xffff,
    0xffff,0xffff,0xffff,0xffff,0xffff,0xffff,0xffff,0xffff,0xffff,0xffff,0xffff,0xffff,
    0xffff,0xffff,0xffff,0xffff,0xffff,0xffff,0xffff,0xffff,0xffff,0xffff,0xffff,0xffff,
    0xffff,0xffff,0xffff,0xffff,0xffff,0xffff,0xffff,0xffff,0xffff,0xffff,0xffff,0xffff,
    0xffff,0xffff,0xffff,0xffff,0xffff,0xffff,0xffff,0xffff,0xffff,0xffff,0xffff,0xffff,
    0xffff,0xffff,0xffff,0xffff,0xffff,0xffff,0xffff,0xffff,0xffff,0xffff,0xffff,0xffff,
    0xffff,0xffff,0xffff,0xffff,0xffff,0xffff,0xffff,0xffff,0xffff,0xffff,0xffff,0xffff,
    0xffff,0xffff,0xffff,0xffff,0xffff,0xffff,0xffff,0xffff,0xffff,0xffff,0xffff,0xffff,
    0xffff,0xffff,0xffff,0xffff,0xffff,0xffff,0xffff,0xffff,0xffff,0xffff,0xffff,0xffff,
    0xffff,0xffff,0xffff,0xffff,0xffff,0xffff,0xffff,0xffff,0xffff,0xffff,0xffff,0xffff,
    0xffff,0xffff,0xffff,0xffff,0xffff,0xffff,0xffff,0xffff,0xffff,0xffff,0xffff,0xffff,
    0xffff,0xffff,0xffff,0xffff,0xffff,0xffff,0xffff,0xffff,0xffff,0xffff,0xffff,0xffff,
    0xffff,0xffff,0xffff,0xffff,0xffff,0xffff,0xffff,0xffff,0xffff,0xffff,0xffff,0xffff,
    0xffff,0xffff,0xffff,0xffff,0xffff,0xffff,0xffff,0xffff,0xffff,0xffff,0xffff,0xffff,
    0xffff,0xffff,0xffff,0xffff,0xffff,0xffff,0xffff,0xffff,0xffff,0xffff,0xffff,0xffff,
    0xffff,0xffff,0xffff,0xffff,0xffff,0xffff,0xffff,0xffff,0xffff,0xffff,0xffff,0xffff,
    0xffff,0xffff,0xffff,0xffff,0xffff,0xffff,0xffff,0xffff,0xffff,0xffff,0xffff,0xffff,
    0xffff,0xffff,0xffff,0xffff,0xffff,0xffff,0xffff,0xffff,0xffff,0xffff,0xffff,0xffff,
    0xffff,0xffff,0xffff,0xffff,0xffff,0xffff,0xffff,0xffff,0xffff,0xffff,0xffff,0xffff,
    0xffff,0xffff,0xffff,0xffff,0xffff,0xffff,0xffff,0xffff,0xffff,0xffff,0xffff,0xffff,
    0xffff,0xffff,0xffff,0xffff,0xffff,0xffff,0xffff,0xffff,0xffff,0xffff,0xffff,0xffff,
    0xffff,0xffff,0xffff,0xffff,0xffff,0xffff,0xffff,0xffff,0xffff,0xffff,0xffff,0xffff,
    0xffff,0xffff,0xffff,0xffff,0xffff,0xffff,0xffff,0xffff,0xffff,0xffff,0xffff,0xffff,
    0xffff,0xffff,0xffff,0xffff,0xffff,0xffff,0xffff,0xffff,0xffff,0xffff,0xffff,0xffff,
    0xffff,0xffff,0xffff,0xffff,0xffff,0xffff,0xffff,0xffff,0xffff,0xffff,0xffff,0xffff,
    0xffff,0xffff,0xffff,0xffff,0xffff,0xffff,0xffff,0xffff,0xffff,0xffff,0xffff,0xffff,
    0xffff,0xffff,0xffff,0xffff,0xffff,0xffff,0xffff,0xffff,0xffff,0xffff,0xffff,0xffff,
    0xffff,0xffff,0xffff,0xffff,0xffff,0xffff,0xffff,0xffff,0xffff,0xffff,0xffff,0xffff,
    0xffff,0xffff,0xffff,0xffff,0xffff,0xffff,0xffff,0xffff,0xffff,0xffff,0xffff,0xffff,
    0xffff,0xffff,0xffff,0xffff,0xffff,0xffff,0xffff,0xffff,0xffff,0xffff,0xffff,0xffff,
    0xffff,0xffff,0xffff,0xffff,0xffff,0xffff,0xffff,0xffff,0xffff,0xffff,0xffff,0xffff,
    0xffff,0xffff,0xffff,0xffff,0xffff,0xffff,0xffff,0xffff,0xffff,0xffff,0xffff,0xffff,
    0xffff,0xffff,0xffff,0xffff,0xffff,0xffff,0xffff,0xffff,0xffff,0xffff,0xffff,0xffff,
    0xffff,0xffff,0xffff,0xffff,0xffff,0xffff,0xffff,0xffff,0xffff,0xffff,0xffff,0xffff,
    0xffff,0xffff,0xffff,0xffff,0xffff,0xffff,0xffff,0xffff,0xffff,0xffff,0xffff,0xffff,
    0xffff,0xffff,0xffff,0xffff,0xffff,0xffff,0xffff,0xffff,0xffff,0xffff,0xffff,0xffff,
    0xffff,0xffff,0xffff,0xffff,0xffff,0xffff,0xffff,0xffff,0xffff,0xffff,0xffff,0xffff,
    0xffff,0xffff,0xffff,0xffff,0xffff,0xffff,0xffff,0xffff,0xffff,0xffff,0xffff,0xffff,
    0xffff,0xffff,0xffff,0xffff,0xffff,0xffff,0xffff,0xffff,0xffff,0xffff,0xffff,0xffff,
    0xffff,0xffff,0xffff,0xffff,0xffff,0xffff,0xffff,0xffff,0xffff,0xffff,0xffff,0xffff,
    0xffff,0xffff,0xffff,0xffff,0xffff,0xffff,0xffff,0xffff,0xffff,0xffff,0xffff,0xffff,
    0xffff,0xffff,0xffff,0xffff,0xffff,0xffff,0xffff,0xffff,0xffff,0xffff,0xffff,0xffff,
    0xffff,0xffff,0xffff,0xffff,0xffff,0xffff,0xffff,0xffff,0xffff,0xffff,0xffff,0xffff,
    0xffff,0xffff,0xffff,0xffff,0xffff,0xffff,0xffff,0xffff,0xffff,0xffff,0xffff,0xffff,
    0xffff,0xffff,0xffff,0xffff,0xffff,0xffff,0xffff,0xffff,0xffff,0xffff,0xffff,0xffff,
    0xffff,0xffff,0xffff,0xffff,0xffff,0xffff,0xffff,0xffff,0xffff,0xffff,0xffff,0xffff,
    0xffff,0xffff,0xffff,0xffff,0xffff,0xffff,0xffff,0xffff,0xffff,0xffff,0xffff,0xffff,
    0xffff,0xffff,0xffff,0xffff,0xffff,0xffff,0xffff,0xffff,0xffff,0xffff,0xffff,0xffff,
    0xffff,0xffff,0xffff,0xffff,0xffff,0xffff,0xffff,0xffff,0xffff,0xffff,0xffff,0xffff,
    0xffff,0xffff,0xffff,0xffff,0xffff,0xffff,0xffff,0xffff,0xffff,0xffff,0xffff,0xffff,
    0xffff,0xffff,0xffff,0xffff,0xffff,0xffff,0xffff,0xffff,0xffff,0xffff,0xffff,0xffff,
    0xffff,0xffff,0xffff,0xffff,0xffff,0xffff,0xffff,0xffff,0xffff,0xffff,0xffff,0xffff,
    0xffff,0xffff,0xffff,0xffff,0xffff,0xffff,0xffff,0xffff,0xffff,0xffff,0xffff,0xffff,
    0xffff,0xffff,0xffff,0xffff,0xffff,0xffff,0xffff,0xffff,0xffff,0xffff,0xffff,0xffff,
    0xffff,0xffff,0xffff,0xffff,0xffff,0xffff,0xffff,0xffff,0xffff,0xffff,0xffff,0xffff,
    0xffff,0xffff,0xffff,0xffff,0xffff,0xffff,0xffff,0xffff,0xffff,0xffff,0xffff,0xffff,
    0xffff,0xffff,0xffff,0xffff,0xffff,0xffff,0xffff,0xffff,0xffff,0xffff,0xffff,0xffff,
    0xffff,0xffff,0xffff,0xffff,0xffff,0xffff,0xffff,0xffff,0xffff,0xffff,0xffff,0xffff,
    0xffff,0xffff,0xffff,0xffff,0xffff,0xffff,0xffff,0xffff,0xffff,0xffff,0xffff,0xffff,
    0xffff,0xffff,0xffff,0xffff,0xffff,0xffff,0xffff,0xffff,0xffff,0xffff,0xffff,0xffff,
    0xffff,0xffff,0xffff,0xffff,0xffff,0xffff,0xffff,0xffff,0xffff,0xffff,0xffff,0xffff,
    0xffff,0xffff,0xffff,0xffff,0xffff,0xffff,0xffff,0xffff,0xffff,0xffff,0xffff,0xffff,
    0xffff,0xffff,0xffff,0xffff,0xffff,0xffff,0xffff,0xffff,0xffff,0xffff,0xffff,0xffff,
    0xffff,0xffff,0xffff,0xffff,0xffff,0xffff,0xffff,0xffff,0xffff,0xffff,0xffff,0xffff,
    0xffff,0xffff,0xffff,0xffff,0xffff,0xffff,0xffff,0xffff,0xffff,0xffff,0xffff,0xffff,
    0xffff,0xffff,0xffff,0xffff,0xffff,0xffff,0xffff,0xffff,0xffff,0xffff,0xffff,0xffff,
    0xffff,0xffff,0xffff,0xffff,0xffff,0xffff,0xffff,0xffff,0xffff,0xffff,0xffff,0xffff,
    0xffff,0xffff,0xffff,0xffff,0xffff,0xffff,0xffff,0xffff,0xffff,0xffff,0xffff,0xffff,
    0xffff,0xffff,0xffff,0xffff,0xffff,0xffff,0xffff,0xffff,0xffff,0xffff,0xffff,0xffff,
    0xffff,0xffff,0xffff,0xffff,0xffff,0xffff,0xffff,0xffff,0xffff,0xffff,0xffff,0xffff,
    0xffff,0xffff,0xffff,0xffff,0xffff,0xffff,0xffff,0xffff,0xffff,0xffff,0xffff,0xffff,
    0xffff,0xffff,0xffff,0xffff,0xffff,0xffff,0xffff,0xffff,0xffff,0xffff,0xffff,0xffff,
    0xffff,0xffff,0xffff,0xffff,0xffff,0xffff,0xffff,0xffff,0xffff,0xffff,0xffff,0xffff,
    0xffff,0xffff,0xffff,0xffff,0xffff,0xffff,0xffff,0xffff,0xffff,0xffff,0xffff,0xffff,
    0xffff,0xffff,0xffff,0xffff,0xffff,0xffff,0xffff,0xffff,0xffff,0xffff,0xffff,0xffff,
    0xffff,0xffff,0xffff,0xffff,0xffff,0xffff,0xffff,0xffff,0xffff,0xffff,0xffff,0xffff,
    0xffff,0xffff,0xffff,0xffff,0xffff,0xffff,0xffff,0xffff,0xffff,0xffff,0xffff,0xffff,
    0xffff,0xffff,0xffff,0xffff,0xffff,0xffff,0xffff,0xffff,0xffff,0xffff,0xffff,0xffff,
    0xffff,0xffff,0xffff,0xffff,0xffff,0xffff,0xffff,0xffff,0xffff,0xffff,0xffff,0xffff,
    0xffff,0xffff,0xffff,0xffff,0xffff,0xffff,0xffff,0xffff,0xffff,0xffff,0xffff,0xffff,
    0xffff,0xffff,0xffff,0xffff,0xffff,0xffff,0xffff,0xffff,0xffff,0xffff,0xffff,0xffff,
    0xffff,0xffff,0xffff,0xffff,0xffff,0xffff,0xffff,0xffff,0xffff,0xffff,0xffff,0xffff,
    0xffff,0xffff,0xffff,0xffff,0xffff,0xffff,0xffff,0xffff,0xffff,0xffff,0xffff,0xffff,
    0xffff,0xffff,0xffff,0xffff,0xffff,0xffff,0xffff,0xffff,0xffff,0xffff,0xffff,0xffff,
    0xffff,0xffff,0xffff,0xffff,0xffff,0xffff,0xffff,0xffff,0xffff,0xffff,0xffff,0xffff,
    0xffff,0xffff,0xffff,0xffff,0xffff,0xffff,0xffff,0xffff,0xffff,0xffff,0xffff,0xffff,
    0xffff,0xffff,0xffff,0xffff,0xffff,0xffff,0xffff,0xffff,0xffff,0xffff,0xffff,0xffff,
    0xffff,0xffff,0xffff,0xffff,0xffff,0xffff,0xffff,0xffff,0xffff,0xffff,0xffff,0xffff,
    0xffff,0xffff,0xffff,0xffff,0xffff,0xffff,0xffff,0xffff,0xffff,0xffff,0xffff,0xffff,
    0xffff,0xffff,0xffff,0xffff,0xffff,0xffff,0xffff,0xffff,0xffff,0xffff,0xffff,0xffff,
    0xffff,0xffff,0xffff,0xffff,0xffff,0xffff,0xffff,0xffff,0xffff,0xffff,0xffff,0xffff,
    0xffff,0xffff,0xffff,0xffff,0xffff,0xffff,0xffff,0xffff,0xffff,0xffff,0xffff,0xffff,
    0xffff,0xffff,0xffff,0xffff,0xffff,0xffff,0xffff,0xffff,0xffff,0xffff,0xffff,0xffff,
    0xffff,0xffff,0xffff,0xffff,0xffff,0xffff,0xffff,0xffff,0xffff,0xffff,0xffff,0xffff,
    0xffff,0xffff,0xffff,0xffff,0xffff,0xffff,0xffff,0xffff,0xffff,0xffff,0xffff,0xffff,
    0xffff,0xffff,0xffff,0xffff,0xffff,0xffff,0xffff,0xffff,0xffff,0xffff,0xffff,0xffff,
    0xffff,0xffff,0xffff,0xffff,0xffff,0xffff,0xffff,0xffff,0xffff,0xffff,0xffff,0xffff,
    0xffff,0xffff,0xffff,0xffff,0xffff,0xffff,0xffff,0xffff,0xffff,0xffff,0xffff,0xffff,
    0xffff,0xffff,0xffff,0xffff,0xffff,0xffff,0xffff,0xffff,0xffff,0xffff,0xffff,0xffff,
    0xffff,0xffff,0xffff,0xffff,0xffff,0xffff,0xffff,0xffff,0xffff,0xffff,0xffff,0xffff,
    0xffff,0xffff,0xffff,0xffff,0xffff,0xffff,0xffff,0xffff,0xffff,0xffff,0xffff,0xffff,
    0xffff,0xffff,0xffff,0xffff,0xffff,0xffff,0xffff,0xffff,0xffff,0xffff,0xffff,0xffff,
    0xffff,0xffff,0xffff,0xffff,0xffff,0xffff,0xffff,0xffff,0xffff,0xffff,0xffff,0xffff,
    0xffff,0xffff,0xffff,0xffff,0xffff,0xffff,0xffff,0xffff,0xffff,0xffff,0xffff,0xffff,
    0xffff,0xffff,0xffff,0xffff,0xffff,0xffff,0xffff,0xffff,0xffff,0xffff,0xffff,0xffff,
    0xffff,0xffff,0xffff,0xffff,0xffff,0xffff,0xffff,0xffff,0xffff,0xffff,0xffff,0xffff,
    0xffff,0xffff,0xffff,0xffff,0xffff,0xffff,0xffff,0xffff,0xffff,0xffff,0xffff,0xffff,
    0xffff,0xffff,0xffff,0xffff,0xffff,0xffff,0xffff,0xffff,0xffff,0xffff,0xffff,0xffff,
    0xffff,0xffff,0xffff,0xffff,0xffff,0xffff,0xffff,0xffff,0xffff,0xffff,0xffff,0xffff,
    0xffff,0xffff,0xffff,0xffff,0xffff,0xffff,0xffff,0xffff,0xffff,0xffff,0xffff,0xffff,
    0xffff,0xffff,0xffff,0xffff,0xffff,0xffff,0xffff,0xffff,0xffff,0xffff,0xffff,0xffff,
    0xffff,0xffff,0xffff,0xffff,0xffff,0xffff,0xffff,0xffff,0xffff,0xffff,0xffff,0xffff,
    0xffff,0xffff,0xffff,0xffff,0xffff,0xffff,0xffff,0xffff,0xffff,0xffff,0xffff,0xffff,
    0xffff,0xffff,0xffff,0xffff,0xffff,0xffff,0xffff,0xffff,0xffff,0xffff,0xffff,0xffff,
    0xffff,0xffff,0xffff,0xffff,0xffff,0xffff,0xffff,0xffff,0xffff,0xffff,0xffff,0xffff,
    0xffff,0xffff,0xffff,0xffff,0xffff,0xffff,0xffff,0xffff,0xffff,0xffff,0xffff,0xffff,
    0xffff,0xffff,0xffff,0xffff,0xffff,0xffff,0xffff,0xffff,0xffff,0xffff,0xffff,0xffff,
    0xffff,0xffff,0xffff,0xffff,0xffff,0xffff,0xffff,0xffff,0xffff,0xffff,0xffff,0xffff,
    0xffff,0xffff,0xffff,0xffff,0xffff,0xffff,0xffff,0xffff,0xffff,0xffff,0xffff,0xffff,
    0xffff,0xffff,0xffff,0xffff,0xffff,0xffff,0xffff,0xffff,0xffff,0xffff,0xffff,0xffff,
    0xffff,0xffff,0xffff,0xffff,0xffff,0xffff,0xffff,0xffff,0xffff,0xffff,0xffff,0xffff,
    0xffff,0xffff,0xffff,0xffff,0xffff,0xffff,0xffff,0xffff,0xffff,0xffff,0xffff,0xffff,
    0xffff,0xffff,0xffff,0xffff,0xffff,0xffff,0xffff,0xffff,0xffff,0xffff,0xffff,0xffff,
    0xffff,0xffff,0xffff,0xffff,0xffff,0xffff,0xffff,0xffff,0xffff,0xffff,0xffff,0xffff,
    0xffff,0xffff,0xffff,0xffff,0xffff,0xffff,0xffff,0xffff,0xffff,0xffff,0xffff,0xffff,
    0xffff,0xffff,0xffff,0xffff,0xffff,0xffff,0xffff,0xffff,0xffff,0xffff,0xffff,0xffff,
    0xffff,0xffff,0xffff,0xffff,0xffff,0xffff,0xffff,0xffff,0xffff,0xffff,0xffff,0xffff,
    0xffff,0xffff,0xffff,0xffff,0xffff,0xffff,0xffff,0xffff,0xffff,0xffff,0xffff,0xffff,
    0xffff,0xffff,0xffff,0xffff,0xffff,0xffff,0xffff,0xffff,0xffff,0xffff,0xffff,0xffff,
    0xffff,0xffff,0xffff,0xffff,0xffff,0xffff,0xffff,0xffff,0xffff,0xffff,0xffff,0xffff,
    0xffff,0xffff,0xffff,0xffff,0xffff,0xffff,0xffff,0xffff,0xffff,0xffff,0xffff,0xffff,
    0xffff,0xffff,0xffff,0xffff,0xffff,0xffff,0xffff,0xffff,0xffff,0xffff,0xffff,0xffff,
    0xffff,0xffff,0xffff,0xffff,0xffff,0xffff,0xffff,0xffff,0xffff,0xffff,0xffff,0xffff,
    0xffff,0xffff,0xffff,0xffff,0xffff,0xffff,0xffff,0xffff,0xffff,0xffff,0xffff,0xffff,
    0xffff,0xffff,0xffff,0xffff,0xffff,0xffff,0xffff,0xffff,0xffff,0xffff,0xffff,0xffff,
    0xffff,0xffff,0xffff,0xffff,0xffff,0xffff,0xffff,0xffff,0xffff,0xffff,0xffff,0xffff,
    0xffff,0xffff,0xffff,0xffff,0xffff,0xffff,0xffff,0xffff,0xffff,0xffff,0xffff,0xffff,
    0xffff,0xffff,0xffff,0xffff,0xffff,0xffff,0xffff,0xffff,0xffff,0xffff,0xffff,0xffff,
    0xffff,0xffff,0xffff,0xffff,0xffff,0xffff,0xffff,0xffff,0xffff,0xffff,0xffff,0xffff,
    0xffff,0xffff,0xffff,0xffff,0xffff,0xffff,0xffff,0xffff,0xffff,0xffff,0xffff,0xffff,
    0xffff,0xffff,0xffff,0xffff,0xffff,0xffff,0xffff,0xffff,0xffff,0xffff,0xffff,0xffff,
    0xffff,0xffff,0xffff,0xffff,0xffff,0xffff,0xffff,0xffff,0xffff,0xffff,0xffff,0xffff,
    0xffff,0xffff,0xffff,0xffff,0xffff,0xffff,0xffff,0xffff,0xffff,0xffff,0xffff,0xffff,
    0xffff,0xffff,0xffff,0xffff,0xffff,0xffff,0xffff,0xffff,0xffff,0xffff,0xffff,0xffff,
    0xffff,0xffff,0xffff,0xffff,0xffff,0xffff,0xffff,0xffff,0xffff,0xffff,0xffff,0xffff,
    0xffff,0xffff,0xffff,0xffff,0xffff,0xffff,0xffff,0xffff,0xffff,0xffff,0xffff,0xffff,
    0xffff,0xffff,0xffff,0xffff,0xffff,0xffff,0xffff,0xffff,0xffff,0xffff,0xffff,0xffff,
    0xffff,0xffff,0xffff,0xffff,0xffff,0xffff,0xffff,0xffff,0xffff,0xffff,0xffff,0xffff,
    0xffff,0xffff,0xffff,0xffff,0xffff,0xffff,0xffff,0xffff,0xffff,0xffff,0xffff,0xffff,
    0xffff,0xffff,0xffff,0xffff,0xffff,0xffff,0xffff,0xffff,0xffff,0xffff,0xffff,0xffff,
    0xffff,0xffff,0xffff,0xffff,0xffff,0xffff,0xffff,0xffff,0xffff,0xffff,0xffff,0xffff,
    0xffff,0xffff,0xffff,0xffff,0xffff,0xffff,0xffff,0xffff,0xffff,0xffff,0xffff,0xffff,
    0xffff,0xffff,0xffff,0xffff,0xffff,0xffff,0xffff,0xffff,0xffff,0xffff,0xffff,0xffff,
    0xffff,0xffff,0xffff,0xffff,0xffff,0xffff,0xffff,0xffff,0xffff,0xffff,0xffff,0xffff,
    0xffff,0xffff,0xffff,0xffff,0xffff,0xffff,0xffff,0xffff,0xffff,0xffff,0xffff,0xffff,
    0xffff,0xffff,0xffff,0xffff,0xffff,0xffff,0xffff,0xffff,0xffff,0xffff,0xffff,0xffff,
    0xffff,0xffff,0xffff,0xffff,0xffff,0xffff,0xffff,0xffff,0xffff,0xffff,0xffff,0xffff,
    0xffff,0xffff,0xffff,0xffff,0xffff,0xffff,0xffff,0xffff,0xffff,0xffff,0xffff,0xffff,
    0xffff,0xffff,0xffff,0xffff,0xffff,0xffff,0xffff,0xffff,0xffff,0xffff,0xffff,0xffff,
    0xffff,0xffff,0xffff,0xffff,0xffff,0xffff,0xffff,0xffff,0xffff,0xffff,0xffff,0xffff,
    0xffff,0xffff,0xffff,0xffff,0xffff,0xffff,0xffff,0xffff,0xffff,0xffff,0xffff,0xffff,
    0xffff,0xffff,0xffff,0xffff,0xffff,0xffff,0xffff,0xffff,0xffff,0xffff,0xffff,0xffff,
    0xffff,0xffff,0xffff,0xffff,0xffff,0xffff,0xffff,0xffff,0xffff,0xffff,0xffff,0xffff,
    0xffff,0xffff,0xffff,0xffff,0xffff,0xffff,0xffff,0xffff,0xffff,0xffff,0xffff,0xffff,
    0xffff,0xffff,0xffff,0xffff,0xffff,0xffff,0xffff,0xffff,0xffff,0xffff,0xffff,0xffff,
    0xffff,0xffff,0xffff,0xffff,0xffff,0xffff,0xffff,0xffff,0xffff,0xffff,0xffff,0xffff,
    0xffff,0xffff,0xffff,0xffff,0xffff,0xffff,0xffff,0xffff,0xffff,0xffff,0xffff,0xffff,
    0xffff,0xffff,0xffff,0xffff,0xffff,0xffff,0xffff,0xffff,0xffff,0xffff,0xffff,0xffff,
    0xffff,0xffff,0xffff,0xffff,0xffff,0xffff,0xffff,0xffff,0xffff,0xffff,0xffff,0xffff,
    0xffff,0xffff,0xffff,0xffff,0xffff,0xffff,0xffff,0xffff,0xffff,0xffff,0xffff,0xffff,
    0xffff,0xffff,0xffff,0xffff,0xffff,0xffff,0xffff,0xffff,0xffff,0xffff,0xffff,0xffff,
    0xffff,0xffff,0xffff,0xffff,0xffff,0xffff,0xffff,0xffff,0xffff,0xffff,0xffff,0xffff,
    0xffff,0xffff,0xffff,0xffff,0xffff,0xffff,0xffff,0xffff,0xffff,0xffff,0xffff,0xffff,
    0xffff,0xffff,0xffff,0xffff,0xffff,0xffff,0xffff,0xffff,0xffff,0xffff,0xffff,0xffff,
    0xffff,0xffff,0xffff,0xffff,0xffff,0xffff,0xffff,0xffff,0xffff,0xffff,0xffff,0xffff,
    0xffff,0xffff,0xffff,0xffff,0xffff,0xffff,0xffff,0xffff,0xffff,0xffff,0xffff,0xffff,
    0xffff,0xffff,0xffff,0xffff,0xffff,0xffff,0xffff,0xffff,0xffff,0xffff,0xffff,0xffff,
    0xffff,0xffff,0xffff,0xffff,0xffff,0xffff,0xffff,0xffff,0xffff,0xffff,0xffff,0xffff,
    0xffff,0xffff,0xffff,0xffff,0xffff,0xffff,0xffff,0xffff,0xffff,0xffff,0xffff,0xffff,
    0xffff,0xffff,0xffff,0xffff,0xffff,0xffff,0xffff,0xffff,0xffff,0xffff,0xffff,0xffff,
    0xffff,0xffff,0xffff,0xffff,0xffff,0xffff,0xffff,0xffff,0xffff,0xffff,0xffff,0xffff,
    0xffff,0xffff,0xffff,0xffff,0xffff,0xffff,0xffff,0xffff,0xffff,0xffff,0xffff,0xffff,
    0xffff,0xffff,0xffff,0xffff,0xffff,0xffff,0xffff,0xffff,0xffff,0xffff,0xffff,0xffff,
    0xffff,0xffff,0xffff,0xffff,0xffff,0xffff,0xffff,0xffff,0xffff,0xffff,0xffff,0xffff,
    0xffff,0xffff,0xffff,0xffff,0xffff,0xffff,0xffff,0xffff,0xffff,0xffff,0xffff,0xffff,
    0xffff,0xffff,0xffff,0xffff,0xffff,0xffff,0xffff,0xffff,0xffff,0xffff,0xffff,0xffff,
    0xffff,0xffff,0xffff,0xffff,0xffff,0xffff,0xffff,0xffff,0xffff,0xffff,0xffff,0xffff,
    0xffff,0xffff,0xffff,0xffff,0xffff,0xffff,0xffff,0xffff,0xffff,0xffff,0xffff,0xffff,
    0xffff,0xffff,0xffff,0xffff,0xffff,0xffff,0xffff,0xffff,0xffff,0xffff,0xffff,0xffff,
    0xffff,0xffff,0xffff,0xffff,0xffff,0xffff,0xffff,0xffff,0xffff,0xffff,0xffff,0xffff,
    0xffff,0xffff,0xffff,0xffff,0xffff,0xffff,0xffff,0xffff,0xffff,0xffff,0xffff,0xffff,
    0xffff,0xffff,0xffff,0xffff,0xffff,0xffff,0xffff,0xffff,0xffff,0xffff,0xffff,0xffff,
    0xffff,0xffff,0xffff,0xffff,0xffff,0xffff,0xffff,0xffff,0xffff,0xffff,0xffff,0xffff,
    0xffff,0xffff,0xffff,0xffff,0xffff,0xffff,0xffff,0xffff,0xffff,0xffff,0xffff,0xffff,
    0xffff,0xffff,0xffff,0xffff,0xffff,0xffff,0xffff,0xffff,0xffff,0xffff,0xffff,0xffff,
    0xffff,0xffff,0xffff,0xffff,0xffff,0xffff,0xffff,0xffff,0xffff,0xffff,0xffff,0xffff,
    0xffff,0xffff,0xffff,0xffff,0xffff,0xffff,0xffff,0xffff,0xffff,0xffff,0xffff,0xffff,
    0xffff,0xffff,0xffff,0xffff,0xffff,0xffff,0xffff,0xffff,0xffff,0xffff,0xffff,0xffff,
    0xffff,0xffff,0xffff,0xffff,0xffff,0xffff,0xffff,0xffff,0xffff,0xffff,0xffff,0xffff,
    0xffff,0xffff,0xffff,0xffff,0xffff,0xffff,0xffff,0xffff,0xffff,0xffff,0xffff,0xffff,
    0xffff,0xffff,0xffff,0xffff,0xffff,0xffff,0xffff,0xffff,0xffff,0xffff,0xffff,0xffff,
    0xffff,0xffff,0xffff,0xffff,0xffff,0xffff,0xffff,0xffff,0xffff,0xffff,0xffff,0xffff,
    0xffff,0xffff,0xffff,0xffff,0xffff,0xffff,0xffff,0xffff,0xffff,0xffff,0xffff,0xffff,
    0xffff,0xffff,0xffff,0xffff,0xffff,0xffff,0xffff,0xffff,0xffff,0xffff,0xffff,0xffff,
    0xffff,0xffff,0xffff,0xffff,0xffff,0xffff,0xffff,0xffff,0xffff,0xffff,0xffff,0xffff,
    0xffff,0xffff,0xffff,0xffff,0xffff,0xffff,0xffff,0xffff,0xffff,0xffff,0xffff,0xffff,
    0xffff,0xffff,0xffff,0xffff,0xffff,0xffff,0xffff,0xffff,0xffff,0xffff,0xffff,0xffff,
    0xffff,0xffff,0xffff,0xffff,0xffff,0xffff,0xffff,0xffff,0xffff,0xffff,0xffff,0xffff,
    0xffff,0xffff,0xffff,0xffff,0xffff,0xffff,0xffff,0xffff,0xffff,0xffff,0xffff,0xffff,
    0xffff,0xffff,0xffff,0xffff,0xffff,0xffff,0xffff,0xffff,0xffff,0xffff,0xffff,0xffff,
    0xffff,0xffff,0xffff,0xffff,0xffff,0xffff,0xffff,0xffff,0xffff,0xffff,0xffff,0xffff,
    0xffff,0xffff,0xffff,0xffff,0xffff,0xffff,0xffff,0xffff,0xffff,0xffff,0xffff,0xffff,
    0xffff,0xffff,0xffff,0xffff,0xffff,0xffff,0xffff,0xffff,0xffff,0xffff,0xffff,0xffff,
    0xffff,0xffff,0xffff,0xffff,0xffff,0xffff,0xffff,0xffff,0xffff,0xffff,0xffff,0xffff,
    0xffff,0xffff,0xffff,0xffff,0xffff,0xffff,0xffff,0xffff,0xffff,0xffff,0xffff,0xffff,
    0xffff,0xffff,0xffff,0xffff,0xffff,0xffff,0xffff,0xffff,0xffff,0xffff,0xffff,0xffff,
    0xffff,0xffff,0xffff,0xffff,0xffff,0xffff,0xffff,0xffff,0xffff,0xffff,0xffff,0xffff,
    0xffff,0xffff,0xffff,0xffff,0xffff,0xffff,0xffff,0xffff,0xffff,0xffff,0xffff,0xffff,
    0xffff,0xffff,0xffff,0xffff,0xffff,0xffff,0xffff,0xffff,0xffff,0xffff,0xffff,0xffff,
    0xffff,0xffff,0xffff,0xffff,0xffff,0xffff,0xffff,0xffff,0xffff,0xffff,0xffff,0xffff,
    0xffff,0xffff,0xffff,0xffff,0xffff,0xffff,0xffff,0xffff,0xffff,0xffff,0xffff,0xffff,
    0xffff,0xffff,0xffff,0xffff,0xffff,0xffff,0xffff,0xffff,0xffff,0xffff,0xffff,0xffff,
    0xffff,0xffff,0xffff,0xffff,0xffff,0xffff,0xffff,0xffff,0xffff,0xffff,0xffff,0xffff,
    0xffff,0xffff,0xffff,0xffff,0xffff,0xffff,0xffff,0xffff,0xffff,0xffff,0xffff,0xffff,
    0xffff,0xffff,0xffff,0xffff,0xffff,0xffff,0xffff,0xffff,0xffff,0xffff,0xffff,0xffff,
    0xffff,0xffff,0xffff,0xffff,0xffff,0xffff,0xffff,0xffff,0xffff,0xffff,0xffff,0xffff,
    0xffff,0xffff,0xffff,0xffff,0xffff,0xffff,0xffff,0xffff,0xffff,0xffff,0xffff,0xffff,
    0xffff,0xffff,0xffff,0xffff,0xffff,0xffff,0xffff,0xffff,0xffff,0xffff,0xffff,0xffff,
    0xffff,0xffff,0xffff,0xffff,0xffff,0xffff,0xffff,0xffff,0xffff,0xffff,0xffff,0xffff,
    0xffff,0xffff,0xffff,0xffff,0xffff,0xffff,0xffff,0xffff,0xffff,0xffff,0xffff,0xffff,
    0xffff,0xffff,0xffff,0xffff,0xffff,0xffff,0xffff,0xffff,0xffff,0xffff,0xffff,0xffff,
    0xffff,0xffff,0xffff,0xffff,0xffff,0xffff,0xffff,0xffff,0xffff,0xffff,0xffff,0xffff,
    0xffff,0xffff,0xffff,0xffff,0xffff,0xffff,0xffff,0xffff,0xffff,0xffff,0xffff,0xffff,
    0xffff,0xffff,0xffff,0xffff,0xffff,0xffff,0xffff,0xffff,0xffff,0xffff,0xffff,0xffff,
    0xffff,0xffff,0xffff,0xffff,0xffff,0xffff,0xffff,0xffff,0xffff,0xffff,0xffff,0xffff,
    0xffff,0xffff,0xffff,0xffff,0xffff,0xffff,0xffff,0xffff,0xffff,0xffff,0xffff,0xffff,
    0xffff,0xffff,0xffff,0xffff,0xffff,0xffff,0xffff,0xffff,0xffff,0xffff,0xffff,0xffff,
    0xffff,0xffff,0xffff,0xffff,0xffff,0xffff,0xffff,0xffff,0xffff,0xffff,0xffff,0xffff,
    0xffff,0xffff,0xffff,0xffff,0xffff,0xffff,0xffff,0xffff,0xffff,0xffff,0xffff,0xffff,
    0xffff,0xffff,0xffff,0xffff,0xffff,0xffff,0xffff,0xffff,0xffff,0xffff,0xffff,0xffff,
    0xffff,0xffff,0xffff,0xffff,0xffff,0xffff,0xffff,0xffff,0xffff,0xffff,0xffff,0xffff,
    0xffff,0xffff,0xffff,0xffff,0xffff,0xffff,0xffff,0xffff,0xffff,0xffff,0xffff,0xffff,
    0xffff,0xffff,0xffff,0xffff,0xffff,0xffff,0xffff,0xffff,0xffff,0xffff,0xffff,0xffff,
    0xffff,0xffff,0xffff,0xffff,0xffff,0xffff,0xffff,0xffff,0xffff,0xffff,0xffff,0xffff,
    0xffff,0xffff,0xffff,0xffff,0xffff,0xffff,0xffff,0xffff,0xffff,0xffff,0xffff,0xffff,
    0xffff,0xffff,0xffff,0xffff,0xffff,0xffff,0xffff,0xffff,0xffff,0xffff,0xffff,0xffff,
    0xffff,0xffff,0xffff,0xffff,0xffff,0xffff,0xffff,0xffff,0xffff,0xffff,0xffff,0xffff,
    0xffff,0xffff,0xffff,0xffff,0xffff,0xffff,0xffff,0xffff,0xffff,0xffff,0xffff,0xffff,
    0xffff,0xffff,0xffff,0xffff,0xffff,0xffff,0xffff,0xffff,0xffff,0xffff,0xffff,0xffff,
    0xffff,0xffff,0xffff,0xffff,0xffff,0xffff,0xffff,0xffff,0xffff,0xffff,0xffff,0xffff,
    0xffff,0xffff,0xffff,0xffff,0xffff,0xffff,0xffff,0xffff,0xffff,0xffff,0xffff,0xffff,
    0xffff,0xffff,0xffff,0xffff,0xffff,0xffff,0xffff,0xffff,0xffff,0xffff,0xffff,0xffff,
    0xffff,0xffff,0xffff,0xffff,0xffff,0xffff,0xffff,0xffff,0xffff,0xffff,0xffff,0xffff,
    0xffff,0xffff,0xffff,0xffff,0xffff,0xffff,0xffff,0xffff,0xffff,0xffff,0xffff,0xffff,
    0xffff,0xffff,0xffff,0xffff,0xffff,0xffff,0xffff,0xffff,0xffff,0xffff,0xffff,0xffff,
    0xffff,0xffff,0xffff,0xffff,0xffff,0xffff,0xffff,0xffff,0xffff,0xffff,0xffff,0xffff,
    0xffff,0xffff,0xffff,0xffff,0xffff,0xffff,0xffff,0xffff,0xffff,0xffff,0xffff,0xffff,
    0xffff,0xffff,0xffff,0xffff,0xffff,0xffff,0xffff,0xffff,0xffff,0xffff,0xffff,0xffff,
    0xffff,0xffff,0xffff,0xffff,0xffff,0xffff,0xffff,0xffff,0xffff,0xffff,0xffff,0xffff,
    0xffff,0xffff,0xffff,0xffff,0xffff,0xffff,0xffff,0xffff,0xffff,0xffff,0xffff,0xffff,
    0xffff,0xffff,0xffff,0xffff,0xffff,0xffff,0xffff,0xffff,0xffff,0xffff,0xffff,0xffff,
    0xffff,0xffff,0xffff,0xffff,0xffff,0xffff,0xffff,0xffff,0xffff,0xffff,0xffff,0xffff,
    0xffff,0xffff,0xffff,0xffff,0xffff,0xffff,0xffff,0xffff,0xffff,0xffff,0xffff,0xffff,
    0xffff,0xffff,0xffff,0xffff,0xffff,0xffff,0xffff,0xffff,0xffff,0xffff,0xffff,0xffff,
    0xffff,0xffff,0xffff,0xffff,0xffff,0xffff,0xffff,0xffff,0xffff,0xffff,0xffff,0xffff,
    0xffff,0xffff,0xffff,0xffff,0xffff,0xffff,0xffff,0xffff,0xffff,0xffff,0xffff,0xffff,
    0xffff,0xffff,0xffff,0xffff,0xffff,0xffff,0xffff,0xffff,0xffff,0xffff,0xffff,0xffff,
    0xffff,0xffff,0xffff,0xffff,0xffff,0xffff,0xffff,0xffff,0xffff,0xffff,0xffff,0xffff,
    0xffff,0xffff,0xffff,0xffff,0xffff,0xffff,0xffff,0xffff,0xffff,0xffff,0xffff,0xffff,
    0xffff,0xffff,0xffff,0xffff,0xffff,0xffff,0xffff,0xffff,0xffff,0xffff,0xffff,0xffff,
    0xffff,0xffff,0xffff,0xffff,0xffff,0xffff,0xffff,0xffff,0xffff,0xffff,0xffff,0xffff,
    0xffff,0xffff,0xffff,0xffff,0xffff,0xffff,0xffff,0xffff,0xffff,0xffff,0xffff,0xffff,
    0xffff,0xffff,0xffff,0xffff,0xffff,0xffff,0xffff,0xffff,0xffff,0xffff,0xffff,0xffff,
    0xffff,0xffff,0xffff,0xffff,0xffff,0xffff,0xffff,0xffff,0xffff,0xffff,0xffff,0xffff,
    0xffff,0xffff,0xffff,0xffff,0xffff,0xffff,0xffff,0xffff,0xffff,0xffff,0xffff,0xffff,
    0xffff,0xffff,0xffff,0xffff,0xffff,0xffff,0xffff,0xffff,0xffff,0xffff,0xffff,0xffff,
    0xffff,0xffff,0xffff,0xffff,0xffff,0xffff,0xffff,0xffff,0xffff,0xffff,0xffff,0xffff,
    0xffff,0xffff,0xffff,0xffff,0xffff,0xffff,0xffff,0xffff,0xffff,0xffff,0xffff,0xffff,
    0xffff,0xffff,0xffff,0xffff,0xffff,0xffff,0xffff,0xffff,0xffff,0xffff,0xffff,0xffff,
    0xffff,0xffff,0xffff,0xffff,0xffff,0xffff,0xffff,0xffff,0xffff,0xffff,0xffff,0xffff,
    0xffff,0xffff,0xffff,0xffff,0xffff,0xffff,0xffff,0xffff,0xffff,0xffff,0xffff,0xffff,
    0xffff,0xffff,0xffff,0xffff,0xffff,0xffff,0xffff,0xffff,0xffff,0xffff,0xffff,0xffff,
    0xffff,0xffff,0xffff,0xffff,0xffff,0xffff,0xffff,0xffff,0xffff,0xffff,0xffff,0xffff,
    0xffff,0xffff,0xffff,0xffff,0xffff,0xffff,0xffff,0xffff,0xffff,0xffff,0xffff,0xffff,
    0xffff,0xffff,0xffff,0xffff,0xffff,0xffff,0xffff,0xffff,0xffff,0xffff,0xffff,0xffff,
    0xffff,0xffff,0xffff,0xffff,0xffff,0xffff,0xffff,0xffff,0xffff,0xffff,0xffff,0xffff,
    0xffff,0xffff,0xffff,0xffff,0xffff,0xffff,0xffff,0xffff,0xffff,0xffff,0xffff,0xffff,
    0xffff,0xffff,0xffff,0xffff,0xffff,0xffff,0xffff,0xffff,0xffff,0xffff,0xffff,0xffff,
    0xffff,0xffff,0xffff,0xffff,0xffff,0xffff,0xffff,0xffff,0xffff,0xffff,0xffff,0xffff,
    0xffff,0xffff,0xffff,0xffff,0xffff,0xffff,0xffff,0xffff,0xffff,0xffff,0xffff,0xffff,
    0xffff,0xffff,0xffff,0xffff,0xffff,0xffff,0xffff,0xffff,0xffff,0xffff,0xffff,0xffff,
    0xffff,0xffff,0xffff,0xffff,0xffff,0xffff,0xffff,0xffff,0xffff,0xffff,0xffff,0xffff,
    0xffff,0xffff,0xffff,0xffff,0xffff,0xffff,0xffff,0xffff,0xffff,0xffff,0xffff,0xffff,
    0xffff,0xffff,0xffff,0xffff,0xffff,0xffff,0xffff,0xffff,0xffff,0xffff,0xffff,0xffff,
    0xffff,0xffff,0xffff,0xffff,0xffff,0xffff,0xffff,0xffff,0xffff,0xffff,0xffff,0xffff,
    0xffff,0xffff,0xffff,0xffff,0xffff,0xffff,0xffff,0xffff,0xffff,0xffff,0xffff,0xffff,
    0xffff,0xffff,0xffff,0xffff,0xffff,0xffff,0xffff,0xffff,0xffff,0xffff,0xffff,0xffff,
    0xffff,0xffff,0xffff,0xffff,0xffff,0xffff,0xffff,0xffff,0xffff,0xffff,0xffff,0xffff,
    0xffff,0xffff,0xffff,0xffff,0xffff,0xffff,0xffff,0xffff,0xffff,0xffff,0xffff,0xffff,
    0xffff,0xffff,0xffff,0xffff,0xffff,0xffff,0xffff,0xffff,0xffff,0xffff,0xffff,0xffff,
    0xffff,0xffff,0xffff,0xffff,0xffff,0xffff,0xffff,0xffff,0xffff,0xffff,0xffff,0xffff,
    0xffff,0xffff,0xffff,0xffff,0xffff,0xffff,0xffff,0xffff,0xffff,0xffff,0xffff,0xffff,
    0xffff,0xffff,0xffff,0xffff,0xffff,0xffff,0xffff,0xffff,0xffff,0xffff,0xffff,0xffff,
    0xffff,0xffff,0xffff,0xffff,0xffff,0xffff,0xffff,0xffff,0xffff,0xffff,0xffff,0xffff,
    0xffff,0xffff,0xffff,0xffff,0xffff,0xffff,0xffff,0xffff,0xffff,0xffff,0xffff,0xffff,
    0xffff,0xffff,0xffff,0xffff,0xffff,0xffff,0xffff,0xffff,0xffff,0xffff,0xffff,0xffff,
    0xffff,0xffff,0xffff,0xffff,0xffff,0xffff,0xffff,0xffff,0xffff,0xffff,0xffff,0xffff,
    0xffff,0xffff,0xffff,0xffff,0xffff,0xffff,0xffff,0xffff,0xffff,0xffff,0xffff,0xffff,
    0xffff,0xffff,0xffff,0xffff,0xffff,0xffff,0xffff,0xffff,0xffff,0xffff,0xffff,0xffff,
    0xffff,0xffff,0xffff,0xffff,0xffff,0xffff,0xffff,0xffff,0xffff,0xffff,0xffff,0xffff,
    0xffff,0xffff,0xffff,0xffff,0xffff,0xffff,0xffff,0xffff,0xffff,0xffff,0xffff,0xffff,
    0xffff,0xffff,0xffff,0xffff,0xffff,0xffff,0xffff,0xffff,0xffff,0xffff,0xffff,0xffff,
    0xffff,0xffff,0xffff,0xffff,0xffff,0xffff,0xffff,0xffff,0xffff,0xffff,0xffff,0xffff,
    0xffff,0xffff,0xffff,0xffff,0xffff,0xffff,0xffff,0xffff,0xffff,0xffff,0xffff,0xffff,
    0xffff,0xffff,0xffff,0xffff,0xffff,0xffff,0xffff,0xffff,0xffff,0xffff,0xffff,0xffff,
    0xffff,0xffff,0xffff,0xffff,0xffff,0xffff,0xffff,0xffff,0xffff,0xffff,0xffff,0xffff,
    0xffff,0xffff,0xffff,0xffff,0xffff,0xffff,0xffff,0xffff,0xffff,0xffff,0xffff,0xffff,
    0xffff,0xffff,0xffff,0xffff,0xffff,0xffff,0xffff,0xffff,0xffff,0xffff,0xffff,0xffff,
    0xffff,0xffff,0xffff,0xffff,0xffff,0xffff,0xffff,0xffff,0xffff,0xffff,0xffff,0xffff,
    0xffff,0xffff,0xffff,0xffff,0xffff,0xffff,0xffff,0xffff,0xffff,0xffff,0xffff,0xffff,
    0xffff,0xffff,0xffff,0xffff,0xffff,0xffff,0xffff,0xffff,0xffff,0xffff,0xffff,0xffff,
    0xffff,0xffff,0xffff,0xffff,0xffff,0xffff,0xffff,0xffff,0xffff,0xffff,0xffff,0xffff,
    0xffff,0xffff,0xffff,0xffff,0xffff,0xffff,0xffff,0xffff,0xffff,0xffff,0xffff,0xffff,
    0xffff,0xffff,0xffff,0xffff,0xffff,0xffff,0xffff,0xffff,0xffff,0xffff,0xffff,0xffff,
    0xffff,0xffff,0xffff,0xffff,0xffff,0xffff,0xffff,0xffff,0xffff,0xffff,0xffff,0xffff,
    0xffff,0xffff,0xffff,0xffff,0xffff,0xffff,0xffff,0xffff,0xffff,0xffff,0xffff,0xffff,
    0xffff,0xffff,0xffff,0xffff,0xffff,0xffff,0xffff,0xffff,0xffff,0xffff,0xffff,0xffff,
    0xffff,0xffff,0xffff,0xffff,0xffff,0xffff,0xffff,0xffff,0xffff,0xffff,0xffff,0xffff,
    0xffff,0xffff,0xffff,0xffff,0xffff,0xffff,0xffff,0xffff,0xffff,0xffff,0xffff,0xffff,
    0xffff,0xffff,0xffff,0xffff,0xffff,0xffff,0xffff,0xffff,0xffff,0xffff,0xffff,0xffff,
    0xffff,0xffff,0xffff,0xffff,0xffff,0xffff,0xffff,0xffff,0xffff,0xffff,0xffff,0xffff,
    0xffff,0xffff,0xffff,0xffff,0xffff,0xffff,0xffff,0xffff,0xffff,0xffff,0xffff,0xffff,
    0xffff,0xffff,0xffff,0xffff,0xffff,0xffff,0xffff,0xffff,0xffff,0xffff,0xffff,0xffff,
    0xffff,0xffff,0xffff,0xffff,0xffff,0xffff,0xffff,0xffff,0xffff,0xffff,0xffff,0xffff,
    0xffff,0xffff,0xffff,0xffff,0xffff,0xffff,0xffff,0xffff,0xffff,0xffff,0xffff,0xffff,
    0xffff,0xffff,0xffff,0xffff,0xffff,0xffff,0xffff,0xffff,0xffff,0xffff,0xffff,0xffff,
    0xffff,0xffff,0xffff,0xffff,0xffff,0xffff,0xffff,0xffff,0xffff,0xffff,0xffff,0xffff,
    0xffff,0xffff,0xffff,0xffff,0xffff,0xffff,0xffff,0xffff,0xffff,0xffff,0xffff,0xffff,
    0xffff,0xffff,0xffff,0xffff,0xffff,0xffff,0xffff,0xffff,0xffff,0xffff,0xffff,0xffff,
    0xffff,0xffff,0xffff,0xffff,0xffff,0xffff,0xffff,0xffff,0xffff,0xffff,0xffff,0xffff,
    0xffff,0xffff,0xffff,0xffff,0xffff,0xffff,0xffff,0xffff,0xffff,0xffff,0xffff,0xffff,
    0xffff,0xffff,0xffff,0xffff,0xffff,0xffff,0xffff,0xffff,0xffff,0xffff,0xffff,0xffff,
    0xffff,0xffff,0xffff,0xffff,0xffff,0xffff,0xffff,0xffff,0xffff,0xffff,0xffff,0xffff,
    0xffff,0xffff,0xffff,0xffff,0xffff,0xffff,0xffff,0xffff,0xffff,0xffff,0xffff,0xffff,
    0xffff,0xffff,0xffff,0xffff,0xffff,0xffff,0xffff,0xffff,0xffff,0xffff,0xffff,0xffff,
    0xffff,0xffff,0xffff,0xffff,0xffff,0xffff,0xffff,0xffff,0xffff,0xffff,0xffff,0xffff,
    0xffff,0xffff,0xffff,0xffff,0xffff,0xffff,0xffff,0xffff,0xffff,0xffff,0xffff,0xffff,
    0xffff,0xffff,0xffff,0xffff,0xffff,0xffff,0xffff,0xffff,0xffff,0xffff,0xffff,0xffff,
    0xffff,0xffff,0xffff,0xffff,0xffff,0xffff,0xffff,0xffff,0xffff,0xffff,0xffff,0xffff,
    0xffff,0xffff,0xffff,0xffff,0xffff,0xffff,0xffff,0xffff,0xffff,0xffff,0xffff,0xffff,
    0xffff,0xffff,0xffff,0xffff,0xffff,0xffff,0xffff,0xffff,0xffff,0xffff,0xffff,0xffff,
    0xffff,0xffff,0xffff,0xffff,0xffff,0xffff,0xffff,0xffff,0xffff,0xffff,0xffff,0xffff,
    0xffff,0xffff,0xffff,0xffff,0xffff,0xffff,0xffff,0xffff,0xffff,0xffff,0xffff,0xffff,
    0xffff,0xffff,0xffff,0xffff,0xffff,0xffff,0xffff,0xffff,0xffff,0xffff,0xffff,0xffff,
    0xffff,0xffff,0xffff,0xffff,0xffff,0xffff,0xffff,0xffff,0xffff,0xffff,0xffff,0xffff,
    0xffff,0xffff,0xffff,0xffff,0xffff,0xffff,0xffff,0xffff,0xffff,0xffff,0xffff,0xffff,
    0xffff,0xffff,0xffff,0xffff,0xffff,0xffff,0xffff,0xffff,0xffff,0xffff,0xffff,0xffff,
    0xffff,0xffff,0xffff,0xffff,0xffff,0xffff,0xffff,0xffff,0xffff,0xffff,0xffff,0xffff,
    0xffff,0xffff,0xffff,0xffff,0xffff,0xffff,0xffff,0xffff,0xffff,0xffff,0xffff,0xffff,
    0xffff,0xffff,0xffff,0xffff,0xffff,0xffff,0xffff,0xffff,0xffff,0xffff,0xffff,0xffff,
    0xffff,0xffff,0xffff,0xffff,0xffff,0xffff,0xffff,0xffff,0xffff,0xffff,0xffff,0xffff,
    0xffff,0xffff,0xffff,0xffff,0xffff,0xffff,0xffff,0xffff,0xffff,0xffff,0xffff,0xffff,
    0xffff,0xffff,0xffff,0xffff,0xffff,0xffff,0xffff,0xffff,0xffff,0xffff,0xffff,0xffff,
    0xffff,0xffff,0xffff,0xffff,0xffff,0xffff,0xffff,0xffff,0xffff,0xffff,0xffff,0xffff,
    0xffff,0xffff,0xffff,0xffff,0xffff,0xffff,0xffff,0xffff,0xffff,0xffff,0xffff,0xffff,
    0xffff,0xffff,0xffff,0xffff,0xffff,0xffff,0xffff,0xffff,0xffff,0xffff,0xffff,0xffff,
    0xffff,0xffff,0xffff,0xffff,0xffff,0xffff,0xffff,0xffff,0xffff,0xffff,0xffff,0xffff,
    0xffff,0xffff,0xffff,0xffff,0xffff,0xffff,0xffff,0xffff,0xffff,0xffff,0xffff,0xffff,
    0xffff,0xffff,0xffff,0xffff,0xffff,0xffff,0xffff,0xffff,0xffff,0xffff,0xffff,0xffff,
    0xffff,0xffff,0xffff,0xffff,0xffff,0xffff,0xffff,0xffff,0xffff,0xffff,0xffff,0xffff,
    0xffff,0xffff,0xffff,0xffff,0xffff,0xffff,0xffff,0xffff,0xffff,0xffff,0xffff,0xffff,
    0xffff,0xffff,0xffff,0xffff,0xffff,0xffff,0xffff,0xffff,0xffff,0xffff,0xffff,0xffff,
    0xffff,0xffff,0xffff,0xffff,0xffff,0xffff,0xffff,0xffff,0xffff,0xffff,0xffff,0xffff,
    0xffff,0xffff,0xffff,0xffff,0xffff,0xffff,0xffff,0xffff,0xffff,0xffff,0xffff,0xffff,
    0xffff,0xffff,0xffff,0xffff,0xffff,0xffff,0xffff,0xffff,0xffff,0xffff,0xffff,0xffff,
    0xffff,0xffff,0xffff,0xffff,0xffff,0xffff,0xffff,0xffff,0xffff,0xffff,0xffff,0xffff,
    0xffff,0xffff,0xffff,0xffff,0xffff,0xffff,0xffff,0xffff,0xffff,0xffff,0xffff,0xffff,
    0xffff,0xffff,0xffff,0xffff,0xffff,0xffff,0xffff,0xffff,0xffff,0xffff,0xffff,0xffff,
    0xffff,0xffff,0xffff,0xffff,0xffff,0xffff,0xffff,0xffff,0xffff,0xffff,0xffff,0xffff,
    0xffff,0xffff,0xffff,0xffff,0xffff,0xffff,0xffff,0xffff,0xffff,0xffff,0xffff,0xffff,
    0xffff,0xffff,0xffff,0xffff,0xffff,0xffff,0xffff,0xffff,0xffff,0xffff,0xffff,0xffff,
    0xffff,0xffff,0xffff,0xffff,0xffff,0xffff,0xffff,0xffff,0xffff,0xffff,0xffff,0xffff,
    0xffff,0xffff,0xffff,0xffff,0xffff,0xffff,0xffff,0xffff,0xffff,0xffff,0xffff,0xffff,
    0xffff,0xffff,0xffff,0xffff,0xffff,0xffff,0xffff,0xffff,0xffff,0xffff,0xffff,0xffff,
    0xffff,0xffff,0xffff,0xffff,0xffff,0xffff,0xffff,0xffff,0xffff,0xffff,0xffff,0xffff,
    0xffff,0xffff,0xffff,0xffff,0xffff,0xffff,0xffff,0xffff,0xffff,0xffff,0xffff,0xffff,
    0xffff,0xffff,0xffff,0xffff,0xffff,0xffff,0xffff,0xffff,0xffff,0xffff,0xffff,0xffff,
    0xffff,0xffff,0xffff,0xffff,0xffff,0xffff,0xffff,0xffff,0xffff,0xffff,0xffff,0xffff,
    0xffff,0xffff,0xffff,0xffff,0xffff,0xffff,0xffff,0xffff,0xffff,0xffff,0xffff,0xffff,
    0xffff,0xffff,0xffff,0xffff,0xffff,0xffff,0xffff,0xffff,0xffff,0xffff,0xffff,0xffff,
    0xffff,0xffff,0xffff,0xffff,0xffff,0xffff,0xffff,0xffff,0xffff,0xffff,0xffff,0xffff,
    0xffff,0xffff,0xffff,0xffff,0xffff,0xffff,0xffff,0xffff,0xffff,0xffff,0xffff,0xffff,
    0xffff,0xffff,0xffff,0xffff,0xffff,0xffff,0xffff,0xffff,0xffff,0xffff,0xffff,0xffff,
    0xffff,0xffff,0xffff,0xffff,0xffff,0xffff,0xffff,0xffff,0xffff,0xffff,0xffff,0xffff,
    0xffff,0xffff,0xffff,0xffff,0xffff,0xffff,0xffff,0xffff,0xffff,0xffff,0xffff,0xffff,
    0xffff,0xffff,0xffff,0xffff,0xffff,0xffff,0xffff,0xffff,0xffff,0xffff,0xffff,0xffff,
    0xffff,0xffff,0xffff,0xffff,0xffff,0xffff,0xffff,0xffff,0xffff,0xffff,0xffff,0xffff,
    0xffff,0xffff,0xffff,0xffff,0xffff,0xffff,0xffff,0xffff,0xffff,0xffff,0xffff,0xffff,
    0xffff,0xffff,0xffff,0xffff,0xffff,0xffff,0xffff,0xffff,0xffff,0xffff,0xffff,0xffff,
    0xffff,0xffff,0xffff,0xffff,0xffff,0xffff,0xffff,0xffff,0xffff,0xffff,0xffff,0xffff,
    0xffff,0xffff,0xffff,0xffff,0xffff,0xffff,0xffff,0xffff,0xffff,0xffff,0xffff,0xffff,
    0xffff,0xffff,0xffff,0xffff,0xffff,0xffff,0xffff,0xffff,0xffff,0xffff,0xffff,0xffff,
    0xffff,0xffff,0xffff,0xffff,0xffff,0xffff,0xffff,0xffff,0xffff,0xffff,0xffff,0xffff,
    0xffff,0xffff,0xffff,0xffff,0xffff,0xffff,0xffff,0xffff,0xffff,0xffff,0xffff,0xffff,
    0xffff,0xffff,0xffff,0xffff,0xffff,0xffff,0xffff,0xffff,0xffff,0xffff,0xffff,0xffff,
    0xffff,0xffff,0xffff,0xffff,0xffff,0xffff,0xffff,0xffff,0xffff,0xffff,0xffff,0xffff,
    0xffff,0xffff,0xffff,0xffff,0xffff,0xffff,0xffff,0xffff,0xffff,0xffff,0xffff,0xffff,
    0xffff,0xffff,0xffff,0xffff,0xffff,0xffff,0xffff,0xffff,0xffff,0xffff,0xffff,0xffff,
    0xffff,0xffff,0xffff,0xffff,0xffff,0xffff,0xffff,0xffff,0xffff,0xffff,0xffff,0xffff,
    0xffff,0xffff,0xffff,0xffff,0xffff,0xffff,0xffff,0xffff,0xffff,0xffff,0xffff,0xffff,
    0xffff,0xffff,0xffff,0xffff,0xffff,0xffff,0xffff,0xffff,0xffff,0xffff,0xffff,0xffff,
    0xffff,0xffff,0xffff,0xffff,0xffff,0xffff,0xffff,0xffff,0xffff,0xffff,0xffff,0xffff,
    0xffff,0xffff,0xffff,0xffff,0xffff,0xffff,0xffff,0xffff,0xffff,0xffff,0xffff,0xffff,
    0xffff,0xffff,0xffff,0xffff,0xffff,0xffff,0xffff,0xffff,0xffff,0xffff,0xffff,0xffff,
    0xffff,0xffff,0xffff,0xffff,0xffff,0xffff,0xffff,0xffff,0xffff,0xffff,0xffff,0xffff,
    0xffff,0xffff,0xffff,0xffff,0xffff,0xffff,0xffff,0xffff,0xffff,0xffff,0xffff,0xffff,
    0xffff,0xffff,0xffff,0xffff,0xffff,0xffff,0xffff,0xffff,0xffff,0xffff,0xffff,0xffff,
    0xffff,0xffff,0xffff,0xffff,0xffff,0xffff,0xffff,0xffff,0xffff,0xffff,0xffff,0xffff,
    0xffff,0xffff,0xffff,0xffff,0xffff,0xffff,0xffff,0xffff,0xffff,0xffff,0xffff,0xffff,
    0xffff,0xffff,0xffff,0xffff,0xffff,0xffff,0xffff,0xffff,0xffff,0xffff,0xffff,0xffff,
    0xffff,0xffff,0xffff,0xffff,0xffff,0xffff,0xffff,0xffff,0xffff,0xffff,0xffff,0xffff,
    0xffff,0xffff,0xffff,0xffff,0xffff,0xffff,0xffff,0xffff,0xffff,0xffff,0xffff,0xffff,
    0xffff,0xffff,0xffff,0xffff,0xffff,0xffff,0xffff,0xffff,0xffff,0xffff,0xffff,0xffff,
    0xffff,0xffff,0xffff,0xffff,0xffff,0xffff,0xffff,0xffff,0xffff,0xffff,0xffff,0xffff,
    0xffff,0xffff,0xffff,0xffff,0xffff,0xffff,0xffff,0xffff,0xffff,0xffff,0xffff,0xffff,
    0xffff,0xffff,0xffff,0xffff,0xffff,0xffff,0xffff,0xffff,0xffff,0xffff,0xffff,0xffff,
    0xffff,0xffff,0xffff,0xffff,0xffff,0xffff,0xffff,0xffff,0xffff,0xffff,0xffff,0xffff,
    0xffff,0xffff,0xffff,0xffff,0xffff,0xffff,0xffff,0xffff,0xffff,0xffff,0xffff,0xffff,
    0xffff,0xffff,0xffff,0xffff,0xffff,0xffff,0xffff,0xffff,0xffff,0xffff,0xffff,0xffff,
    0xffff,0xffff,0xffff,0xffff,0xffff,0xffff,0xffff,0xffff,0xffff,0xffff,0xffff,0xffff,
    0xffff,0xffff,0xffff,0xffff,0xffff,0xffff,0xffff,0xffff,0xffff,0xffff,0xffff,0xffff,
    0xffff,0xffff,0xffff,0xffff,0xffff,0xffff,0xffff,0xffff,0xffff,0xffff,0xffff,0xffff,
    0xffff,0xffff,0xffff,0xffff,0xffff,0xffff,0xffff,0xffff,0xffff,0xffff,0xffff,0xffff,
    0xffff,0xffff,0xffff,0xffff,0xffff,0xffff,0xffff,0xffff,0xffff,0xffff,0xffff,0xffff,
    0xffff,0xffff,0xffff,0xffff,0xffff,0xffff,0xffff,0xffff,0xffff,0xffff,0xffff,0xffff,
    0xffff,0xffff,0xffff,0xffff,0xffff,0xffff,0xffff,0xffff,0xffff,0xffff,0xffff,0xffff,
    0xffff,0xffff,0xffff,0xffff,0xffff,0xffff,0xffff,0xffff,0xffff,0xffff,0xffff,0xffff,
    0xffff,0xffff,0xffff,0xffff,0xffff,0xffff,0xffff,0xffff,0xffff,0xffff,0xffff,0xffff,
    0xffff,0xffff,0xffff,0xffff,0xffff,0xffff,0xffff,0xffff,0xffff,0xffff,0xffff,0xffff,
    0xffff,0xffff,0xffff,0xffff,0xffff,0xffff,0xffff,0xffff,0xffff,0xffff,0xffff,0xffff,
    0xffff,0xffff,0xffff,0xffff,0xffff,0xffff,0xffff,0xffff,0xffff,0xffff,0xffff,0xffff,
    0xffff,0xffff,0xffff,0xffff,0xffff,0xffff,0xffff,0xffff,0xffff,0xffff,0xffff,0xffff,
    0xffff,0xffff,0xffff,0xffff,0xffff,0xffff,0xffff,0xffff,0xffff,0xffff,0xffff,0xffff,
    0xffff,0xffff,0xffff,0xffff,0xffff,0xffff,0xffff,0xffff,0xffff,0xffff,0xffff,0xffff,
    0xffff,0xffff,0xffff,0xffff,0xffff,0xffff,0xffff,0xffff,0xffff,0xffff,0xffff,0xffff,
    0xffff,0xffff,0xffff,0xffff,0xffff,0xffff,0xffff,0xffff,0xffff,0xffff,0xffff,0xffff,
    0xffff,0xffff,0xffff,0xffff,0xffff,0xffff,0xffff,0xffff,0xffff,0xffff,0xffff,0xffff,
    0xffff,0xffff,0xffff,0xffff,0xffff,0xffff,0xffff,0xffff,0xffff,0xffff,0xffff,0xffff,
    0xffff,0xffff,0xffff,0xffff,0xffff,0xffff,0xffff,0xffff,0xffff,0xffff,0xffff,0xffff,
    0xffff,0xffff,0xffff,0xffff,0xffff,0xffff,0xffff,0xffff,0xffff,0xffff,0xffff,0xffff,
    0xffff,0xffff,0xffff,0xffff,0xffff,0xffff,0xffff,0xffff,0xffff,0xffff,0xffff,0xffff,
    0xffff,0xffff,0xffff,0xffff,0xffff,0xffff,0xffff,0xffff,0xffff,0xffff,0xffff,0xffff,
    0xffff,0xffff,0xffff,0xffff,0xffff,0xffff,0xffff,0xffff,0xffff,0xffff,0xffff,0xffff,
    0xffff,0xffff,0xffff,0xffff,0xffff,0xffff,0xffff,0xffff,0xffff,0xffff,0xffff,0xffff,
    0xffff,0xffff,0xffff,0xffff,0xffff,0xffff,0xffff,0xffff,0xffff,0xffff,0xffff,0xffff,
    0xffff,0xffff,0xffff,0xffff,0xffff,0xffff,0xffff,0xffff,0xffff,0xffff,0xffff,0xffff,
    0xffff,0xffff,0xffff,0xffff,0xffff,0xffff,0xffff,0xffff,0xffff,0xffff,0xffff,0xffff,
    0xffff,0xffff,0xffff,0xffff,0xffff,0xffff,0xffff,0xffff,0xffff,0xffff,0xffff,0xffff,
    0xffff,0xffff,0xffff,0xffff,0xffff,0xffff,0xffff,0xffff,0xffff,0xffff,0xffff,0xffff,
    0xffff,0xffff,0xffff,0xffff,0xffff,0xffff,0xffff,0xffff,0xffff,0xffff,0xffff,0xffff,
    0xffff,0xffff,0xffff,0xffff,0xffff,0xffff,0xffff,0xffff,0xffff,0xffff,0xffff,0xffff,
    0xffff,0xffff,0xffff,0xffff,0xffff,0xffff,0xffff,0xffff,0xffff,0xffff,0xffff,0xffff,
    0xffff,0xffff,0xffff,0xffff,0xffff,0xffff,0xffff,0xffff,0xffff,0xffff,0xffff,0xffff,
    0xffff,0xffff,0xffff,0xffff,0xffff,0xffff,0xffff,0xffff,0xffff,0xffff,0xffff,0xffff,
    0xffff,0xffff,0xffff,0xffff,0xffff,0xffff,0xffff,0xffff,0xffff,0xffff,0xffff,0xffff,
    0xffff,0xffff,0xffff,0xffff,0xffff,0xffff,0xffff,0xffff,0xffff,0xffff,0xffff,0xffff,
    0xffff,0xffff,0xffff,0xffff,0xffff,0xffff,0xffff,0xffff,0xffff,0xffff,0xffff,0xffff,
    0xffff,0xffff,0xffff,0xffff,0xffff,0xffff,0xffff,0xffff,0xffff,0xffff,0xffff,0xffff,
    0xffff,0xffff,0xffff,0xffff,0xffff,0xffff,0xffff,0xffff,0xffff,0xffff,0xffff,0xffff,
    0xffff,0xffff,0xffff,0xffff,0xffff,0xffff,0xffff,0xffff,0xffff,0xffff,0xffff,0xffff,
    0xffff,0xffff,0xffff,0xffff,0xffff,0xffff,0xffff,0xffff,0xffff,0xffff,0xffff,0xffff,
    0xffff,0xffff,0xffff,0xffff,0xffff,0xffff,0xffff,0xffff,0xffff,0xffff,0xffff,0xffff,
    0xffff,0xffff,0xffff,0xffff,0xffff,0xffff,0xffff,0xffff,0xffff,0xffff,0xffff,0xffff,
    0xffff,0xffff,0xffff,0xffff,0xffff,0xffff,0xffff,0xffff,0xffff,0xffff,0xffff,0xffff,
    0xffff,0xffff,0xffff,0xffff,0xffff,0xffff,0xffff,0xffff,0xffff,0xffff,0xffff,0xffff,
    0xffff,0xffff,0xffff,0xffff,0xffff,0xffff,0xffff,0xffff,0xffff,0xffff,0xffff,0xffff,
    0xffff,0xffff,0xffff,0xffff,0xffff,0xffff,0xffff,0xffff,0xffff,0xffff,0xffff,0xffff,
    0xffff,0xffff,0xffff,0xffff,0xffff,0xffff,0xffff,0xffff,0xffff,0xffff,0xffff,0xffff,
    0xffff,0xffff,0xffff,0xffff,0xffff,0xffff,0xffff,0xffff,0xffff,0xffff,0xffff,0xffff,
    0xffff,0xffff,0xffff,0xffff,0xffff,0xffff,0xffff,0xffff,0xffff,0xffff,0xffff,0xffff,
    0xffff,0xffff,0xffff,0xffff,0xffff,0xffff,0xffff,0xffff,0xffff,0xffff,0xffff,0xffff,
    0xffff,0xffff,0xffff,0xffff,0xffff,0xffff,0xffff,0xffff,0xffff,0xffff,0xffff,0xffff,
    0xffff,0xffff,0xffff,0xffff,0xffff,0xffff,0xffff,0xffff,0xffff,0xffff,0xffff,0xffff,
    0xffff,0xffff,0xffff,0xffff,0xffff,0xffff,0xffff,0xffff,0xffff,0xffff,0xffff,0xffff,
    0xffff,0xffff,0xffff,0xffff,0xffff,0xffff,0xffff,0xffff,0xffff,0xffff,0xffff,0xffff,
    0xffff,0xffff,0xffff,0xffff,0xffff,0xffff,0xffff,0xffff,0xffff,0xffff,0xffff,0xffff,
    0xffff,0xffff,0xffff,0xffff,0xffff,0xffff,0xffff,0xffff,0xffff,0xffff,0xffff,0xffff,
    0xffff,0xffff,0xffff,0xffff,0xffff,0xffff,0xffff,0xffff,0xffff,0xffff,0xffff,0xffff,
    0xffff,0xffff,0xffff,0xffff,0xffff,0xffff,0xffff,0xffff,0xffff,0xffff,0xffff,0xffff,
    0xffff,0xffff,0xffff,0xffff,0xffff,0xffff,0xffff,0xffff,0xffff,0xffff,0xffff,0xffff,
    0xffff,0xffff,0xffff,0xffff,0xffff,0xffff,0xffff,0xffff,0xffff,0xffff,0xffff,0xffff,
    0xffff,0xffff,0xffff,0xffff,0xffff,0xffff,0xffff,0xffff,0xffff,0xffff,0xffff,0xffff,
    0xffff,0xffff,0xffff,0xffff,0xffff,0xffff,0xffff,0xffff,0xffff,0xffff,0xffff,0xffff,
    0xffff,0xffff,0xffff,0xffff,0xffff,0xffff,0xffff,0xffff,0xffff,0xffff,0xffff,0xffff,
    0xffff,0xffff,0xffff,0xffff,0xffff,0xffff,0xffff,0xffff,0xffff,0xffff,0xffff,0xffff,
    0xffff,0xffff,0xffff,0xffff,0xffff,0xffff,0xffff,0xffff,0xffff,0xffff,0xffff,0xffff,
    0xffff,0xffff,0xffff,0xffff,0xffff,0xffff,0xffff,0xffff,0xffff,0xffff,0xffff,0xffff,
    0xffff,0xffff,0xffff,0xffff,0xffff,0xffff,0xffff,0xffff,0xffff,0xffff,0xffff,0xffff,
    0xffff,0xffff,0xffff,0xffff,0xffff,0xffff,0xffff,0xffff,0xffff,0xffff,0xffff,0xffff,
    0xffff,0xffff,0xffff,0xffff,0xffff,0xffff,0xffff,0xffff,0xffff,0xffff,0xffff,0xffff,
    0xffff,0xffff,0xffff,0xffff,0xffff,0xffff,0xffff,0xffff,0xffff,0xffff,0xffff,0xffff,
    0xffff,0xffff,0xffff,0xffff,0xffff,0xffff,0xffff,0xffff,0xffff,0xffff,0xffff,0xffff,
    0xffff,0xffff,0xffff,0xffff,0xffff,0xffff,0xffff,0xffff,0xffff,0xffff,0xffff,0xffff,
    0xffff,0xffff,0xffff,0xffff,0xffff,0xffff,0xffff,0xffff,0xffff,0xffff,0xffff,0xffff,
    0xffff,0xffff,0xffff,0xffff,0xffff,0xffff,0xffff,0xffff,0xffff,0xffff,0xffff,0xffff,
    0xffff,0xffff,0xffff,0xffff,0xffff,0xffff,0xffff,0xffff,0xffff,0xffff,0xffff,0xffff,
    0xffff,0xffff,0xffff,0xffff,0xffff,0xffff,0xffff,0xffff,0xffff,0xffff,0xffff,0xffff,
    0xffff,0xffff,0xffff,0xffff,0xffff,0xffff,0xffff,0xffff,0xffff,0xffff,0xffff,0xffff,
    0xffff,0xffff,0xffff,0xffff,0xffff,0xffff,0xffff,0xffff,0xffff,0xffff,0xffff,0xffff,
    0xffff,0xffff,0xffff,0xffff,0xffff,0xffff,0xffff,0xffff,0xffff,0xffff,0xffff,0xffff,
    0xffff,0xffff,0xffff,0xffff,0xffff,0xffff,0xffff,0xffff,0xffff,0xffff,0xffff,0xffff,
    0xffff,0xffff,0xffff,0xffff,0xffff,0xffff,0xffff,0xffff,0xffff,0xffff,0xffff,0xffff,
    0xffff,0xffff,0xffff,0xffff,0xffff,0xffff,0xffff,0xffff,0xffff,0xffff,0xffff,0xffff,
    0xffff,0xffff,0xffff,0xffff,0xffff,0xffff,0xffff,0xffff,0xffff,0xffff,0xffff,0xffff,
    0xffff,0xffff,0xffff,0xffff,0xffff,0xffff,0xffff,0xffff,0xffff,0xffff,0xffff,0xffff,
    0xffff,0xffff,0xffff,0xffff,0xffff,0xffff,0xffff,0xffff,0xffff,0xffff,0xffff,0xffff,
    0xffff,0xffff,0xffff,0xffff,0xffff,0xffff,0xffff,0xffff,0xffff,0xffff,0xffff,0xffff,
    0xffff,0xffff,0xffff,0xffff,0xffff,0xffff,0xffff,0xffff,0xffff,0xffff,0xffff,0xffff,
    0xffff,0xffff,0xffff,0xffff,0xffff,0xffff,0xffff,0xffff,0xffff,0xffff,0xffff,0xffff,
    0xffff,0xffff,0xffff,0xffff,0xffff,0xffff,0xffff,0xffff,0xffff,0xffff,0xffff,0xffff,
    0xffff,0xffff,0xffff,0xffff,0xffff,0xffff,0xffff,0xffff,0xffff,0xffff,0xffff,0xffff,
    0xffff,0xffff,0xffdb,0xffdb,0xffff,0xffff,0xffff,0xffff,0xffff,0xffff,0xffff,0xffff,
    0xffff,0xffff,0xffff,0xffff,0xffff,0xffff,0xffdb,0xffdb,0xffff,0xffff,0xffff,0xffff,
    0xffff,0xffff,0xffff,0xffff,0xffff,0xffff,0xffff,0xffff,0xffff,0xffff,0xffdb,0xffdb,
    0xffff,0xffff,0xffff,0xffff,0xffff,0xffff,0xffff,0xffff,0xffff,0xffff,0xffff,0xffff,
    0xffff,0xffff,0xffdb,0xffdb,0xffff,0xffff,0xffff,0xffff,0xffff,0xffff,0xffff,0xffff,
    0xffff,0xffff,0xffff,0xffff,0xffff,0xffff,0xffdb,0xffdb,0xffff,0xffff,0xffff,0xffff,
    0xffff,0xffff,0xffff,0xffff,0xffff,0xffff,0xffff,0xffff,0xffff,0xffff,0xffdb,0xffdb,
    0xffff,0xffff,0xffff,0xffff,0xffff,0xffff,0xffff,0xffff,0xffff,0xffff,0xffff,0xffff,
    0xffff,0xffff,0xffdb,0xffdb,0xffff,0xffff,0xffff,0xffff,0xffff,0xffff,0xffff,0xffff,
    0xffff,0xffff,0xffff,0xffff,0xffff,0xffff,0xffdb,0xffdb,0xffff,0xffff,0xffff,0xffff,
    0xffff,0xffff,0xffff,0xffff,0xffff,0xffff,0xffff,0xffff,0xffff,0xffff,0xffdb,0xffdb,
    0xffff,0xffff,0xffff,0xffff,0xffff,0xffff,0xffff,0xffff,0xffff,0xffff,0xffff,0xffff,
    0xffff,0xffff,0xffdb,0xffdb,0xffff,0xffff,0xffff,0xffff,0xffff,0xffff,0xffff,0xffff,
    0xffff,0xffff,0xffff,0xffff,0xffff,0xffff,0xffdb,0xffdb,0xffff,0xffff,0xffff,0xffff,
    0xffff,0xffff,0xffff,0xffff,0xffff,0xffff,0xffff,0xffff,0xffff,0xffff,0xffdb,0xffdb,
    0xffff,0xffff,0xffff,0xffff,0xffff,0xffff,0xffff,0xffff,0xffff,0xffff,0xffff,0xffff,
    0xffff,0xffff,0xffdb,0xffdb,0xffff,0xffff,0xffff,0xffff,0xffff,0xffff,0xffff,0xffff,
    0xffff,0xffff,0xffff,0xffff,0xffff,0xffff,0xffdb,0xffdb,0xffff,0xffff,0xffff,0xffff,
    0xffff,0xffff,0xffff,0xffff,0xffff,0xffff,0xffff,0xffff,0xffff,0xffff,0xffdb,0xffdb,
    0xffff,0xffff,0xffff,0xffff,0xffff,0xffff,0xffff,0xffff,0xffff,0xffff,0xffff,0xffff,
    0xffff,0xffff,0xffdb,0xffdb,0xffff,0xffff,0xffff,0xffff,0xffff,0xffff,0xffff,0xffff,
    0xffff,0xffff,0xffff,0xffff,0xffff,0xffff,0xffdb,0xffdb,0xffff,0xffff,0xffff,0xffff,
    0xffff,0xffff,0xffff,0xffff,0xffff,0xffff,0xffff,0xffff,0xffff,0xffff,0xffdb,0xffdb,
    0xffff,0xffff,0xffff,0xffff,0xffff,0xffff,0xffff,0xffff,0xffff,0xffff,0xffff,0xffff,
    0xffff,0xffff,0xffdb,0xffdb,0xffff,0xffff,0xffff,0xffff,0xffff,0xffff,0xffff,0xffff,
    0xffff,0xffff,0xffff,0xffff,0xffff,0xffff,0xffdb,0xffdb,0xffff,0xffff,0xffff,0xffff,
    0xffff,0xffff,0xffff,0xffff,0xffff,0xffff,0xffff,0xffff,0xffff,0xffff,0xffdb,0xffdb,
    0xffff,0xffff,0xffff,0xffff,0xffff,0xffff,0xffff,0xffff,0xffff,0xffff,0xffff,0xffff,
    0xffff,0xffff,0xffdb,0xffdb,0xffff,0xffff,0xffff,0xffff,0xffff,0xffff,0xffff,0xffff,
    0xffff,0xffff,0xffff,0xffff,0xffff,0xffff,0xffdb,0xffdb,0xffff,0xffff,0xffff,0xffff,
    0xffff,0xffff,0xffff,0xffff,0xffff,0xffff,0xffff,0xffff,0xffff,0xffff,0xffdb,0xffdb,
    0xffff,0xffff,0xffff,0xffff,0xffff,0xffff,0xffff,0xffff,0xffff,0xffff,0xffff,0xffff,
    0xffff,0xffff,0xffdb,0xffdb,0xffff,0xffff,0xffff,0xffff,0xffff,0xffff,0xffff,0xffff,
    0xffff,0xffff,0xffff,0xffff,0xffff,0xffff,0xffdb,0xffdb,0xffff,0xffff,0xffff,0xffff,
    0xffff,0xffff,0xffff,0xffff,0xffff,0xffff,0xffff,0xffff,0xffff,0xffff,0xffdb,0xffdb,
    0xffff,0xffff,0xffff,0xffff,0xffff,0xffff,0xffff,0xffff,0xffff,0xffff,0xffff,0xffff,
    0xffff,0xffff,0xffdb,0xffdb,0xffff,0xffff,0xffff,0xffff,0xffff,0xffff,0xffff,0xffff,
    0xffff,0xffff,0xffff,0xffff,0xffff,0xffff,0xffdb,0xffdb,0xffff,0xffff,0xffff,0xffff,
    0xffff,0xffff,0xffff,0xffff,0xffff,0xffff,0xffff,0xffff,0xffff,0xffff,0xffdb,0xffdb,
    0xffff,0xffff,0xffff,0xffff,0xffff,0xffff,0xffff,0xffff,0xffff,0xffff,0xffff,0xffff,
    0xffff,0xffff,0xffdb,0xffdb,0xffff,0xffff,0xffff,0xffff,0xffff,0xffff,0xffff,0xffff,
    0xffff,0xffff,0xffff,0xffff,0xffff,0xffff,0xffdb,0xffdb,0xffff,0xffff,0xffff,0xffff,
    0xffff,0xffff,0xffff,0xffff,0xffff,0xffff,0xffff,0xffff,0xffff,0xffff,0xffff,0xffff,
    0xffff,0xffff,0xffff,0xffff,0xffff,0xffff,0xffff,0xffff,0xffff,0xffff,0xffff,0xffff,
    0xffff,0xffff,0xffff,0xffff,0xffff,0xffff,0xffff,0xffff,0xffff,0xffff,0xffff,0xffff,
    0xffff,0xffff,0xffff,0xffff,0xffff,0xffff,0xffff,0xffff,0xffff,0xffff,0xffff,0xffff,
    0xffff,0xffff,0xffff,0xffff,0xffff,0xffff,0xffff,0xffff,0xffff,0xffff,0xffff,0xffff,
    0xffff,0xffff,0xffff,0xffff,0xffff,0xffff,0xffff,0xffff,0xffff,0xffff,0xffff,0xffff,
    0xffff,0xffff,0xffff,0xffff,0xffff,0xffff,0xffff,0xffff,0xffff,0xffff,0xffff,0xffff,
    0xffff,0xffff,0xffff,0xffff,0xffff,0xffff,0xffff,0xffff,0xffff,0xffff,0xffff,0xffff,
    0xffff,0xffff,0xffff,0xffff,0xffff,0xffff,0xffff,0xffff,0xffff,0xffff,0xffff,0xffff,
    0xffff,0xffff,0xffff,0xffff,0xffff,0xffff,0xffff,0xffff,0xffff,0xffff,0xffff,0xffff,
    0xffff,0xffff,0xffff,0xffff,0xffff,0xffff,0xffff,0xffff,0xffff,0xffff,0xffff,0xffff,
    0xffff,0xffff,0xffff,0xffff,0xffff,0xffff,0xffff,0xffff,0xffff,0xffff,0xffff,0xffff,
    0xffff,0xffff,0xffff,0xffff,0xffff,0xffff,0xffff,0xffff,0xffff,0xffff,0xffff,0xffff,
    0xffff,0xffff,0xffff,0xffff,0xffff,0xffff,0xffff,0xffff,0xffff,0xffff,0xffff,0xffff,
    0xffff,0xffff,0xffff,0xffff,0xffff,0xffff,0xffff,0xffff,0xffff,0xffff,0xffff,0xffff,
    0xffff,0xffff,0xffff,0xffff,0xffff,0xffff,0xffff,0xffff,0xffff,0xffff,0xffff,0xffff,
    0xffff,0xffff,0xffff,0xffff,0xffff,0xffff,0xffff,0xffff,0xffff,0xffff,0xffff,0xffff,
    0xffff,0xffff,0xffff,0xffff,0xffff,0xffff,0xffff,0xffff,0xffff,0xffff,0xffff,0xffff,
    0xffff,0xffff,0xffff,0xffff,0xffff,0xffff,0xffff,0xffff,0xffff,0xffff,0xffff,0xffff,
    0xffff,0xffff,0xffff,0xffff,0xffff,0xffff,0xffff,0xffff,0xffff,0xffff,0xffff,0xffff,
    0xffff,0xffff,0xffff,0xffff,0xffff,0xffff,0xffff,0xffff,0xffff,0xffff,0xffff,0xffff,
    0xffff,0xffff,0xffff,0xffff,0xffff,0xffff,0xffff,0xffff,0xffff,0xffff,0xffff,0xffff,
    0xffff,0xffff,0xffff,0xffff,0xffff,0xffff,0xffff,0xffff,0xffff,0xffff,0xffff,0xffff,
    0xffff,0xffff,0xffff,0xffff,0xffff,0xffff,0xffff,0xffff,0xffff,0xffff,0xffff,0xffff,
    0xffff,0xffff,0xffff,0xffff,0xffff,0xffff,0xffff,0xffff,0xffff,0xffff,0xffff,0xffff,
    0xffff,0xffff,0xffff,0xffff,0xffff,0xffff,0xffff,0xffff,0xffff,0xffff,0xffff,0xffff,
    0xffff,0xffff,0xffff,0xffff,0xffff,0xffff,0xffff,0xffff,0xffff,0xffff,0xffff,0xffff,
    0xffff,0xffff,0xffff,0xffff,0xffff,0xffff,0xffff,0xffff,0xffff,0xffff,0xffff,0xffff,
    0xffff,0xffff,0xffff,0xffff,0xffff,0xffff,0xffff,0xffff,0xffff,0xffff,0xffff,0xffff,
    0xffff,0xffff,0xffff,0xffff,0xffff,0xffff,0xffff,0xffff,0xffff,0xffff,0xffff,0xffff,
    0xffff,0xffff,0xffff,0xffff,0xffff,0xffff,0xffff,0xffff,0xffff,0xffff,0xffff,0xffff,
    0xffff,0xffff,0xffff,0xffff,0xffff,0xffff,0xffff,0xffff,0xffff,0xffff,0xffff,0xffff,
    0xffff,0xffff,0xffff,0xffff,0xffff,0xffff,0xffff,0xffff,0xffff,0xffff,0xffff,0xffff,
    0xffff,0xffff,0xffff,0xffff,0xffff,0xffff,0xffff,0xffff,0xffff,0xffff,0xffff,0xffff,
    0xffff,0xffff,0xffff,0xffff,0xffff,0xffff,0xffff,0xffff,0xffff,0xffff,0xffff,0xffff,
    0xffff,0xffff,0xffff,0xffff,0xffff,0xffff,0xffff,0xffff,0xffff,0xffff,0xffff,0xffff,
    0xffff,0xffff,0xffff,0xffff,0xffff,0xffff,0xffff,0xffff,0xffff,0xffff,0xffff,0xffff,
    0xffff,0xffff,0xffff,0xffff,0xffff,0xffff,0xffff,0xffff,0xffff,0xffff,0xffff,0xffff,
    0xffff,0xffff,0xffff,0xffff,0xffff,0xffff,0xffff,0xffff,0xffff,0xffff,0xffff,0xffff,
    0xffff,0xffff,0xffff,0xffff,0xffff,0xffff,0xffff,0xffff,0xffff,0xffff,0xffff,0xffff,
    0xffff,0xffff,0xffff,0xffff,0xffff,0xffff,0xffff,0xffff,0xffff,0xffff,0xffff,0xffff,
    0xffff,0xffff,0xffff,0xffff,0xffff,0xffff,0xffff,0xffff,0xffff,0xffff,0xffff,0xffff,
    0xffff,0xffff,0xffff,0xffff,0xffff,0xffff,0xffff,0xffff,0xffff,0xffff,0xffff,0xffff,
    0xffff,0xffff,0xffff,0xffff,0xffff,0xffff,0xffff,0xffff,0xffff,0xffff,0xffff,0xffff,
    0xffff,0xffff,0xffff,0xffff,0xffff,0xffff,0xffff,0xffff,0xffff,0xffff,0xffff,0xffff,
    0xffff,0xffff,0xffff,0xffff,0xffff,0xffff,0xffff,0xffff,0xffff,0xffff,0xffff,0xffff,
    0xffff,0xffff,0xffff,0xffff,0xffff,0xffff,0xffff,0xffff,0xffff,0xffff,0xffff,0xffff,
    0xffff,0xffff,0xffff,0xffff,0xffff,0xffff,0xffff,0xffff,0xffff,0xffff,0xffff,0xffff,
    0xffff,0xffff,0xffff,0xffff,0xffff,0xffff,0xffff,0xffff,0xffff,0xffff,0xffff,0xffff,
    0xffff,0xffff,0xffff,0xffff,0xffff,0xffff,0xffff,0xffff,0xffff,0xffff,0xffff,0xffff,
    0xffff,0xffff,0xffff,0xffff,0xffff,0xffff,0xffff,0xffff,0xffff,0xffff,0xffff,0xffff,
    0xffff,0xffff,0xffff,0xffff,0xffff,0xffff,0xffff,0xffff,0xffff,0xffff,0xffff,0xffff,
    0xffff,0xffff,0xffff,0xffff,0xffff,0xffff,0xffff,0xffff,0xffff,0xffff,0xffff,0xffff,
    0xffff,0xffff,0xffff,0xffff,0xffff,0xffff,0xffff,0xffff,0xffff,0xffff,0xffff,0xffff,
    0xffff,0xffff,0xffff,0xffff,0xffff,0xffff,0xffff,0xffff,0xffff,0xffff,0xffff,0xffff,
    0xffff,0xffff,0xffff,0xffff,0xffff,0xffff,0xffff,0xffff,0xffff,0xffff,0xffff,0xffff,
    0xffff,0xffff,0xffff,0xffff,0xffff,0xffff,0xffff,0xffff,0xffff,0xffff,0xffff,0xffff,
    0xffff,0xffff,0xffff,0xffff,0xffff,0xffff,0xffff,0xffff,0xffff,0xffff,0xffff,0xffff,
    0xffff,0xffff,0xffff,0xffff,0xffff,0xffff,0xffff,0xffff,0xffff,0xffff,0xffff,0xffff,
    0xffff,0xffff,0xffff,0xffff,0xffff,0xffff,0xffff,0xffff,0xffff,0xffff,0xffff,0xffff,
    0xffff,0xffff,0xffff,0xffff,0xffff,0xffff,0xffff,0xffff,0xffff,0xffff,0xffff,0xffff,
    0xffff,0xffff,0xffff,0xffff,0xffff,0xffff,0xffff,0xffff,0xffff,0xffff,0xffff,0xffff,
    0xffff,0xffff,0xffff,0xffff,0xffff,0xffff,0xffff,0xffff,0xffff,0xffff,0xffff,0xffff,
    0xffff,0xffff,0xffff,0xffff,0xffff,0xffff,0xffff,0xffff,0xffff,0xffff,0xffff,0xffff,
    0xffff,0xffff,0xffff,0xffff,0xffff,0xffff,0xffff,0xffff,0xffff,0xffff,0xffff,0xffff,
    0xffff,0xffff,0xffff,0xffff,0xffff,0xffff,0xffff,0xffff,0xffff,0xffff,0xffff,0xffff,
    0xffff,0xffff,0xffff,0xffff,0xffff,0xffff,0xffff,0xffff,0xffff,0xffff,0xffff,0xffff,
    0xffff,0xffff,0xffff,0xffff,0xffff,0xffff,0xffff,0xffff,0xffff,0xffff,0xffff,0xffff,
    0xffff,0xffff,0xffff,0xffff,0xffff,0xffff,0xffff,0xffff,0xffff,0xffff,0xffff,0xffff,
    0xffff,0xffff,0xffff,0xffff,0xffff,0xffff,0xffff,0xffff,0xffff,0xffff,0xffff,0xffff,
    0xffff,0xffff,0xffff,0xffff,0xffff,0xffff,0xffff,0xffff,0xffff,0xffff,0xffff,0xffff,
    0xffff,0xffff,0xffff,0xffff,0xffff,0xffff,0xffff,0xffff,0xffff,0xffff,0xffff,0xffff,
    0xffff,0xffff,0xffff,0xffff,0xffff,0xffff,0xffff,0xffff,0xffff,0xffff,0xffff,0xffff,
    0xffff,0xffff,0xffff,0xffff,0xffff,0xffff,0xffff,0xffff,0xffff,0xffff,0xffff,0xffff,
    0xffff,0xffff,0xffff,0xffff,0xffff,0xffff,0xffff,0xffff,0xffff,0xffff,0xffff,0xffff,
    0xffff,0xffff,0xffff,0xffff,0xffff,0xffff,0xffff,0xffff,0xffff,0xffff,0xffff,0xffff,
    0xffff,0xffff,0xffff,0xffff,0xffff,0xffff,0xffff,0xffff,0xffff,0xffff,0xffff,0xffff,
    0xffff,0xffff,0xffff,0xffff,0xffff,0xffff,0xffff,0xffff,0xffff,0xffff,0xffff,0xffff,
    0xffff,0xffff,0xffff,0xffff,0xffff,0xffff,0xffff,0xffff,0xffff,0xffff,0xffff,0xffff,
    0xffff,0xffff,0xffff,0xffff,0xffff,0xffff,0xffff,0xffff,0xffff,0xffff,0xffff,0xffff,
    0xffff,0xffff,0xffff,0xffff,0xffff,0xffff,0xffff,0xffff,0xffff,0xffff,0xffff,0xffff,
    0xffff,0xffff,0xffff,0xffff,0xffff,0xffff,0xffff,0xffff,0xffff,0xffff,0xffff,0xffff,
    0xffff,0xffff,0xffff,0xffff,0xffff,0xffff,0xffff,0xffff,0xffff,0xffff,0xffff,0xffff,
    0xffff,0xffff,0xffff,0xffff,0xffff,0xffff,0xffff,0xffff,0xffff,0xffff,0xffff,0xffff,
    0xffff,0xffff,0xffff,0xffff,0xffff,0xffff,0xffff,0xffff,0xffff,0xffff,0xffff,0xffff,
    0xffff,0xffff,0xffff,0xffff,0xffff,0xffff,0xffff,0xffff,0xffff,0xffff,0xffff,0xffff,
    0xffff,0xffff,0xffff,0xffff,0xffff,0xffff,0xffff,0xffff,0xffff,0xffff,0xffff,0xffff,
    0xffff,0xffff,0xffff,0xffff,0xffff,0xffff,0xffff,0xffff,0xffff,0xffff,0xffff,0xffff,
    0xffff,0xffff,0xffff,0xffff,0xffff,0xffff,0xffff,0xffff,0xffff,0xffff,0xffff,0xffff,
    0xffff,0xffff,0xffff,0xffff,0xffff,0xffff,0xffff,0xffff,0xffff,0xffff,0xffff,0xffff,
    0xffff,0xffff,0xffff,0xffff,0xffff,0xffff,0xffff,0xffff,0xffff,0xffff,0xffff,0xffff,
    0xffff,0xffff,0xffff,0xffff,0xffff,0xffff,0xffff,0xffff,0xffff,0xffff,0xffff,0xffff,
    0xffff,0xffff,0xffff,0xffff,0xffff,0xffff,0xffff,0xffff,0xffff,0xffff,0xffff,0xffff,
    0xffff,0xffff,0xffff,0xffff,0xffff,0xffff,0xffff,0xffff,0xffff,0xffff,0xffff,0xffff,
    0xffff,0xffff,0xffff,0xffff,0xffff,0xffff,0xffff,0xffff,0xffff,0xffff,0xffff,0xffff,
    0xffff,0xffff,0xffff,0xffff,0xffff,0xffff,0xffff,0xffff,0xffff,0xffff,0xffff,0xffff,
    0xffff,0xffff,0xffff,0xffff,0xffff,0xffff,0xffff,0xffff,0xffff,0xffff,0xffff,0xffff,
    0xffff,0xffff,0xffff,0xffff,0xffff,0xffff,0xffff,0xffff,0xffff,0xffff,0xffff,0xffff,
    0xffff,0xffff,0xffff,0xffff,0xffff,0xffff,0xffff,0xffff,0xffff,0xffff,0xffff,0xffff,
    0xffff,0xffff,0xffff,0xffff,0xffff,0xffff,0xffff,0xffff,0xffff,0xffff,0xffff,0xffff,
    0xffff,0xffff,0xffff,0xffff,0xffff,0xffff,0xffff,0xffff,0xffff,0xffff,0xffff,0xffff,
    0xffff,0xffff,0xffff,0xffff,0xffff,0xffff,0xffff,0xffff,0xffff,0xffff,0xffff,0xffff,
    0xffff,0xffff,0xffff,0xffff,0xffff,0xffff,0xffff,0xffff,0xffff,0xffff,0xffff,0xffff,
    0xffff,0xffff,0xffff,0xffff,0xffff,0xffff,0xffff,0xffff,0xffff,0xffff,0xffff,0xffff,
    0xffff,0xffff,0xffff,0xffff,0xffff,0xffff,0xffff,0xffff,0xffff,0xffff,0xffff,0xffff,
    0xffff,0xffff,0xffff,0xffff,0xffff,0xffff,0xffff,0xffff,0xffff,0xffff,0xffff,0xffff,
    0xffff,0xffff,0xffff,0xffff,0xffff,0xffff,0xffff,0xffff,0xffff,0xffff,0xffff,0xffff,
    0xffff,0xffff,0xffff,0xffff,0xffff,0xffff,0xffff,0xffff,0xffff,0xffff,0xffff,0xffff,
    0xffff,0xffff,0xfffd,0xfffd,0xffff,0xffff,0xffff,0xffff,0xffff,0xffff,0xffff,0xffff,
    0xffff,0xffff,0xffff,0xffff,0xffff,0xffff,0xfffd,0xfffd,0xffff,0xffff,0xffff,0xffff,
    0xffff,0xffff,0xffff,0xffff,0xffff,0xffff,0xffff,0xffff,0xffff,0xffff,0xfffd,0xfffd,
    0xffff,0xffff,0xffff,0xffff,0xffff,0xffff,0xffff,0xffff,0xffff,0xffff,0xffff,0xffff,
    0xffff,0xffff,0xfffd,0xfffd,0xffff,0xffff,0xffff,0xffff,0xffff,0xffff,0xffff,0xffff,
    0xffff,0xffff,0xffff,0xffff,0xffff,0xffff,0xfffd,0xfffd,0xffff,0xffff,0xffff,0xffff,
    0xffff,0xffff,0xffff,0xffff,0xffff,0xffff,0xffff,0xffff,0xffff,0xffff,0xfffd,0xfffd,
    0xffff,0xffff,0xffff,0xffff,0xffff,0xffff,0xffff,0xffff,0xffff,0xffff,0xffff,0xffff,
    0xffff,0xffff,0xfffd,0xfffd,0xffff,0xffff,0xffff,0xffff,0xffff,0xffff,0xffff,0xffff,
    0xffff,0xffff,0xffff,0xffff,0xffff,0xffff,0xfffd,0xfffd,0xffff,0xffff,0xffff,0xffff,
    0xffff,0xffff,0xffff,0xffff,0xffff,0xffff,0xffff,0xffff,0xffff,0xffff,0xfffd,0xfffd,
    0xffff,0xffff,0xffff,0xffff,0xffff,0xffff,0xffff,0xffff,0xffff,0xffff,0xffff,0xffff,
    0xffff,0xffff,0xfffd,0xfffd,0xffff,0xffff,0xffff,0xffff,0xffff,0xffff,0xffff,0xffff,
    0xffff,0xffff,0xffff,0xffff,0xffff,0xffff,0xfffd,0xfffd,0xffff,0xffff,0xffff,0xffff,
    0xffff,0xffff,0xffff,0xffff,0xffff,0xffff,0xffff,0xffff,0xffff,0xffff,0xfffd,0xfffd,
    0xffff,0xffff,0xffff,0xffff,0xffff,0xffff,0xffff,0xffff,0xffff,0xffff,0xffff,0xffff,
    0xffff,0xffff,0xfffd,0xfffd,0xffff,0xffff,0xffff,0xffff,0xffff,0xffff,0xffff,0xffff,
    0xffff,0xffff,0xffff,0xffff,0xffff,0xffff,0xfffd,0xfffd,0xffff,0xffff,0xffff,0xffff,
    0xffff,0xffff,0xffff,0xffff,0xffff,0xffff,0xffff,0xffff,0xffff,0xffff,0xfffd,0xfffd,
    0xffff,0xffff,0xffff,0xffff,0xffff,0xffff,0xffff,0xffff,0xffff,0xffff,0xffff,0xffff,
    0xffff,0xffff,0xfffd,0xfffd,0xffff,0xffff,0xffff,0xffff,0xffff,0xffff,0xffff,0xffff,
    0xffff,0xffff,0xffff,0xffff,0xffff,0xfffd,0xffdb,0xffdb,0xfffd,0xffff,0xffff,0xffff,
    0xffff,0xffff,0xffff,0xffff,0xffff,0xffff,0xffff,0xffff,0xffff,0xfffd,0xffdb,0xffdb,
    0xfffd,0xffff,0xffff,0xffff,0xffff,0xffff,0xffff,0xffff,0xffff,0xffff,0xffff,0xffff,
    0xffff,0xfffd,0xffdb,0xffdb,0xfffd,0xffff,0xffff,0xffff,0xffff,0xffff,0xffff,0xffff,
    0xffff,0xffff,0xffff,0xffff,0xffff,0xfffd,0xffdb,0xffdb,0xfffd,0xffff,0xffff,0xffff,
    0xffff,0xffff,0xffff,0xffff,0xffff,0xffff,0xffff,0xffff,0xffff,0xfffd,0xffdb,0xffdb,
    0xfffd,0xffff,0xffff,0xffff,0xffff,0xffff,0xffff,0xffff,0xffff,0xffff,0xffff,0xffff,
    0xffff,0xfffd,0xffdb,0xffdb,0xfffd,0xffff,0xffff,0xffff,0xffff,0xffff,0xffff,0xffff,
    0xffff,0xffff,0xffff,0xffff,0xffff,0xfffd,0xffdb,0xffdb,0xfffd,0xffff,0xffff,0xffff,
    0xffff,0xffff,0xffff,0xffff,0xffff,0xffff,0xffff,0xffff,0xffff,0xfffd,0xffdb,0xffdb,
    0xfffd,0xffff,0xffff,0xffff,0xffff,0xffff,0xffff,0xffff,0xffff,0xffff,0xffff,0xffff,
    0xffff,0xfffd,0xffdb,0xffdb,0xfffd,0xffff,0xffff,0xffff,0xffff,0xffff,0xffff,0xffff,
    0xffff,0xffff,0xffff,0xffff,0xffff,0xfffd,0xffdb,0xffdb,0xfffd,0xffff,0xffff,0xffff,
    0xffff,0xffff,0xffff,0xffff,0xffff,0xffff,0xffff,0xffff,0xffff,0xfffd,0xffdb,0xffdb,
    0xfffd,0xffff,0xffff,0xffff,0xffff,0xffff,0xffff,0xffff,0xffff,0xffff,0xffff,0xffff,
    0xffff,0xfffd,0xffdb,0xffdb,0xfffd,0xffff,0xffff,0xffff,0xffff,0xffff,0xffff,0xffff,
    0xffff,0xffff,0xffff,0xffff,0xffff,0xfffd,0xffdb,0xffdb,0xfffd,0xffff,0xffff,0xffff,
    0xffff,0xffff,0xffff,0xffff,0xffff,0xffff,0xffff,0xffff,0xffff,0xfffd,0xffdb,0xffdb,
    0xfffd,0xffff,0xffff,0xffff,0xffff,0xffff,0xffff,0xffff,0xffff,0xffff,0xffff,0xffff,
    0xffff,0xfffd,0xffdb,0xffdb,0xfffd,0xffff,0xffff,0xffff,0xffff,0xffff,0xffff,0xffff,
    0xffff,0xffff,0xffff,0xffff,0xffff,0xfffd,0xffdb,0xffdb,0xfffd,0xffff,0xffff,0xffff,
    0xffff,0xffff,0xffff,0xffff,0xffff,0xffff,0xffff,0xffff,0xffff,0xffdd,0xffdb,0xffdb,
    0xffdd,0xffff,0xffff,0xffff,0xffff,0xffff,0xffff,0xffff,0xffff,0xffff,0xffff,0xffff,
    0xffff,0xffdd,0xffdb,0xffdb,0xffdd,0xffff,0xffff,0xffff,0xffff,0xffff,0xffff,0xffff,
    0xffff,0xffff,0xffff,0xffff,0xffff,0xffdd,0xffdb,0xffdb,0xffdd,0xffff,0xffff,0xffff,
    0xffff,0xffff,0xffff,0xffff,0xffff,0xffff,0xffff,0xffff,0xffff,0xffdd,0xffdb,0xffdb,
    0xffdd,0xffff,0xffff,0xffff,0xffff,0xffff,0xffff,0xffff,0xffff,0xffff,0xffff,0xffff,
    0xffff,0xffdd,0xffdb,0xffdb,0xffdd,0xffff,0xffff,0xffff,0xffff,0xffff,0xffff,0xffff,
    0xffff,0xffff,0xffff,0xffff,0xffff,0xffdd,0xffdb,0xffdb,0xffdd,0xffff,0xffff,0xffff,
    0xffff,0xffff,0xffff,0xffff,0xffff,0xffff,0xffff,0xffff,0xffff,0xffdd,0xffdb,0xffdb,
    0xffdd,0xffff,0xffff,0xffff,0xffff,0xffff,0xffff,0xffff,0xffff,0xffff,0xffff,0xffff,
    0xffff,0xffdd,0xffdb,0xffdb,0xffdd,0xffff,0xffff,0xffff,0xffff,0xffff,0xffff,0xffff,
    0xffff,0xffff,0xffff,0xffff,0xffff,0xffdd,0xffdb,0xffdb,0xffdd,0xffff,0xffff,0xffff,
    0xffff,0xffff,0xffff,0xffff,0xffff,0xffff,0xffff,0xffff,0xffff,0xffdd,0xffdb,0xffdb,
    0xffdd,0xffff,0xffff,0xffff,0xffff,0xffff,0xffff,0xffff,0xffff,0xffff,0xffff,0xffff,
    0xffff,0xffdd,0xffdb,0xffdb,0xffdd,0xffff,0xffff,0xffff,0xffff,0xffff,0xffff,0xffff,
    0xffff,0xffff,0xffff,0xffff,0xffff,0xffdd,0xffdb,0xffdb,0xffdd,0xffff,0xffff,0xffff,
    0xffff,0xffff,0xffff,0xffff,0xffff,0xffff,0xffff,0xffff,0xffff,0xffdd,0xffdb,0xffdb,
    0xffdd,0xffff,0xffff,0xffff,0xffff,0xffff,0xffff,0xffff,0xffff,0xffff,0xffff,0xffff,
    0xffff,0xffdd,0xffdb,0xffdb,0xffdd,0xffff,0xffff,0xffff,0xffff,0xffff,0xffff,0xffff,
    0xffff,0xffff,0xffff,0xffff,0xffff,0xffdd,0xffdb,0xffdb,0xffdd,0xffff,0xffff,0xffff,
    0xffff,0xffff,0xffff,0xffff,0xffff,0xffff,0xffff,0xffff,0xffff,0xffdd,0xffdb,0xffdb,
    0xffdd,0xffff,0xffff,0xffff,0xffff,0xffff,0xffff,0xffff,0xffff,0xffff,0xffff,0xffff,
    0xffff,0xffff,0xffdd,0xffdd,0xffff,0xffff,0xffff,0xffff,0xffff,0xffff,0xffff,0xffff,
    0xffff,0xffff,0xffff,0xffff,0xffff,0xffff,0xffdd,0xffdd,0xffff,0xffff,0xffff,0xffff,
    0xffff,0xffff,0xffff,0xffff,0xffff,0xffff,0xffff,0xffff,0xffff,0xffff,0xffdd,0xffdd,
    0xffff,0xffff,0xffff,0xffff,0xffff,0xffff,0xffff,0xffff,0xffff,0xffff,0xffff,0xffff,
    0xffff,0xffff,0xffdd,0xffdd,0xffff,0xffff,0xffff,0xffff,0xffff,0xffff,0xffff,0xffff,
    0xffff,0xffff,0xffff,0xffff,0xffff,0xffff,0xffdd,0xffdd,0xffff,0xffff,0xffff,0xffff,
    0xffff,0xffff,0xffff,0xffff,0xffff,0xffff,0xffff,0xffff,0xffff,0xffff,0xffdd,0xffdd,
    0xffff,0xffff,0xffff,0xffff,0xffff,0xffff,0xffff,0xffff,0xffff,0xffff,0xffff,0xffff,
    0xffff,0xffff,0xffdd,0xffdd,0xffff,0xffff,0xffff,0xffff,0xffff,0xffff,0xffff,0xffff,
    0xffff,0xffff,0xffff,0xffff,0xffff,0xffff,0xffdd,0xffdd,0xffff,0xffff,0xffff,0xffff,
    0xffff,0xffff,0xffff,0xffff,0xffff,0xffff,0xffff,0xffff,0xffff,0xffff,0xffdd,0xffdd,
    0xffff,0xffff,0xffff,0xffff,0xffff,0xffff,0xffff,0xffff,0xffff,0xffff,0xffff,0xffff,
    0xffff,0xffff,0xffdd,0xffdd,0xffff,0xffff,0xffff,0xffff,0xffff,0xffff,0xffff,0xffff,
    0xffff,0xffff,0xffff,0xffff,0xffff,0xffff,0xffdd,0xffdd,0xffff,0xffff,0xffff,0xffff,
    0xffff,0xffff,0xffff,0xffff,0xffff,0xffff,0xffff,0xffff,0xffff,0xffff,0xffdd,0xffdd,
    0xffff,0xffff,0xffff,0xffff,0xffff,0xffff,0xffff,0xffff,0xffff,0xffff,0xffff,0xffff,
    0xffff,0xffff,0xffdd,0xffdd,0xffff,0xffff,0xffff,0xffff,0xffff,0xffff,0xffff,0xffff,
    0xffff,0xffff,0xffff,0xffff,0xffff,0xffff,0xffdd,0xffdd,0xffff,0xffff,0xffff,0xffff,
    0xffff,0xffff,0xffff,0xffff,0xffff,0xffff,0xffff,0xffff,0xffff,0xffff,0xffdd,0xffdd,
    0xffff,0xffff,0xffff,0xffff,0xffff,0xffff,0xffff,0xffff,0xffff,0xffff,0xffff,0xffff,
    0xffff,0xffff,0xffdd,0xffdd,0xffff,0xffff,0xffff,0xffff,0xffff,0xffff,0xffff,0xffff,
    0xffff,0xffff,0xffff,0xffff,0xffff,0xffff,0xffff,0xffff,0xffff,0xffff,0xffff,0xffff,
    0xffff,0xffff,0xffff,0xffff,0xffff,0xffff,0xffff,0xffff,0xffff,0xffff,0xffff,0xffff,
    0xffff,0xffff,0xffff,0xffff,0xffff,0xffff,0xffff,0xffff,0xffff,0xffff,0xffff,0xffff,
    0xffff,0xffff,0xffff,0xffff,0xffff,0xffff,0xffff,0xffff,0xffff,0xffff,0xffff,0xffff,
    0xffff,0xffff,0xffff,0xffff,0xffff,0xffff,0xffff,0xffff,0xffff,0xffff,0xffff,0xffff,
    0xffff,0xffff,0xffff,0xffff,0xffff,0xffff,0xffff,0xffff,0xffff,0xffff,0xffff,0xffff,
    0xffff,0xffff,0xffff,0xffff,0xffff,0xffff,0xffff,0xffff,0xffff,0xffff,0xffff,0xffff,
    0xffff,0xffff,0xffff,0xffff,0xffff,0xffff,0xffff,0xffff,0xffff,0xffff,0xffff,0xffff,
    0xffff,0xffff,0xffff,0xffff,0xffff,0xffff,0xffff,0xffff,0xffff,0xffff,0xffff,0xffff,
    0xffff,0xffff,0xffff,0xffff,0xffff,0xffff,0xffff,0xffff,0xffff,0xffff,0xffff,0xffff,
    0xffff,0xffff,0xffff,0xffff,0xffff,0xffff,0xffff,0xffff,0xffff,0xffff,0xffff,0xffff,
    0xffff,0xffff,0xffff,0xffff,0xffff,0xffff,0xffff,0xffff,0xffff,0xffff,0xffff,0xffff,
    0xffff,0xffff,0xffff,0xffff,0xffff,0xffff,0xffff,0xffff,0xffff,0xffff,0xffff,0xffff,
    0xffff,0xffff,0xffff,0xffff,0xffff,0xffff,0xffff,0xffff,0xffff,0xffff,0xffff,0xffff,
    0xffff,0xffff,0xffff,0xffff,0xffff,0xffff,0xffff,0xffff,0xffff,0xffff,0xffff,0xffff,
    0xffff,0xffff,0xffff,0xffff,0xffff,0xffff,0xffff,0xffff,0xffff,0xffff,0xffff,0xffff,
    0xffff,0xffff,0xffff,0xffff,0xffff,0xffff,0xffff,0xffff,0xffff,0xffff,0xffff,0xffff,
    0xffff,0xffff,0xffff,0xffff,0xffff,0xffff,0xffff,0xffff,0xffff,0xffff,0xffff,0xffff,
    0xffff,0xffff,0xffff,0xffff,0xffff,0xffff,0xffff,0xffff,0xffff,0xffff,0xffff,0xffff,
    0xffff,0xffff,0xffff,0xffff,0xffff,0xffff,0xffff,0xffff,0xffff,0xffff,0xffff,0xffff,
    0xffff,0xffff,0xffff,0xffff,0xffff,0xffff,0xffff,0xffff,0xffff,0xffff,0xffff,0xffff,
    0xffff,0xffff,0xffff,0xffff,0xffff,0xffff,0xffff,0xffff,0xffff,0xffff,0xffff,0xffff,
    0xffff,0xffff,0xffff,0xffff,0xffff,0xffff,0xffff,0xffff,0xffff,0xffff,0xffff,0xffff,
    0xffff,0xffff,0xffff,0xffff,0xffff,0xffff,0xffff,0xffff,0xffff,0xffff,0xffff,0xffff,
    0xffff,0xffff,0xffff,0xffff,0xffff,0xffff,0xffff,0xffff,0xffff,0xffff,0xffff,0xffff,
    0xffff,0xffff,0xffff,0xffff,0xffff,0xffff,0xffff,0xffff,0xffff,0xffff,0xffff,0xffff,
    0xffff,0xffff,0xffff,0xffff,0xffff,0xffff,0xffff,0xffff,0xffff,0xffff,0xffff,0xffff,
    0xffff,0xffff,0xffff,0xffff,0xffff,0xffff,0xffff,0xffff,0xffff,0xffff,0xffff,0xffff,
    0xffff,0xffff,0xffff,0xffff,0xffff,0xffff,0xffff,0xffff,0xffff,0xffff,0xffff,0xffff,
    0xffff,0xffff,0xffff,0xffff,0xffff,0xffff,0xffff,0xffff,0xffff,0xffff,0xffff,0xffff,
    0xffff,0xffff,0xffff,0xffff,0xffff,0xffff,0xffff,0xffff,0xffff,0xffff,0xffff,0xffff,
    0xffff,0xffff,0xffff,0xffff,0xffff,0xffff,0xffff,0xffff,0xffff,0xffff,0xffff,0xffff,
    0xffff,0xffff,0xffff,0xffff,0xffff,0xffff,0xffff,0xffff,0xffff,0xffff,0xffff,0xffff,
    0xffff,0xffff,0xffff,0xffff,0xffff,0xffff,0xffff,0xffff,0xffff,0xffff,0xffff,0xffff,
    0xffff,0xffff,0xffff,0xffff,0xffff,0xffff,0xffff,0xffff,0xffff,0xffff,0xffff,0xffff,
    0xffff,0xffff,0xffff,0xffff,0xffff,0xffff,0xffff,0xffff,0xffff,0xffff,0xffff,0xffff,
    0xffff,0xffff,0xffff,0xffff,0xffff,0xffff,0xffff,0xffff,0xffff,0xffff,0xffff,0xffff,
    0xffff,0xffff,0xffff,0xffff,0xffff,0xffff,0xffff,0xffff,0xffff,0xffff,0xffff,0xffff,
    0xffff,0xffff,0xffff,0xffff,0xffff,0xffff,0xffff,0xffff,0xffff,0xffff,0xffff,0xffff,
    0xffff,0xffff,0xffff,0xffff,0xffff,0xffff,0xffff,0xffff,0xffff,0xffff,0xffff,0xffff,
    0xffff,0xffff,0xffff,0xffff,0xffff,0xffff,0xffff,0xffff,0xffff,0xffff,0xffff,0xffff,
    0xffff,0xffff,0xffff,0xffff,0xffff,0xffff,0xffff,0xffff,0xffff,0xffff,0xffff,0xffff,
    0xffff,0xffff,0xffff,0xffff,0xffff,0xffff,0xffff,0xffff,0xffff,0xffff,0xffff,0xffff,
    0xffff,0xffff,0xffff,0xffff,0xffff,0xffff,0xffff,0xffff,0xffff,0xffff,0xffff,0xffff,
    0xffff,0xffff,0xffff,0xffff,0xffff,0xffff,0xffff,0xffff,0xffff,0xffff,0xffff,0xffff,
    0xffff,0xffff,0xffff,0xffff,0xffff,0xffff,0xffff,0xffff,0xffff,0xffff,0xffff,0xffff,
    0xffff,0xffff,0xffff,0xffff,0xffff,0xffff,0xffff,0xffff,0xffff,0xffff,0xffff,0xffff,
    0xffff,0xffff,0xffff,0xffff,0xffff,0xffff,0xffff,0xffff,0xffff,0xffff,0xffff,0xffff,
    0xffff,0xffff,0xffff,0xffff,0xffff,0xffff,0xffff,0xffff,0xffff,0xffff,0xffff,0xffff,
    0xffff,0xffff,0xffff,0xffff,0xffff,0xffff,0xffff,0xffff,0xffff,0xffff,0xffff,0xffff,
    0xffff,0xffff,0xffff,0xffff,0xffff,0xffff,0xffff,0xffff,0xffff,0xffff,0xffff,0xffff,
    0xffff,0xffff,0xffff,0xffff,0xffff,0xffff,0xffff,0xffff,0xffff,0xffff,0xffff,0xffff,
    0xffff,0xffff,0xffff,0xffff,0xffff,0xffff,0xffff,0xffff,0xffff,0xffff,0xffff,0xffff,
    0xffff,0xffff,0xffff,0xffff,0xffff,0xffff,0xffff,0xffff,0xffff,0xffff,0xffff,0xffff,
    0xffff,0xffff,0xffff,0xffff,0xffff,0xffff,0xffff,0xffff,0xffff,0xffff,0xffff,0xffff,
    0xffff,0xffff,0xffff,0xffff,0xffff,0xffff,0xffff,0xffff,0xffff,0xffff,0xffff,0xffff,
    0xffff,0xffff,0xffff,0xffff,0xffff,0xffff,0xffff,0xffff,0xffff,0xffff,0xffff,0xffff,
    0xffff,0xffff,0xffff,0xffff,0xffff,0xffff,0xffff,0xffff,0xffff,0xffff,0xffff,0xffff,
    0xffff,0xffff,0xffff,0xffff,0xffff,0xffff,0xffff,0xffff,0xffff,0xffff,0xffff,0xffff,
    0xffff,0xffff,0xffff,0xffff,0xffff,0xffff,0xffff,0xffff,0xffff,0xffff,0xffff,0xffff,
    0xffff,0xffff,0xffff,0xffff,0xffff,0xffff,0xffff,0xffff,0xffff,0xffff,0xffff,0xffff,
    0xffff,0xffff,0xffff,0xffff,0xffff,0xffff,0xffff,0xffff,0xffff,0xffff,0xffff,0xffff,
    0xffff,0xffff,0xffff,0xffff,0xffff,0xffff,0xffff,0xffff,0xffff,0xffff,0xffff,0xffff,
    0xffff,0xffff,0xffff,0xffff,0xffff,0xffff,0xffff,0xffff,0xffff,0xffff,0xffff,0xffff,
    0xffff,0xffff,0xffff,0xffff,0xffff,0xffff,0xffff,0xffff,0xffff,0xffff,0xffff,0xffff,
    0xffff,0xffff,0xffff,0xffff,0xffff,0xffff,0xffff,0xffff,0xffff,0xffff,0xffff,0xffff,
    0xffff,0xffff,0xffff,0xffff,0xffff,0xffff,0xffff,0xffff,0xffff,0xffff,0xffff,0xffff,
    0xffff,0xffff,0xffff,0xffff,0xffff,0xffff,0xffff,0xffff,0xffff,0xffff,0xffff,0xffff,
    0xffff,0xffff,0xffff,0xffff,0xffff,0xffff,0xffff,0xffff,0xffff,0xffff,0xffff,0xffff,
    0xffff,0xffff,0xffff,0xffff,0xffff,0xffff,0xffff,0xffff,0xffff,0xffff,0xffff,0xffff,
    0xffff,0xffff,0xffff,0xffff,0xffff,0xffff,0xffff,0xffff,0xffff,0xffff,0xffff,0xffff,
    0xffff,0xffff,0xffff,0xffff,0xffff,0xffff,0xffff,0xffff,0xffff,0xffff,0xffff,0xffff,
    0xffff,0xffff,0xffff,0xffff,0xffff,0xffff,0xffff,0xffff,0xffff,0xffff,0xffff,0xffff,
    0xffff,0xffff,0xffff,0xffff,0xffff,0xffff,0xffff,0xffff,0xffff,0xffff,0xffff,0xffff,
    0xffff,0xffff,0xffff,0xffff,0xffff,0xffff,0xffff,0xffff,0xffff,0xffff,0xffff,0xffff,
    0xffff,0xffff,0xffff,0xffff,0xffff,0xffff,0xffff,0xffff,0xffff,0xffff,0xffff,0xffff,
    0xffff,0xffff,0xffff,0xffff,0xffff,0xffff,0xffff,0xffff,0xffff,0xffff,0xffff,0xffff,
    0xffff,0xffff,0xffff,0xffff,0xffff,0xffff,0xffff,0xffff,0xffff,0xffff,0xffff,0xffff,
    0xffff,0xffff,0xffff,0xffff,0xffff,0xffff,0xffff,0xffff,0xffff,0xffff,0xffff,0xffff,
    0xffff,0xffff,0xffff,0xffff,0xffff,0xffff,0xffff,0xffff,0xffff,0xffff,0xffff,0xffff,
    0xffff,0xffff,0xffff,0xffff,0xffff,0xffff,0xffff,0xffff,0xffff,0xffff,0xffff,0xffff,
    0xffff,0xffff,0xffff,0xffff,0xffff,0xffff,0xffff,0xffff,0xffff,0xffff,0xffff,0xffff,
    0xffff,0xffff,0xffff,0xffff,0xffff,0xffff,0xffff,0xffff,0xffff,0xffff,0xffff,0xffff,
    0xffff,0xffff,0xffff,0xffff,0xffff,0xffff,0xffff,0xffff,0xffff,0xffff,0xffff,0xffff,
    0xffff,0xffff,0xffff,0xffff,0xffff,0xffff,0xffff,0xffff,0xffff,0xffff,0xffff,0xffff,
    0xffff,0xffff,0xffdb,0xffdb,0xffdc,0xffff,0xffff,0xffff,0xffff,0xffff,0xffff,0xffff,
    0xffff,0xffff,0xffff,0xffff,0xffff,0xffdc,0xffdb,0xffdb,0xffdc,0xffff,0xffff,0xffff,
    0xffff,0xffff,0xffff,0xffff,0xffff,0xffff,0xffff,0xffff,0xffff,0xffdc,0xffdb,0xffdb,
    0xffdc,0xffff,0xffff,0xffff,0xffff,0xffff,0xffff,0xffff,0xffff,0xffff,0xffff,0xffff,
    0xffff,0xffdc,0xffdb,0xffdb,0xffdc,0xffff,0xffff,0xffff,0xffff,0xffff,0xffff,0xffff,
    0xffff,0xffff,0xffff,0xffff,0xffff,0xffdc,0xffdb,0xffdb,0xffdc,0xffff,0xffff,0xffff,
    0xffff,0xffff,0xffff,0xffff,0xffff,0xffff,0xffff,0xffff,0xffff,0xffdc,0xffdb,0xffdb,
    0xffdc,0xffff,0xffff,0xffff,0xffff,0xffff,0xffff,0xffff,0xffff,0xffff,0xffff,0xffff,
    0xffff,0xffdc,0xffdb,0xffdb,0xffdc,0xffff,0xffff,0xffff,0xffff,0xffff,0xffff,0xffff,
    0xffff,0xffff,0xffff,0xffff,0xffff,0xffdc,0xffdb,0xffdb,0xffdc,0xffff,0xffff,0xffff,
    0xffff,0xffff,0xffff,0xffff,0xffff,0xffff,0xffff,0xffff,0xffff,0xffdc,0xffdb,0xffdb,
    0xffdc,0xffff,0xffff,0xffff,0xffff,0xffff,0xffff,0xffff,0xffff,0xffff,0xffff,0xffff,
    0xffff,0xffdc,0xffdb,0xffdb,0xffdc,0xffff,0xffff,0xffff,0xffff,0xffff,0xffff,0xffff,
    0xffff,0xffff,0xffff,0xffff,0xffff,0xffdc,0xffdb,0xffdb,0xffdc,0xffff,0xffff,0xffff,
    0xffff,0xffff,0xffff,0xffff,0xffff,0xffff,0xffff,0xffff,0xffff,0xffdc,0xffdb,0xffdb,
    0xffdc,0xffff,0xffff,0xffff,0xffff,0xffff,0xffff,0xffff,0xffff,0xffff,0xffff,0xffff,
    0xffff,0xffdc,0xffdb,0xffdb,0xffdc,0xffff,0xffff,0xffff,0xffff,0xffff,0xffff,0xffff,
    0xffff,0xffff,0xffff,0xffff,0xffff,0xffdc,0xffdb,0xffdb,0xffdc,0xffff,0xffff,0xffff,
    0xffff,0xffff,0xffff,0xffff,0xffff,0xffff,0xffff,0xffff,0xffff,0xffdc,0xffdb,0xffdb,
    0xffdc,0xffff,0xffff,0xffff,0xffff,0xffff,0xffff,0xffff,0xffff,0xffff,0xffff,0xffff,
    0xffff,0xffdc,0xffdb,0xffdb,0xffdc,0xffff,0xffff,0xffff,0xffff,0xffff,0xffff,0xffff,
    0xffff,0xffff,0xffff,0xffff,0xffff,0xffff,0xffdb,0xffdb,0xffdb,0xffff,0xffff,0xffff,
    0xffff,0xffff,0xffff,0xffff,0xffff,0xffff,0xffff,0xffff,0xffff,0xffdb,0xffdb,0xffdb,
    0xffdb,0xffff,0xffff,0xffff,0xffff,0xffff,0xffff,0xffff,0xffff,0xffff,0xffff,0xffff,
    0xffff,0xffdb,0xffdb,0xffdb,0xffdb,0xffff,0xffff,0xffff,0xffff,0xffff,0xffff,0xffff,
    0xffff,0xffff,0xffff,0xffff,0xffff,0xffdb,0xffdb,0xffdb,0xffdb,0xffff,0xffff,0xffff,
    0xffff,0xffff,0xffff,0xffff,0xffff,0xffff,0xffff,0xffff,0xffff,0xffdb,0xffdb,0xffdb,
    0xffdb,0xffff,0xffff,0xffff,0xffff,0xffff,0xffff,0xffff,0xffff,0xffff,0xffff,0xffff,
    0xffff,0xffdb,0xffdb,0xffdb,0xffdb,0xffff,0xffff,0xffff,0xffff,0xffff,0xffff,0xffff,
    0xffff,0xffff,0xffff,0xffff,0xffff,0xffdb,0xffdb,0xffdb,0xffdb,0xffff,0xffff,0xffff,
    0xffff,0xffff,0xffff,0xffff,0xffff,0xffff,0xffff,0xffff,0xffff,0xffdb,0xffdb,0xffdb,
    0xffdb,0xffff,0xffff,0xffff,0xffff,0xffff,0xffff,0xffff,0xffff,0xffff,0xffff,0xffff,
    0xffff,0xffdb,0xffdb,0xffdb,0xffdb,0xffff,0xffff,0xffff,0xffff,0xffff,0xffff,0xffff,
    0xffff,0xffff,0xffff,0xffff,0xffff,0xffdb,0xffdb,0xffdb,0xffdb,0xffff,0xffff,0xffff,
    0xffff,0xffff,0xffff,0xffff,0xffff,0xffff,0xffff,0xffff,0xffff,0xffdb,0xffdb,0xffdb,
    0xffdb,0xffff,0xffff,0xffff,0xffff,0xffff,0xffff,0xffff,0xffff,0xffff,0xffff,0xffff,
    0xffff,0xffdb,0xffdb,0xffdb,0xffdb,0xffff,0xffff,0xffff,0xffff,0xffff,0xffff,0xffff,
    0xffff,0xffff,0xffff,0xffff,0xffff,0xffdb,0xffdb,0xffdb,0xffdb,0xffff,0xffff,0xffff,
    0xffff,0xffff,0xffff,0xffff,0xffff,0xffff,0xffff,0xffff,0xffff,0xffdb,0xffdb,0xffdb,
    0xffdb,0xffff,0xffff,0xffff,0xffff,0xffff,0xffff,0xffff,0xffff,0xffff,0xffff,0xffff,
    0xffff,0xffdb,0xffdb,0xffdb,0xffdb,0xffff,0xffff,0xffff,0xffff,0xffff,0xffff,0xffff,
    0xffff,0xffff,0xffff,0xffff,0xffff,0xffdb,0xffdb,0xffdb,0xffdb,0xffff,0xffff,0xffff,
    0xffff,0xffff,0xffff,0xffff,0xffff,0xffff,0xffff,0xffff,0xffff,0xffff,0xffdb,0xffdb,
    0xffdb,0xffff,0xffff,0xffff,0xffff,0xffff,0xffff,0xffff,0xffff,0xffff,0xffff,0xffff,
    0xffff,0xffdb,0xffdb,0xffdb,0xffdb,0xffff,0xffff,0xffff,0xffff,0xffff,0xffff,0xffff,
    0xffff,0xffff,0xffff,0xffff,0xffff,0xffdb,0xffdb,0xffdb,0xffdb,0xffff,0xffff,0xffff,
    0xffff,0xffff,0xffff,0xffff,0xffff,0xffff,0xffff,0xffff,0xffff,0xffdb,0xffdb,0xffdb,
    0xffdb,0xffff,0xffff,0xffff,0xffff,0xffff,0xffff,0xffff,0xffff,0xffff,0xffff,0xffff,
    0xffff,0xffdb,0xffdb,0xffdb,0xffdb,0xffff,0xffff,0xffff,0xffff,0xffff,0xffff,0xffff,
    0xffff,0xffff,0xffff,0xffff,0xffff,0xffdb,0xffdb,0xffdb,0xffdb,0xffff,0xffff,0xffff,
    0xffff,0xffff,0xffff,0xffff,0xffff,0xffff,0xffff,0xffff,0xffff,0xffdb,0xffdb,0xffdb,
    0xffdb,0xffff,0xffff,0xffff,0xffff,0xffff,0xffff,0xffff,0xffff,0xffff,0xffff,0xffff,
    0xffff,0xffdb,0xffdb,0xffdb,0xffdb,0xffff,0xffff,0xffff,0xffff,0xffff,0xffff,0xffff,
    0xffff,0xffff,0xffff,0xffff,0xffff,0xffdb,0xffdb,0xffdb,0xffdb,0xffff,0xffff,0xffff,
    0xffff,0xffff,0xffff,0xffff,0xffff,0xffff,0xffff,0xffff,0xffff,0xffdb,0xffdb,0xffdb,
    0xffdb,0xffff,0xffff,0xffff,0xffff,0xffff,0xffff,0xffff,0xffff,0xffff,0xffff,0xffff,
    0xffff,0xffdb,0xffdb,0xffdb,0xffdb,0xffff,0xffff,0xffff,0xffff,0xffff,0xffff,0xffff,
    0xffff,0xffff,0xffff,0xffff,0xffff,0xffdb,0xffdb,0xffdb,0xffdb,0xffff,0xffff,0xffff,
    0xffff,0xffff,0xffff,0xffff,0xffff,0xffff,0xffff,0xffff,0xffff,0xffdb,0xffdb,0xffdb,
    0xffdb,0xffff,0xffff,0xffff,0xffff,0xffff,0xffff,0xffff,0xffff,0xffff,0xffff,0xffff,
    0xffff,0xffdb,0xffdb,0xffdb,0xffdb,0xffff,0xffff,0xffff,0xffff,0xffff,0xffff,0xffff,
    0xffff,0xffff,0xffff,0xffff,0xffff,0xffdb,0xffdb,0xffdb,0xffdb,0xffff,0xffff,0xffff,
    0xffff,0xffff,0xffff,0xffff,0xffff,0xffff,0xffff,0xffff,0xffff,0xffdb,0xffdb,0xffdb,
    0xffdb,0xffff,0xffff,0xffff,0xffff,0xffff,0xffff,0xffff,0xffff,0xffff,0xffff,0xffff,
    0xffff,0xffff,0xffdb,0xffdb,0xffdc,0xffff,0xffff,0xffff,0xffff,0xffff,0xffff,0xffff,
    0xffff,0xffff,0xffff,0xffff,0xffff,0xffdc,0xffdb,0xffdb,0xffdc,0xffff,0xffff,0xffff,
    0xffff,0xffff,0xffff,0xffff,0xffff,0xffff,0xffff,0xffff,0xffff,0xffdc,0xffdb,0xffdb,
    0xffdc,0xffff,0xffff,0xffff,0xffff,0xffff,0xffff,0xffff,0xffff,0xffff,0xffff,0xffff,
    0xffff,0xffdc,0xffdb,0xffdb,0xffdc,0xffff,0xffff,0xffff,0xffff,0xffff,0xffff,0xffff,
    0xffff,0xffff,0xffff,0xffff,0xffff,0xffdc,0xffdb,0xffdb,0xffdc,0xffff,0xffff,0xffff,
    0xffff,0xffff,0xffff,0xffff,0xffff,0xffff,0xffff,0xffff,0xffff,0xffdc,0xffdb,0xffdb,
    0xffdc,0xffff,0xffff,0xffff,0xffff,0xffff,0xffff,0xffff,0xffff,0xffff,0xffff,0xffff,
    0xffff,0xffdc,0xffdb,0xffdb,0xffdc,0xffff,0xffff,0xffff,0xffff,0xffff,0xffff,0xffff,
    0xffff,0xffff,0xffff,0xffff,0xffff,0xffdc,0xffdb,0xffdb,0xffdc,0xffff,0xffff,0xffff,
    0xffff,0xffff,0xffff,0xffff,0xffff,0xffff,0xffff,0xffff,0xffff,0xffdc,0xffdb,0xffdb,
    0xffdc,0xffff,0xffff,0xffff,0xffff,0xffff,0xffff,0xffff,0xffff,0xffff,0xffff,0xffff,
    0xffff,0xffdc,0xffdb,0xffdb,0xffdc,0xffff,0xffff,0xffff,0xffff,0xffff,0xffff,0xffff,
    0xffff,0xffff,0xffff,0xffff,0xffff,0xffdc,0xffdb,0xffdb,0xffdc,0xffff,0xffff,0xffff,
    0xffff,0xffff,0xffff,0xffff,0xffff,0xffff,0xffff,0xffff,0xffff,0xffdc,0xffdb,0xffdb,
    0xffdc,0xffff,0xffff,0xffff,0xffff,0xffff,0xffff,0xffff,0xffff,0xffff,0xffff,0xffff,
    0xffff,0xffdc,0xffdb,0xffdb,0xffdc,0xffff,0xffff,0xffff,0xffff,0xffff,0xffff,0xffff,
    0xffff,0xffff,0xffff,0xffff,0xffff,0xffdc,0xffdb,0xffdb,0xffdc,0xffff,0xffff,0xffff,
    0xffff,0xffff,0xffff,0xffff,0xffff,0xffff,0xffff,0xffff,0xffff,0xffdc,0xffdb,0xffdb,
    0xffdc,0xffff,0xffff,0xffff,0xffff,0xffff,0xffff,0xffff,0xffff,0xffff,0xffff,0xffff,
    0xffff,0xffdc,0xffdb,0xffdb,0xffdc,0xffff,0xffff,0xffff,0xffff,0xffff,0xffff,0xffff,
    0xffff,0xffff,0xffff,0xffff,0xffff,0xffff,0xffff,0xffff,0xffff,0xffff,0xffff,0xffff,
    0xffff,0xffff,0xffff,0xffff,0xffff,0xffff,0xffff,0xffff,0xffff,0xffff,0xffff,0xffff,
    0xffff,0xffff,0xffff,0xffff,0xffff,0xffff,0xffff,0xffff,0xffff,0xffff,0xffff,0xffff,
    0xffff,0xffff,0xffff,0xffff,0xffff,0xffff,0xffff,0xffff,0xffff,0xffff,0xffff,0xffff,
    0xffff,0xffff,0xffff,0xffff,0xffff,0xffff,0xffff,0xffff,0xffff,0xffff,0xffff,0xffff,
    0xffff,0xffff,0xffff,0xffff,0xffff,0xffff,0xffff,0xffff,0xffff,0xffff,0xffff,0xffff,
    0xffff,0xffff,0xffff,0xffff,0xffff,0xffff,0xffff,0xffff,0xffff,0xffff,0xffff,0xffff,
    0xffff,0xffff,0xffff,0xffff,0xffff,0xffff,0xffff,0xffff,0xffff,0xffff,0xffff,0xffff,
    0xffff,0xffff,0xffff,0xffff,0xffff,0xffff,0xffff,0xffff,0xffff,0xffff,0xffff,0xffff,
    0xffff,0xffff,0xffff,0xffff,0xffff,0xffff,0xffff,0xffff,0xffff,0xffff,0xffff,0xffff,
    0xffff,0xffff,0xffff,0xffff,0xffff,0xffff,0xffff,0xffff,0xffff,0xffff,0xffff,0xffff,
    0xffff,0xffff,0xffff,0xffff,0xffff,0xffff,0xffff,0xffff,0xffff,0xffff,0xffff,0xffff,
    0xffff,0xffff,0xffff,0xffff,0xffff,0xffff,0xffff,0xffff,0xffff,0xffff,0xffff,0xffff,
    0xffff,0xffff,0xffff,0xffff,0xffff,0xffff,0xffff,0xffff,0xffff,0xffff,0xffff,0xffff,
    0xffff,0xffff,0xffff,0xffff,0xffff,0xffff,0xffff,0xffff,0xffff,0xffff,0xffff,0xffff,
    0xffff,0xffff,0xffff,0xffff,0xffff,0xffff,0xffff,0xffff,0xffff,0xffff,0xffff,0xffff,
    0xffff,0xffff,0xffff,0xffff,0xffff,0xffff,0xffff,0xffff,0xffff,0xffff,0xffff,0xffff,
    0xffff,0xffff,0xffff,0xffff,0xffff,0xffff,0xffff,0xffff,0xffff,0xffff,0xffff,0xffff,
    0xffff,0xffff,0xffff,0xffff,0xffff,0xffff,0xffff,0xffff,0xffff,0xffff,0xffff,0xffff,
    0xffff,0xffff,0xffff,0xffff,0xffff,0xffff,0xffff,0xffff,0xffff,0xffff,0xffff,0xffff,
    0xffff,0xffff,0xffff,0xffff,0xffff,0xffff,0xffff,0xffff,0xffff,0xffff,0xffff,0xffff,
    0xffff,0xffff,0xffff,0xffff,0xffff,0xffff,0xffff,0xffff,0xffff,0xffff,0xffff,0xffff,
    0xffff,0xffff,0xffff,0xffff,0xffff,0xffff,0xffff,0xffff,0xffff,0xffff,0xffff,0xffff,
    0xffff,0xffff,0xffff,0xffff,0xffff,0xffff,0xffff,0xffff,0xffff,0xffff,0xffff,0xffff,
    0xffff,0xffff,0xffff,0xffff,0xffff,0xffff,0xffff,0xffff,0xffff,0xffff,0xffff,0xffff,
    0xffff,0xffff,0xffff,0xffff,0xffff,0xffff,0xffff,0xffff,0xffff,0xffff,0xffff,0xffff,
    0xffff,0xffff,0xffff,0xffff,0xffff,0xffff,0xffff,0xffff,0xffff,0xffff,0xffff,0xffff,
    0xffff,0xffff,0xffff,0xffff,0xffff,0xffff,0xffff,0xffff,0xffff,0xffff,0xffff,0xffff,
    0xffff,0xffff,0xffff,0xffff,0xffff,0xffff,0xffff,0xffff,0xffff,0xffff,0xffff,0xffff,
    0xffff,0xffff,0xffff,0xffff,0xffff,0xffff,0xffff,0xffff,0xffff,0xffff,0xffff,0xffff,
    0xffff,0xffff,0xffff,0xffff,0xffff,0xffff,0xffff,0xffff,0xffff,0xffff,0xffff,0xffff,
    0xffff,0xffff,0xffff,0xffff,0xffff,0xffff,0xffff,0xffff,0xffff,0xffff,0xffff,0xffff,
    0xffff,0xffff,0xffff,0xffff,0xffff,0xffff,0xffff,0xffff,0xffff,0xffff,0xffff,0xffff,
    0xffff,0xffff,0xffff,0xffff,0xffff,0xffff,0xffff,0xffff,0xffff,0xffff,0xffff,0xffff,
    0xffff,0xffff,0xffff,0xffff,0xffff,0xffff,0xffff,0xffff,0xffff,0xffff,0xffff,0xffff,
    0xffff,0xffff,0xffff,0xffff,0xffff,0xffff,0xffff,0xffff,0xffff,0xffff,0xffff,0xffff,
    0xffff,0xffff,0xffff,0xffff,0xffff,0xffff,0xffff,0xffff,0xffff,0xffff,0xffff,0xffff,
    0xffff,0xffff,0xffff,0xffff,0xffff,0xffff,0xffff,0xffff,0xffff,0xffff,0xffff,0xffff,
    0xffff,0xffff,0xffff,0xffff,0xffff,0xffff,0xffff,0xffff,0xffff,0xffff,0xffff,0xffff,
    0xffff,0xffff,0xffff,0xffff,0xffff,0xffff,0xffff,0xffff,0xffff,0xffff,0xffff,0xffff,
    0xffff,0xffff,0xffff,0xffff,0xffff,0xffff,0xffff,0xffff,0xffff,0xffff,0xffff,0xffff,
    0xffff,0xffff,0xffff,0xffff,0xffff,0xffff,0xffff,0xffff,0xffff,0xffff,0xffff,0xffff,
    0xffff,0xffff,0xffff,0xffff,0xffff,0xffff,0xffff,0xffff,0xffff,0xffff,0xffff,0xffff,
    0xffff,0xffff,0xffff,0xffff,0xffff,0xffff,0xffff,0xffff,0xffff,0xffff,0xffff,0xffff,
    0xffff,0xffff,0xffff,0xffff,0xffff,0xffff,0xffff,0xffff,0xffff,0xffff,0xffff,0xffff,
    0xffff,0xffff,0xffff,0xffff,0xffff,0xffff,0xffff,0xffff,0xffff,0xffff,0xffff,0xffff,
    0xffff,0xffff,0xffff,0xffff,0xffff,0xffff,0xffff,0xffff,0xffff,0xffff,0xffff,0xffff,
    0xffff,0xffff,0xffff,0xffff,0xffff,0xffff,0xffff,0xffff,0xffff,0xffff,0xffff,0xffff,
    0xffff,0xffff,0xffff,0xffff,0xffff,0xffff,0xffff,0xffff,0xffff,0xffff,0xffff,0xffff,
    0xffff,0xffff,0xffff,0xffff,0xffff,0xffff,0xffff,0xffff,0xffff,0xffff,0xffff,0xffff,
    0xffff,0xffff,0xffff,0xffff,0xffff,0xffff,0xffff,0xffff,0xffff,0xffff,0xffff,0xffff,
    0xffff,0xffff,0xffff,0xffff,0xffff,0xffff,0xffff,0xffff,0xffff,0xffff,0xffff,0xffff,
    0xffff,0xffff,0xffff,0xffff,0xffff,0xffff,0xffff,0xffff,0xffff,0xffff,0xffff,0xffff,
    0xffff,0xffff,0xffff,0xffff,0xffff,0xffff,0xffff,0xffff,0xffff,0xffff,0xffff,0xffff,
    0xffff,0xffff,0xffff,0xffff,0xffff,0xffff,0xffff,0xffff,0xffff,0xffff,0xffff,0xffff,
    0xffff,0xffff,0xffff,0xffff,0xffff,0xffff,0xffff,0xffff,0xffff,0xffff,0xffff,0xffff,
    0xffff,0xffff,0xffff,0xffff,0xffff,0xffff,0xffff,0xffff,0xffff,0xffff,0xffff,0xffff,
    0xffff,0xffff,0xffff,0xffff,0xffff,0xffff,0xffff,0xffff,0xffff,0xffff,0xffff,0xffff,
    0xffff,0xffff,0xffff,0xffff,0xffff,0xffff,0xffff,0xffff,0xffff,0xffff,0xffff,0xffff,
    0xffff,0xffff,0xffff,0xffff,0xffff,0xffff,0xffff,0xffff,0xffff,0xffff,0xffff,0xffff,
    0xffff,0xffff,0xffff,0xffff,0xffff,0xffff,0xffff,0xffff,0xffff,0xffff,0xffff,0xffff,
    0xffff,0xffff,0xffff,0xffff,0xffff,0xffff,0xffff,0xffff,0xffff,0xffff,0xffff,0xffff,
    0xffff,0xffff,0xffff,0xffff,0xffff,0xffff,0xffff,0xffff,0xffff,0xffff,0xffff,0xffff,
    0xffff,0xffff,0xffff,0xffff,0xffff,0xffff,0xffff,0xffff,0xffff,0xffff,0xffff,0xffff,
    0xffff,0xffff,0xffff,0xffff,0xffff,0xffff,0xffff,0xffff,0xffff,0xffff,0xffff,0xffff,
    0xffff,0xfffe,0xffdc,0xffdc,0xfffe,0xffff,0xffff,0xffff,0xffff,0xffff,0xffff,0xffff,
    0xffff,0xffff,0xffff,0xffff,0xffff,0xfffe,0xffdc,0xffdc,0xfffe,0xffff,0xffff,0xffff,
    0xffff,0xffff,0xffff,0xffff,0xffff,0xffff,0xffff,0xffff,0xffff,0xfffe,0xffdc,0xffdc,
    0xfffe,0xffff,0xffff,0xffff,0xffff,0xffff,0xffff,0xffff,0xffff,0xffff,0xffff,0xffff,
    0xffff,0xfffe,0xffdc,0xffdc,0xfffe,0xffff,0xffff,0xffff,0xffff,0xffff,0xffff,0xffff,
    0xffff,0xffff,0xffff,0xffff,0xffff,0xfffe,0xffdc,0xffdc,0xfffe,0xffff,0xffff,0xffff,
    0xffff,0xffff,0xffff,0xffff,0xffff,0xffff,0xffff,0xffff,0xffff,0xfffe,0xffdc,0xffdc,
    0xfffe,0xffff,0xffff,0xffff,0xffff,0xffff,0xffff,0xffff,0xffff,0xffff,0xffff,0xffff,
    0xffff,0xfffe,0xffdc,0xffdc,0xfffe,0xffff,0xffff,0xffff,0xffff,0xffff,0xffff,0xffff,
    0xffff,0xffff,0xffff,0xffff,0xffff,0xfffe,0xffdc,0xffdc,0xfffe,0xffff,0xffff,0xffff,
    0xffff,0xffff,0xffff,0xffff,0xffff,0xffff,0xffff,0xffff,0xffff,0xfffe,0xffdc,0xffdc,
    0xfffe,0xffff,0xffff,0xffff,0xffff,0xffff,0xffff,0xffff,0xffff,0xffff,0xffff,0xffff,
    0xffff,0xfffe,0xffdc,0xffdc,0xfffe,0xffff,0xffff,0xffff,0xffff,0xffff,0xffff,0xffff,
    0xffff,0xffff,0xffff,0xffff,0xffff,0xfffe,0xffdc,0xffdc,0xfffe,0xffff,0xffff,0xffff,
    0xffff,0xffff,0xffff,0xffff,0xffff,0xffff,0xffff,0xffff,0xffff,0xfffe,0xffdc,0xffdc,
    0xfffe,0xffff,0xffff,0xffff,0xffff,0xffff,0xffff,0xffff,0xffff,0xffff,0xffff,0xffff,
    0xffff,0xfffe,0xffdc,0xffdc,0xfffe,0xffff,0xffff,0xffff,0xffff,0xffff,0xffff,0xffff,
    0xffff,0xffff,0xffff,0xffff,0xffff,0xfffe,0xffdc,0xffdc,0xfffe,0xffff,0xffff,0xffff,
    0xffff,0xffff,0xffff,0xffff,0xffff,0xffff,0xffff,0xffff,0xffff,0xfffe,0xffdc,0xffdc,
    0xfffe,0xffff,0xffff,0xffff,0xffff,0xffff,0xffff,0xffff,0xffff,0xffff,0xffff,0xffff,
    0xffff,0xfffe,0xffdc,0xffdc,0xfffe,0xffff,0xffff,0xffff,0xffff,0xffff,0xffff,0xffff,
    0xffff,0xffff,0xffff,0xffff,0xfffe,0xffdb,0xffdb,0xffdb,0xffdb,0xfffe,0xffff,0xffff,
    0xffff,0xffff,0xffff,0xffff,0xffff,0xffff,0xffff,0xffff,0xfffe,0xffdb,0xffdb,0xffdb,
    0xffdb,0xfffe,0xffff,0xffff,0xffff,0xffff,0xffff,0xffff,0xffff,0xffff,0xffff,0xffff,
    0xfffe,0xffdb,0xffdb,0xffdb,0xffdb,0xfffe,0xffff,0xffff,0xffff,0xffff,0xffff,0xffff,
    0xffff,0xffff,0xffff,0xffff,0xfffe,0xffdb,0xffdb,0xffdb,0xffdb,0xfffe,0xffff,0xffff,
    0xffff,0xffff,0xffff,0xffff,0xffff,0xffff,0xffff,0xffff,0xfffe,0xffdb,0xffdb,0xffdb,
    0xffdb,0xfffe,0xffff,0xffff,0xffff,0xffff,0xffff,0xffff,0xffff,0xffff,0xffff,0xffff,
    0xfffe,0xffdb,0xffdb,0xffdb,0xffdb,0xfffe,0xffff,0xffff,0xffff,0xffff,0xffff,0xffff,
    0xffff,0xffff,0xffff,0xffff,0xfffe,0xffdb,0xffdb,0xffdb,0xffdb,0xfffe,0xffff,0xffff,
    0xffff,0xffff,0xffff,0xffff,0xffff,0xffff,0xffff,0xffff,0xfffe,0xffdb,0xffdb,0xffdb,
    0xffdb,0xfffe,0xffff,0xffff,0xffff,0xffff,0xffff,0xffff,0xffff,0xffff,0xffff,0xffff,
    0xfffe,0xffdb,0xffdb,0xffdb,0xffdb,0xfffe,0xffff,0xffff,0xffff,0xffff,0xffff,0xffff,
    0xffff,0xffff,0xffff,0xffff,0xfffe,0xffdb,0xffdb,0xffdb,0xffdb,0xfffe,0xffff,0xffff,
    0xffff,0xffff,0xffff,0xffff,0xffff,0xffff,0xffff,0xffff,0xfffe,0xffdb,0xffdb,0xffdb,
    0xffdb,0xfffe,0xffff,0xffff,0xffff,0xffff,0xffff,0xffff,0xffff,0xffff,0xffff,0xffff,
    0xfffe,0xffdb,0xffdb,0xffdb,0xffdb,0xfffe,0xffff,0xffff,0xffff,0xffff,0xffff,0xffff,
    0xffff,0xffff,0xffff,0xffff,0xfffe,0xffdb,0xffdb,0xffdb,0xffdb,0xfffe,0xffff,0xffff,
    0xffff,0xffff,0xffff,0xffff,0xffff,0xffff,0xffff,0xffff,0xfffe,0xffdb,0xffdb,0xffdb,
    0xffdb,0xfffe,0xffff,0xffff,0xffff,0xffff,0xffff,0xffff,0xffff,0xffff,0xffff,0xffff,
    0xfffe,0xffdb,0xffdb,0xffdb,0xffdb,0xfffe,0xffff,0xffff,0xffff,0xffff,0xffff,0xffff,
    0xffff,0xffff,0xffff,0xffff,0xfffe,0xffdb,0xffdb,0xffdb,0xffdb,0xfffe,0xffff,0xffff,
    0xffff,0xffff,0xffff,0xffff,0xffff,0xffff,0xffff,0xffff,0xffdc,0xffdb,0xffdb,0xffdb,
    0xffdb,0xffdc,0xffff,0xffff,0xffff,0xffff,0xffff,0xffff,0xffff,0xffff,0xffff,0xffff,
    0xffdc,0xffdb,0xffdb,0xffdb,0xffdb,0xffdc,0xffff,0xffff,0xffff,0xffff,0xffff,0xffff,
    0xffff,0xffff,0xffff,0xffff,0xffdc,0xffdb,0xffdb,0xffdb,0xffdb,0xffdc,0xffff,0xffff,
    0xffff,0xffff,0xffff,0xffff,0xffff,0xffff,0xffff,0xffff,0xffdc,0xffdb,0xffdb,0xffdb,
    0xffdb,0xffdc,0xffff,0xffff,0xffff,0xffff,0xffff,0xffff,0xffff,0xffff,0xffff,0xffff,
    0xffdc,0xffdb,0xffdb,0xffdb,0xffdb,0xffdc,0xffff,0xffff,0xffff,0xffff,0xffff,0xffff,
    0xffff,0xffff,0xffff,0xffff,0xffdc,0xffdb,0xffdb,0xffdb,0xffdb,0xffdc,0xffff,0xffff,
    0xffff,0xffff,0xffff,0xffff,0xffff,0xffff,0xffff,0xffff,0xffdc,0xffdb,0xffdb,0xffdb,
    0xffdb,0xffdc,0xffff,0xffff,0xffff,0xffff,0xffff,0xffff,0xffff,0xffff,0xffff,0xffff,
    0xffdc,0xffdb,0xffdb,0xffdb,0xffdb,0xffdc,0xffff,0xffff,0xffff,0xffff,0xffff,0xffff,
    0xffff,0xffff,0xffff,0xffff,0xffdc,0xffdb,0xffdb,0xffdb,0xffdb,0xffdc,0xffff,0xffff,
    0xffff,0xffff,0xffff,0xffff,0xffff,0xffff,0xffff,0xffff,0xffdc,0xffdb,0xffdb,0xffdb,
    0xffdb,0xffdc,0xffff,0xffff,0xffff,0xffff,0xffff,0xffff,0xffff,0xffff,0xffff,0xffff,
    0xffdc,0xffdb,0xffdb,0xffdb,0xffdb,0xffdc,0xffff,0xffff,0xffff,0xffff,0xffff,0xffff,
    0xffff,0xffff,0xffff,0xffff,0xffdc,0xffdb,0xffdb,0xffdb,0xffdb,0xffdc,0xffff,0xffff,
    0xffff,0xffff,0xffff,0xffff,0xffff,0xffff,0xffff,0xffff,0xffdc,0xffdb,0xffdb,0xffdb,
    0xffdb,0xffdc,0xffff,0xffff,0xffff,0xffff,0xffff,0xffff,0xffff,0xffff,0xffff,0xffff,
    0xffdc,0xffdb,0xffdb,0xffdb,0xffdb,0xffdc,0xffff,0xffff,0xffff,0xffff,0xffff,0xffff,
    0xffff,0xffff,0xffff,0xffff,0xffdc,0xffdb,0xffdb,0xffdb,0xffdb,0xffdc,0xffff,0xffff,
    0xffff,0xffff,0xffff,0xffff,0xffff,0xffff,0xffff,0xffff,0xffdc,0xffdb,0xffdb,0xffdb,
    0xffdb,0xffdc,0xffff,0xffff,0xffff,0xffff,0xffff,0xffff,0xffff,0xffff,0xffff,0xffff,
    0xffdc,0xffdb,0xffdb,0xffdb,0xffdb,0xffdc,0xffff,0xffff,0xffff,0xffff,0xffff,0xffff,
    0xffff,0xffff,0xffff,0xffff,0xffdc,0xffdb,0xffdb,0xffdb,0xffdb,0xffdc,0xffff,0xffff,
    0xffff,0xffff,0xffff,0xffff,0xffff,0xffff,0xffff,0xffff,0xffdc,0xffdb,0xffdb,0xffdb,
    0xffdb,0xffdc,0xffff,0xffff,0xffff,0xffff,0xffff,0xffff,0xffff,0xffff,0xffff,0xffff,
    0xffdc,0xffdb,0xffdb,0xffdb,0xffdb,0xffdc,0xffff,0xffff,0xffff,0xffff,0xffff,0xffff,
    0xffff,0xffff,0xffff,0xffff,0xffdc,0xffdb,0xffdb,0xffdb,0xffdb,0xffdc,0xffff,0xffff,
    0xffff,0xffff,0xffff,0xffff,0xffff,0xffff,0xffff,0xffff,0xffdc,0xffdb,0xffdb,0xffdb,
    0xffdb,0xffdc,0xffff,0xffff,0xffff,0xffff,0xffff,0xffff,0xffff,0xffff,0xffff,0xffff,
    0xffdc,0xffdb,0xffdb,0xffdb,0xffdb,0xffdc,0xffff,0xffff,0xffff,0xffff,0xffff,0xffff,
    0xffff,0xffff,0xffff,0xffff,0xffdb,0xffb8,0xff94,0xff94,0xff72,0xff72,0xff72,0xff72,
    0xff72,0xff72,0xff72,0xff72,0xff72,0xff72,0xff72,0xff72,0xff72,0xff72,0xff94,0xffb6,
    0xffb9,0xffdc,0xffff,0xffff,0xffff,0xffff,0xffff,0xffff,0xffff,0xffff,0xffff,0xffff,
    0xffdc,0xffdb,0xffdb,0xffdb,0xffdb,0xffdc,0xffff,0xffff,0xffff,0xffff,0xffff,0xffff,
    0xffff,0xffff,0xffff,0xffff,0xffdc,0xffdb,0xffdb,0xffdb,0xffdb,0xffdc,0xffff,0xffff,
    0xffff,0xffff,0xffff,0xffff,0xffff,0xffff,0xffff,0xffff,0xffdc,0xffdb,0xffdb,0xffdb,
    0xffdb,0xffdc,0xffff,0xffff,0xffff,0xffff,0xffff,0xffff,0xffff,0xffff,0xffff,0xffff,
    0xffdc,0xffdb,0xffdb,0xffdb,0xffdb,0xffdc,0xffff,0xffff,0xffff,0xffff,0xffff,0xffff,
    0xffff,0xffff,0xffff,0xffff,0xffdc,0xffdb,0xffdb,0xffdb,0xffdb,0xffdc,0xffff,0xffff,
    0xffff,0xffff,0xffff,0xffff,0xffff,0xffff,0xffff,0xffff,0xffdc,0xffdb,0xffdb,0xffdb,
    0xffdb,0xffdc,0xffff,0xffff,0xffff,0xffff,0xffff,0xffff,0xffff,0xffff,0xffff,0xffff,
    0xffdc,0xffdb,0xffdb,0xffdb,0xffdb,0xffdc,0xffff,0xffff,0xffff,0xffff,0xffff,0xffff,
    0xffff,0xffff,0xffff,0xffff,0xfffe,0xffdb,0xffdb,0xffdb,0xffdb,0xfffe,0xffff,0xffff,
    0xffff,0xffff,0xffff,0xffff,0xffff,0xffff,0xffff,0xffff,0xfffe,0xffdb,0xffdb,0xffdb,
    0xffdb,0xfffe,0xffff,0xffff,0xffff,0xffff,0xffff,0xffff,0xffff,0xffff,0xffff,0xffff,
    0xfffe,0xffdb,0xffdb,0xffdb,0xffdb,0xfffe,0xffff,0xffff,0xffff,0xffff,0xffff,0xffff,
    0xffff,0xffff,0xffff,0xffff,0xfffe,0xffdb,0xffdb,0xffdb,0xffdb,0xfffe,0xffff,0xffff,
    0xffff,0xffff,0xffff,0xffff,0xffff,0xffff,0xffff,0xffff,0xfffe,0xffdb,0xffdb,0xffdb,
    0xffdb,0xfffe,0xffff,0xffff,0xffff,0xffff,0xffff,0xffff,0xffff,0xffff,0xffff,0xffff,
    0xfffe,0xffdb,0xffdb,0xffdb,0xffdb,0xfffe,0xffff,0xffff,0xffff,0xffff,0xffff,0xffff,
    0xffff,0xffff,0xffff,0xffff,0xfffe,0xffdb,0xffdb,0xffdb,0xffdb,0xfffe,0xffff,0xffff,
    0xffff,0xffff,0xffff,0xffff,0xffff,0xffff,0xffff,0xffdc,0xff94,0xff72,0xff72,0xff72,
    0xff72,0xff72,0xff72,0xff72,0xff72,0xff72,0xff72,0xff72,0xff72,0xff72,0xff72,0xff72,
    0xff72,0xff72,0xff72,0xff72,0xff72,0xffb6,0xfffe,0xffff,0xffff,0xffff,0xffff,0xffff,
    0xffff,0xffff,0xffff,0xffff,0xfffe,0xffdb,0xffdb,0xffdb,0xffdb,0xfffe,0xffff,0xffff,
    0xffff,0xffff,0xffff,0xffff,0xffff,0xffff,0xffff,0xffff,0xfffe,0xffdb,0xffdb,0xffdb,
    0xffdb,0xfffe,0xffff,0xffff,0xffff,0xffff,0xffff,0xffff,0xffff,0xffff,0xffff,0xffff,
    0xfffe,0xffdb,0xffdb,0xffdb,0xffdb,0xfffe,0xffff,0xffff,0xffff,0xffff,0xffff,0xffff,
    0xffff,0xffff,0xffff,0xffff,0xfffe,0xffdb,0xffdb,0xffdb,0xffdb,0xfffe,0xffff,0xffff,
    0xffff,0xffff,0xffff,0xffff,0xffff,0xffff,0xffff,0xffff,0xfffe,0xffdb,0xffdb,0xffdb,
    0xffdb,0xfffe,0xffff,0xffff,0xffff,0xffff,0xffff,0xffff,0xffff,0xffff,0xffff,0xffff,
    0xfffe,0xffdb,0xffdb,0xffdb,0xffdb,0xfffe,0xffff,0xffff,0xffff,0xffff,0xffff,0xffff,
    0xffff,0xffff,0xffff,0xffff,0xfffe,0xffdb,0xffdb,0xffdb,0xffdb,0xfffe,0xffff,0xffff,
    0xffff,0xffff,0xffff,0xffff,0xffff,0xffff,0xffff,0xffff,0xffff,0xfffe,0xffdc,0xffdc,
    0xfffe,0xffff,0xffff,0xffff,0xffff,0xffff,0xffff,0xffff,0xffff,0xffff,0xffff,0xffff,
    0xffff,0xfffe,0xffdc,0xffdc,0xfffe,0xffff,0xffff,0xffff,0xffff,0xffff,0xffff,0xffff,
    0xffff,0xffff,0xffff,0xffff,0xffff,0xfffe,0xffdc,0xffdc,0xfffe,0xffff,0xffff,0xffff,
    0xffff,0xffff,0xffff,0xffff,0xffff,0xffff,0xffff,0xffff,0xffff,0xfffe,0xffdc,0xffdc,
    0xfffe,0xffff,0xffff,0xffff,0xffff,0xffff,0xffff,0xffff,0xffff,0xffff,0xffff,0xffff,
    0xffff,0xfffe,0xffdc,0xffdc,0xfffe,0xffff,0xffff,0xffff,0xffff,0xffff,0xffff,0xffff,
    0xffff,0xffff,0xffff,0xffff,0xffff,0xfffe,0xffdc,0xffdc,0xfffe,0xffff,0xffff,0xffff,
    0xffff,0xffff,0xffff,0xffff,0xffff,0xffff,0xffff,0xffff,0xffff,0xfffe,0xffdc,0xffdc,
    0xfffe,0xffff,0xffff,0xffff,0xffff,0xffff,0xffff,0xffff,0xffff,0xffff,0xffb9,0xff72,
    0xff72,0xff72,0xff72,0xff72,0xff72,0xff72,0xff72,0xff72,0xff72,0xff72,0xff72,0xff72,
    0xff72,0xff72,0xff72,0xff72,0xff72,0xff72,0xff72,0xff72,0xff72,0xff72,0xff94,0xfffd,
    0xffff,0xffff,0xffff,0xffff,0xffff,0xffff,0xffff,0xffff,0xffff,0xfffe,0xffdc,0xffdc,
    0xfffe,0xffff,0xffff,0xffff,0xffff,0xffff,0xffff,0xffff,0xffff,0xffff,0xffff,0xffff,
    0xffff,0xfffe,0xffdc,0xffdc,0xfffe,0xffff,0xffff,0xffff,0xffff,0xffff,0xffff,0xffff,
    0xffff,0xffff,0xffff,0xffff,0xffff,0xfffe,0xffdc,0xffdc,0xfffe,0xffff,0xffff,0xffff,
    0xffff,0xffff,0xffff,0xffff,0xffff,0xffff,0xffff,0xffff,0xffff,0xfffe,0xffdc,0xffdc,
    0xfffe,0xffff,0xffff,0xffff,0xffff,0xffff,0xffff,0xffff,0xffff,0xffff,0xffff,0xffff,
    0xffff,0xfffe,0xffdc,0xffdc,0xfffe,0xffff,0xffff,0xffff,0xffff,0xffff,0xffff,0xffff,
    0xffff,0xffff,0xffff,0xffff,0xffff,0xfffe,0xffdc,0xffdc,0xfffe,0xffff,0xffff,0xffff,
    0xffff,0xffff,0xffff,0xffff,0xffff,0xffff,0xffff,0xffff,0xffff,0xfffe,0xffdc,0xffdc,
    0xfffe,0xffff,0xffff,0xffff,0xffff,0xffff,0xffff,0xffff,0xffff,0xffff,0xffff,0xffff,
    0xffff,0xffff,0xffff,0xffff,0xffff,0xffff,0xffff,0xffff,0xffff,0xffff,0xffff,0xffff,
    0xffff,0xffff,0xffff,0xffff,0xffff,0xffff,0xffff,0xffff,0xffff,0xffff,0xffff,0xffff,
    0xffff,0xffff,0xffff,0xffff,0xffff,0xffff,0xffff,0xffff,0xffff,0xffff,0xffff,0xffff,
    0xffff,0xffff,0xffff,0xffff,0xffff,0xffff,0xffff,0xffff,0xffff,0xffff,0xffff,0xffff,
    0xffff,0xffff,0xffff,0xffff,0xffff,0xffff,0xffff,0xffff,0xffff,0xffff,0xffff,0xffff,
    0xffff,0xffff,0xffff,0xffff,0xffff,0xffff,0xffff,0xffff,0xffff,0xffff,0xffff,0xffff,
    0xffff,0xffff,0xffff,0xffff,0xffff,0xffff,0xffff,0xffff,0xffff,0xffff,0xffff,0xffff,
    0xffff,0xffff,0xffff,0xffff,0xffff,0xffff,0xffff,0xffff,0xffff,0xffff,0xffff,0xffff,
    0xffff,0xffff,0xffff,0xffff,0xffff,0xffff,0xffff,0xffff,0xffff,0xffff,0xffff,0xffff,
    0xffff,0xffb9,0xff72,0xff72,0xff72,0xff72,0xff72,0xff72,0xff72,0xff72,0xff72,0xff72,
    0xff72,0xff72,0xff72,0xff72,0xff72,0xff72,0xff72,0xff72,0xff72,0xff72,0xff72,0xff72,
    0xff72,0xff72,0xff72,0xff94,0xffdc,0xffff,0xffff,0xffff,0xffff,0xffff,0xffff,0xffff,
    0xffff,0xffff,0xffff,0xffff,0xffff,0xffff,0xffff,0xffff,0xffff,0xffff,0xffff,0xffff,
    0xffff,0xffff,0xffff,0xffff,0xffff,0xffff,0xffff,0xffff,0xffff,0xffff,0xffff,0xffff,
    0xffff,0xffff,0xffff,0xffff,0xffff,0xffff,0xffff,0xffff,0xffff,0xffff,0xffff,0xffff,
    0xffff,0xffff,0xffff,0xffff,0xffff,0xffff,0xffff,0xffff,0xffff,0xffff,0xffff,0xffff,
    0xffff,0xffff,0xffff,0xffff,0xffff,0xffff,0xffff,0xffff,0xffff,0xffff,0xffff,0xffff,
    0xffff,0xffff,0xffff,0xffff,0xffff,0xffff,0xffff,0xffff,0xffff,0xffff,0xffff,0xffff,
    0xffff,0xffff,0xffff,0xffff,0xffff,0xffff,0xffff,0xffff,0xffff,0xffff,0xffff,0xffff,
    0xffff,0xffff,0xffff,0xffff,0xffff,0xffff,0xffff,0xffff,0xffff,0xffff,0xffff,0xffff,
    0xffff,0xffff,0xffff,0xffff,0xffff,0xffff,0xffff,0xffff,0xffff,0xffff,0xffff,0xffff,
    0xffff,0xffff,0xffff,0xffff,0xffff,0xffff,0xffff,0xffff,0xffff,0xffff,0xffff,0xffff,
    0xffff,0xffff,0xffff,0xffff,0xffff,0xffff,0xffff,0xffff,0xffff,0xffff,0xffff,0xffff,
    0xffff,0xffff,0xffff,0xffff,0xffff,0xffff,0xffff,0xffff,0xffff,0xffff,0xffff,0xffff,
    0xffff,0xffff,0xffff,0xffff,0xffff,0xffff,0xffff,0xffff,0xffff,0xffff,0xffff,0xffff,
    0xffff,0xffff,0xffff,0xffff,0xffff,0xffff,0xffff,0xffff,0xffff,0xffff,0xffff,0xffff,
    0xffff,0xffff,0xffff,0xffff,0xffff,0xffff,0xffff,0xffff,0xffff,0xffff,0xffff,0xffff,
    0xffff,0xffff,0xffff,0xffff,0xffff,0xffff,0xffff,0xffff,0xffff,0xffff,0xffff,0xffff,
    0xffff,0xffff,0xffff,0xffff,0xffff,0xffff,0xffff,0xffff,0xffff,0xffff,0xffff,0xffff,
    0xffff,0xffff,0xffff,0xffff,0xffff,0xffff,0xffff,0xffff,0xffff,0xffff,0xffff,0xffff,
    0xffff,0xffff,0xffff,0xffff,0xffb9,0xff72,0xff72,0xff72,0xff72,0xff72,0xff72,0xff72,
    0xff72,0xff72,0xff72,0xff72,0xff72,0xff72,0xff72,0xff72,0xff72,0xff72,0xff72,0xff72,
    0xff72,0xff72,0xff72,0xff72,0xff72,0xff72,0xff72,0xff72,0xff94,0xfffd,0xffff,0xffff,
    0xffff,0xffff,0xffff,0xffff,0xffff,0xffff,0xffff,0xffff,0xffff,0xffff,0xffff,0xffff,
    0xffff,0xffff,0xffff,0xffff,0xffff,0xffff,0xffff,0xffff,0xffff,0xffff,0xffff,0xffff,
    0xffff,0xffff,0xffff,0xffff,0xffff,0xffff,0xffff,0xffff,0xffff,0xffff,0xffff,0xffff,
    0xffff,0xffff,0xffff,0xffff,0xffff,0xffff,0xffff,0xffff,0xffff,0xffff,0xffff,0xffff,
    0xffff,0xffff,0xffff,0xffff,0xffff,0xffff,0xffff,0xffff,0xffff,0xffff,0xffff,0xffff,
    0xffff,0xffff,0xffff,0xffff,0xffff,0xffff,0xffff,0xffff,0xffff,0xffff,0xffff,0xffff,
    0xffff,0xffff,0xffff,0xffff,0xffff,0xffff,0xffff,0xffff,0xffff,0xffff,0xffff,0xffff,
    0xffff,0xffff,0xffff,0xffff,0xffff,0xffff,0xffff,0xffff,0xffff,0xffff,0xffff,0xffff,
    0xffff,0xffff,0xffff,0xffff,0xffff,0xffff,0xffff,0xffff,0xffff,0xffff,0xffff,0xffff,
    0xffff,0xffff,0xffdb,0xffdb,0xffdb,0xffff,0xffff,0xffff,0xffff,0xffff,0xffff,0xffff,
    0xffff,0xffff,0xffff,0xffff,0xffff,0xffdb,0xffdb,0xffdb,0xffdb,0xffff,0xffff,0xffff,
    0xffff,0xffff,0xffff,0xffff,0xffff,0xffff,0xffff,0xffff,0xffff,0xffdb,0xffdb,0xffdb,
    0xffdb,0xffff,0xffff,0xffff,0xffff,0xffff,0xffff,0xffff,0xffff,0xffff,0xffff,0xffff,
    0xffff,0xffdb,0xffdb,0xffdb,0xffdb,0xffff,0xffff,0xffff,0xffff,0xffff,0xffff,0xffff,
    0xffff,0xffff,0xffff,0xffff,0xffff,0xffdb,0xffdb,0xffdb,0xffdb,0xffff,0xffff,0xffff,
    0xffff,0xffff,0xffff,0xffff,0xffff,0xffff,0xffff,0xffff,0xffff,0xffdb,0xffdb,0xffdb,
    0xffdb,0xffff,0xffff,0xffff,0xffff,0xffff,0xffff,0xffff,0xffff,0xffff,0xffff,0xffff,
    0xffff,0xffdb,0xffdb,0xffdb,0xffdb,0xffff,0xffff,0xffff,0xffff,0xffff,0xffff,0xffff,
    0xffff,0xffff,0xffff,0xffff,0xffff,0xffdb,0xffdb,0xffb9,0xff72,0xff72,0xff72,0xff72,
    0xff72,0xff72,0xff72,0xff72,0xff72,0xff72,0xff94,0xff94,0xff94,0xff94,0xff94,0xff94,
    0xff94,0xff94,0xff94,0xff94,0xff72,0xff72,0xff72,0xff72,0xff72,0xff72,0xff72,0xff72,
    0xff72,0xff94,0xffdb,0xffdb,0xffdb,0xffff,0xffff,0xffff,0xffff,0xffff,0xffff,0xffff,
    0xffff,0xffff,0xffff,0xffff,0xffff,0xffdb,0xffdb,0xffdb,0xffdb,0xffff,0xffff,0xffff,
    0xffff,0xffff,0xffff,0xffff,0xffff,0xffff,0xffff,0xffff,0xffff,0xffdb,0xffdb,0xffdb,
    0xffdb,0xffff,0xffff,0xffff,0xffff,0xffff,0xffff,0xffff,0xffff,0xffff,0xffff,0xffff,
    0xffff,0xffdb,0xffdb,0xffdb,0xffdb,0xffff,0xffff,0xffff,0xffff,0xffff,0xffff,0xffff,
    0xffff,0xffff,0xffff,0xffff,0xffff,0xffdb,0xffdb,0xffdb,0xffdb,0xffff,0xffff,0xffff,
    0xffff,0xffff,0xffff,0xffff,0xffff,0xffff,0xffff,0xffff,0xffff,0xffdb,0xffdb,0xffdb,
    0xffdb,0xffff,0xffff,0xffff,0xffff,0xffff,0xffff,0xffff,0xffff,0xffff,0xffff,0xffff,
    0xffff,0xffdb,0xffdb,0xffdb,0xffdb,0xffff,0xffff,0xffff,0xffff,0xffff,0xffff,0xffff,
    0xffff,0xffff,0xffff,0xffff,0xffff,0xffff,0xffdb,0xffdb,0xffdb,0xffdb,0xffff,0xffff,
    0xffff,0xffff,0xffff,0xffff,0xffff,0xffff,0xffff,0xffff,0xffdb,0xffdb,0xffdb,0xffdb,
    0xffdb,0xffdb,0xffff,0xffff,0xffff,0xffff,0xffff,0xffff,0xffff,0xffff,0xffff,0xffff,
    0xffdb,0xffdb,0xffdb,0xffdb,0xffdb,0xffdb,0xffff,0xffff,0xffff,0xffff,0xffff,0xffff,
    0xffff,0xffff,0xffff,0xffff,0xffdb,0xffdb,0xffdb,0xffdb,0xffdb,0xffdb,0xffff,0xffff,
    0xffff,0xffff,0xffff,0xffff,0xffff,0xffff,0xffff,0xffff,0xffdb,0xffdb,0xffdb,0xffdb,
    0xffdb,0xffdb,0xffff,0xffff,0xffff,0xffff,0xffff,0xffff,0xffff,0xffff,0xffff,0xffff,
    0xffdb,0xffdb,0xffdb,0xffdb,0xffdb,0xffdb,0xffff,0xffff,0xffff,0xffff,0xffff,0xffff,
    0xffff,0xffff,0xffff,0xffff,0xffdb,0xffdb,0xffdb,0xffdb,0xffdb,0xffdb,0xffff,0xffff,
    0xffff,0xffff,0xffff,0xffff,0xffff,0xffff,0xffff,0xffff,0xffdb,0xffdb,0xffdb,0xff94,
    0xff72,0xff72,0xff72,0xff72,0xff72,0xff72,0xff72,0xff72,0xffb6,0xffdb,0xfffe,0xffff,
    0xffdb,0xffdb,0xffdb,0xffdb,0xffdb,0xffdb,0xffff,0xfffe,0xffdb,0xffb6,0xff72,0xff72,
    0xff72,0xff72,0xff72,0xff72,0xff72,0xff72,0xffb8,0xffdb,0xffdb,0xffdb,0xffff,0xffff,
    0xffff,0xffff,0xffff,0xffff,0xffff,0xffff,0xffff,0xffff,0xffdb,0xffdb,0xffdb,0xffdb,
    0xffdb,0xffdb,0xffff,0xffff,0xffff,0xffff,0xffff,0xffff,0xffff,0xffff,0xffff,0xffff,
    0xffdb,0xffdb,0xffdb,0xffdb,0xffdb,0xffdb,0xffff,0xffff,0xffff,0xffff,0xffff,0xffff,
    0xffff,0xffff,0xffff,0xffff,0xffdb,0xffdb,0xffdb,0xffdb,0xffdb,0xffdb,0xffff,0xffff,
    0xffff,0xffff,0xffff,0xffff,0xffff,0xffff,0xffff,0xffff,0xffdb,0xffdb,0xffdb,0xffdb,
    0xffdb,0xffdb,0xffff,0xffff,0xffff,0xffff,0xffff,0xffff,0xffff,0xffff,0xffff,0xffff,
    0xffdb,0xffdb,0xffdb,0xffdb,0xffdb,0xffdb,0xffff,0xffff,0xffff,0xffff,0xffff,0xffff,
    0xffff,0xffff,0xffff,0xffff,0xffdb,0xffdb,0xffdb,0xffdb,0xffdb,0xffdb,0xffff,0xffff,
    0xffff,0xffff,0xffff,0xffff,0xffff,0xffff,0xffff,0xffff,0xffff,0xffff,0xffdb,0xffdb,
    0xffdb,0xffdb,0xffff,0xffff,0xffff,0xffff,0xffff,0xffff,0xffff,0xffff,0xffff,0xffff,
    0xffdb,0xffdb,0xffdb,0xffdb,0xffdb,0xffdb,0xffff,0xffff,0xffff,0xffff,0xffff,0xffff,
    0xffff,0xffff,0xffff,0xffff,0xffdb,0xffdb,0xffdb,0xffdb,0xffdb,0xffdb,0xffff,0xffff,
    0xffff,0xffff,0xffff,0xffff,0xffff,0xffff,0xffff,0xffff,0xffdb,0xffdb,0xffdb,0xffdb,
    0xffdb,0xffdb,0xffff,0xffff,0xffff,0xffff,0xffff,0xffff,0xffff,0xffff,0xffff,0xffff,
    0xffdb,0xffdb,0xffdb,0xffdb,0xffdb,0xffdb,0xffff,0xffff,0xffff,0xffff,0xffff,0xffff,
    0xffff,0xffff,0xffff,0xffff,0xffdb,0xffdb,0xffdb,0xffdb,0xffdb,0xffdb,0xffff,0xffff,
    0xffff,0xffff,0xffff,0xffff,0xffff,0xffff,0xffff,0xffff,0xffdb,0xffdb,0xffdb,0xffdb,
    0xffdb,0xffdb,0xffff,0xffff,0xffff,0xffff,0xffff,0xffff,0xffff,0xffff,0xffff,0xffff,
    0xffdb,0xffdb,0xffb8,0xff72,0xff72,0xff72,0xff72,0xff72,0xff72,0xff72,0xff94,0xffdb,
    0xffff,0xffff,0xffff,0xffff,0xffdb,0xffdb,0xffdb,0xffdb,0xffdb,0xffdb,0xffff,0xffff,
    0xffff,0xffff,0xffb9,0xff94,0xff72,0xff72,0xff72,0xff72,0xff72,0xff72,0xff94,0xffdb,
    0xffdb,0xffdb,0xffff,0xffff,0xffff,0xffff,0xffff,0xffff,0xffff,0xffff,0xffff,0xffff,
    0xffdb,0xffdb,0xffdb,0xffdb,0xffdb,0xffdb,0xffff,0xffff,0xffff,0xffff,0xffff,0xffff,
    0xffff,0xffff,0xffff,0xffff,0xffdb,0xffdb,0xffdb,0xffdb,0xffdb,0xffdb,0xffff,0xffff,
    0xffff,0xffff,0xffff,0xffff,0xffff,0xffff,0xffff,0xffff,0xffdb,0xffdb,0xffdb,0xffdb,
    0xffdb,0xffdb,0xffff,0xffff,0xffff,0xffff,0xffff,0xffff,0xffff,0xffff,0xffff,0xffff,
    0xffdb,0xffdb,0xffdb,0xffdb,0xffdb,0xffdb,0xffff,0xffff,0xffff,0xffff,0xffff,0xffff,
    0xffff,0xffff,0xffff,0xffff,0xffdb,0xffdb,0xffdb,0xffdb,0xffdb,0xffdb,0xffff,0xffff,
    0xffff,0xffff,0xffff,0xffff,0xffff,0xffff,0xffff,0xffff,0xffdb,0xffdb,0xffdb,0xffdb,
    0xffdb,0xffdb,0xffff,0xffff,0xffff,0xffff,0xffff,0xffff,0xffff,0xffff,0xffff,0xffff,
    0xffff,0xffff,0xffdb,0xffdb,0xffdb,0xffdb,0xffff,0xffff,0xffff,0xffff,0xffff,0xffff,
    0xffff,0xffff,0xffff,0xffff,0xffdb,0xffdb,0xffdb,0xffdb,0xffdb,0xffdb,0xffff,0xffff,
    0xffff,0xffff,0xffff,0xffff,0xffff,0xffff,0xffff,0xffff,0xffdb,0xffdb,0xffdb,0xffdb,
    0xffdb,0xffdb,0xffff,0xffff,0xffff,0xffff,0xffff,0xffff,0xffff,0xffff,0xffff,0xffff,
    0xffdb,0xffdb,0xffdb,0xffdb,0xffdb,0xffdb,0xffff,0xffff,0xffff,0xffff,0xffff,0xffff,
    0xffff,0xffff,0xffff,0xffff,0xffdb,0xffdb,0xffdb,0xffdb,0xffdb,0xffdb,0xffff,0xffff,
    0xffff,0xffff,0xffff,0xffff,0xffff,0xffff,0xffff,0xffff,0xffdb,0xffdb,0xffdb,0xffdb,
    0xffdb,0xffdb,0xffff,0xffff,0xffff,0xffff,0xffff,0xffff,0xffff,0xffff,0xffff,0xffff,
    0xffdb,0xffdb,0xffdb,0xffdb,0xffdb,0xffdb,0xffff,0xffff,0xffff,0xffff,0xffff,0xffff,
    0xffff,0xffff,0xffff,0xffff,0xffdb,0xffdb,0xff94,0xff72,0xff72,0xff72,0xff72,0xff72,
    0xff72,0xff72,0xffdb,0xffff,0xffff,0xffff,0xffff,0xffff,0xffdb,0xffdb,0xffdb,0xffdb,
    0xffdb,0xffdb,0xffff,0xffff,0xffff,0xffff,0xffff,0xffdb,0xff72,0xff72,0xff72,0xff72,
    0xff72,0xff72,0xff72,0xffb8,0xffdb,0xffdb,0xffff,0xffff,0xffff,0xffff,0xffff,0xffff,
    0xffff,0xffff,0xffff,0xffff,0xffdb,0xffdb,0xffdb,0xffdb,0xffdb,0xffdb,0xffff,0xffff,
    0xffff,0xffff,0xffff,0xffff,0xffff,0xffff,0xffff,0xffff,0xffdb,0xffdb,0xffdb,0xffdb,
    0xffdb,0xffdb,0xffff,0xffff,0xffff,0xffff,0xffff,0xffff,0xffff,0xffff,0xffff,0xffff,
    0xffdb,0xffdb,0xffdb,0xffdb,0xffdb,0xffdb,0xffff,0xffff,0xffff,0xffff,0xffff,0xffff,
    0xffff,0xffff,0xffff,0xffff,0xffdb,0xffdb,0xffdb,0xffdb,0xffdb,0xffdb,0xffff,0xffff,
    0xffff,0xffff,0xffff,0xffff,0xffff,0xffff,0xffff,0xffff,0xffdb,0xffdb,0xffdb,0xffdb,
    0xffdb,0xffdb,0xffff,0xffff,0xffff,0xffff,0xffff,0xffff,0xffff,0xffff,0xffff,0xffff,
    0xffdb,0xffdb,0xffdb,0xffdb,0xffdb,0xffdb,0xffff,0xffff,0xffff,0xffff,0xffff,0xffff,
    0xffff,0xffff,0xffff,0xffff,0xffff,0xffff,0xffdb,0xffdb,0xffdb,0xffdb,0xffff,0xffff,
    0xffff,0xffff,0xffff,0xffff,0xffff,0xffff,0xffff,0xffff,0xffdb,0xffdb,0xffdb,0xffdb,
    0xffdb,0xffdb,0xffff,0xffff,0xffff,0xffff,0xffff,0xffff,0xffff,0xffff,0xffff,0xffff,
    0xffdb,0xffdb,0xffdb,0xffdb,0xffdb,0xffdb,0xffff,0xffff,0xffff,0xffff,0xffff,0xffff,
    0xffff,0xffff,0xffff,0xffff,0xffdb,0xffdb,0xffdb,0xffdb,0xffdb,0xffdb,0xffff,0xffff,
    0xffff,0xffff,0xffff,0xffff,0xffff,0xffff,0xffff,0xffff,0xffdb,0xffdb,0xffdb,0xffdb,
    0xffdb,0xffdb,0xffff,0xffff,0xffff,0xffff,0xffff,0xffff,0xffff,0xffff,0xffff,0xffff,
    0xffdb,0xffdb,0xffdb,0xffdb,0xffdb,0xffdb,0xffff,0xffff,0xffff,0xffff,0xffff,0xffff,
    0xffff,0xffff,0xffff,0xffff,0xffdb,0xffdb,0xffdb,0xffdb,0xffdb,0xffdb,0xffff,0xffff,
    0xffff,0xffff,0xffff,0xffff,0xffff,0xffff,0xffff,0xffff,0xffdb,0xffb9,0xff94,0xff72,
    0xff72,0xff72,0xff72,0xff72,0xff72,0xffb9,0xffff,0xffff,0xffff,0xffff,0xffff,0xffff,
    0xffdb,0xffdb,0xffdb,0xffdb,0xffdb,0xffdb,0xffff,0xffff,0xffff,0xffff,0xffff,0xffff,
    0xffb8,0xff72,0xff72,0xff72,0xff72,0xff72,0xff72,0xff94,0xffdb,0xffdb,0xffff,0xffff,
    0xffff,0xffff,0xffff,0xffff,0xffff,0xffff,0xffff,0xffff,0xffdb,0xffdb,0xffdb,0xffdb,
    0xffdb,0xffdb,0xffff,0xffff,0xffff,0xffff,0xffff,0xffff,0xffff,0xffff,0xffff,0xffff,
    0xffdb,0xffdb,0xffdb,0xffdb,0xffdb,0xffdb,0xffff,0xffff,0xffff,0xffff,0xffff,0xffff,
    0xffff,0xffff,0xffff,0xffff,0xffdb,0xffdb,0xffdb,0xffdb,0xffdb,0xffdb,0xffff,0xffff,
    0xffff,0xffff,0xffff,0xffff,0xffff,0xffff,0xffff,0xffff,0xffdb,0xffdb,0xffdb,0xffdb,
    0xffdb,0xffdb,0xffff,0xffff,0xffff,0xffff,0xffff,0xffff,0xffff,0xffff,0xffff,0xffff,
    0xffdb,0xffdb,0xffdb,0xffdb,0xffdb,0xffdb,0xffff,0xffff,0xffff,0xffff,0xffff,0xffff,
    0xffff,0xffff,0xffff,0xffff,0xffdb,0xffdb,0xffdb,0xffdb,0xffdb,0xffdb,0xffff,0xffff,
    0xffff,0xffff,0xffff,0xffff,0xffff,0xffff,0xffff,0xffff,0xffff,0xffff,0xffdb,0xffdb,
    0xffdb,0xffff,0xffff,0xffff,0xffff,0xffff,0xffff,0xffff,0xffff,0xffff,0xffff,0xffff,
    0xffff,0xffdb,0xffdb,0xffdb,0xffdb,0xffff,0xffff,0xffff,0xffff,0xffff,0xffff,0xffff,
    0xffff,0xffff,0xffff,0xffff,0xffff,0xffdb,0xffdb,0xffdb,0xffdb,0xffff,0xffff,0xffff,
    0xffff,0xffff,0xffff,0xffff,0xffff,0xffff,0xffff,0xffff,0xffff,0xffdb,0xffdb,0xffdb,
    0xffdb,0xffff,0xffff,0xffff,0xffff,0xffff,0xffff,0xffff,0xffff,0xffff,0xffff,0xffff,
    0xffff,0xffdb,0xffdb,0xffdb,0xffdb,0xffff,0xffff,0xffff,0xffff,0xffff,0xffff,0xffff,
    0xffff,0xffff,0xffff,0xffff,0xffff,0xffdb,0xffdb,0xffdb,0xffdb,0xffff,0xffff,0xffff,
    0xffff,0xffff,0xffff,0xffff,0xffff,0xffff,0xffff,0xffff,0xffff,0xffdb,0xffdb,0xffdb,
    0xffdb,0xffff,0xffff,0xffff,0xffff,0xffff,0xffff,0xffff,0xffff,0xffff,0xffff,0xffff,
    0xffff,0xffb8,0xff72,0xff72,0xff72,0xff72,0xff72,0xff72,0xff94,0xfffe,0xffff,0xffff,
    0xffff,0xffff,0xffff,0xffff,0xffff,0xffdb,0xffdb,0xffdb,0xffdb,0xffff,0xffff,0xffff,
    0xffff,0xffff,0xffff,0xffff,0xfffd,0xff94,0xff72,0xff72,0xff72,0xff72,0xff72,0xff94,
    0xffdb,0xffff,0xffff,0xffff,0xffff,0xffff,0xffff,0xffff,0xffff,0xffff,0xffff,0xffff,
    0xffff,0xffdb,0xffdb,0xffdb,0xffdb,0xffff,0xffff,0xffff,0xffff,0xffff,0xffff,0xffff,
    0xffff,0xffff,0xffff,0xffff,0xffff,0xffdb,0xffdb,0xffdb,0xffdb,0xffff,0xffff,0xffff,
    0xffff,0xffff,0xffff,0xffff,0xffff,0xffff,0xffff,0xffff,0xffff,0xffdb,0xffdb,0xffdb,
    0xffdb,0xffff,0xffff,0xffff,0xffff,0xffff,0xffff,0xffff,0xffff,0xffff,0xffff,0xffff,
    0xffff,0xffdb,0xffdb,0xffdb,0xffdb,0xffff,0xffff,0xffff,0xffff,0xffff,0xffff,0xffff,
    0xffff,0xffff,0xffff,0xffff,0xffff,0xffdb,0xffdb,0xffdb,0xffdb,0xffff,0xffff,0xffff,
    0xffff,0xffff,0xffff,0xffff,0xffff,0xffff,0xffff,0xffff,0xffff,0xffdb,0xffdb,0xffdb,
    0xffdb,0xffff,0xffff,0xffff,0xffff,0xffff,0xffff,0xffff,0xffff,0xffff,0xffff,0xffff,
    0xffff,0xffff,0xffff,0xffff,0xffff,0xffff,0xffff,0xffff,0xffff,0xffff,0xffff,0xffff,
    0xffff,0xffff,0xffff,0xffff,0xffff,0xffff,0xffff,0xffff,0xffff,0xffff,0xffff,0xffff,
    0xffff,0xffff,0xffff,0xffff,0xffff,0xffff,0xffff,0xffff,0xffff,0xffff,0xffff,0xffff,
    0xffff,0xffff,0xffff,0xffff,0xffff,0xffff,0xffff,0xffff,0xffff,0xffff,0xffff,0xffff,
    0xffff,0xffff,0xffff,0xffff,0xffff,0xffff,0xffff,0xffff,0xffff,0xffff,0xffff,0xffff,
    0xffff,0xffff,0xffff,0xffff,0xffff,0xffff,0xffff,0xffff,0xffff,0xffff,0xffff,0xffff,
    0xffff,0xffff,0xffff,0xffff,0xffff,0xffff,0xffff,0xffff,0xffff,0xffff,0xffff,0xffff,
    0xffff,0xffff,0xffff,0xffff,0xffff,0xffff,0xffff,0xffff,0xffff,0xffff,0xffff,0xffff,
    0xffff,0xffff,0xffff,0xffff,0xffff,0xffff,0xffff,0xffff,0xffff,0xffff,0xffff,0xffff,
    0xffff,0xffff,0xffff,0xffff,0xffff,0xffb9,0xff72,0xff72,0xff72,0xff72,0xff72,0xff72,
    0xffb6,0xffff,0xffff,0xffff,0xffff,0xffff,0xffff,0xffff,0xffff,0xffff,0xffff,0xffff,
    0xffff,0xffff,0xffff,0xffff,0xffff,0xffff,0xffff,0xffff,0xffff,0xffb6,0xff72,0xff72,
    0xff72,0xff72,0xff72,0xff94,0xfffd,0xffff,0xffff,0xffff,0xffff,0xffff,0xffff,0xffff,
    0xffff,0xffff,0xffff,0xffff,0xffff,0xffff,0xffff,0xffff,0xffff,0xffff,0xffff,0xffff,
    0xffff,0xffff,0xffff,0xffff,0xffff,0xffff,0xffff,0xffff,0xffff,0xffff,0xffff,0xffff,
    0xffff,0xffff,0xffff,0xffff,0xffff,0xffff,0xffff,0xffff,0xffff,0xffff,0xffff,0xffff,
    0xffff,0xffff,0xffff,0xffff,0xffff,0xffff,0xffff,0xffff,0xffff,0xffff,0xffff,0xffff,
    0xffff,0xffff,0xffff,0xffff,0xffff,0xffff,0xffff,0xffff,0xffff,0xffff,0xffff,0xffff,
    0xffff,0xffff,0xffff,0xffff,0xffff,0xffff,0xffff,0xffff,0xffff,0xffff,0xffff,0xffff,
    0xffff,0xffff,0xffff,0xffff,0xffff,0xffff,0xffff,0xffff,0xffff,0xffff,0xffff,0xffff,
    0xffff,0xffff,0xffff,0xffff,0xffff,0xffff,0xffff,0xffff,0xffff,0xffff,0xffff,0xffff,
    0xffff,0xffff,0xffff,0xffff,0xffff,0xffff,0xffff,0xffff,0xffff,0xffff,0xffff,0xffff,
    0xffff,0xfffe,0xffdc,0xffdc,0xfffe,0xffff,0xffff,0xffff,0xffff,0xffff,0xffff,0xffff,
    0xffff,0xffff,0xffff,0xffff,0xffff,0xfffe,0xffdc,0xffdc,0xfffe,0xffff,0xffff,0xffff,
    0xffff,0xffff,0xffff,0xffff,0xffff,0xffff,0xffff,0xffff,0xffff,0xfffe,0xffdc,0xffdc,
    0xfffe,0xffff,0xffff,0xffff,0xffff,0xffff,0xffff,0xffff,0xffff,0xffff,0xffff,0xffff,
    0xffff,0xfffe,0xffdc,0xffdc,0xfffe,0xffff,0xffff,0xffff,0xffff,0xffff,0xffff,0xffff,
    0xffff,0xffff,0xffff,0xffff,0xffff,0xfffe,0xffdc,0xffdc,0xfffe,0xffff,0xffff,0xffff,
    0xffff,0xffff,0xffff,0xffff,0xffff,0xffff,0xffff,0xffff,0xffff,0xfffe,0xffdc,0xffdc,
    0xfffe,0xffff,0xffff,0xffff,0xffff,0xffff,0xffff,0xffff,0xffff,0xffff,0xffff,0xffff,
    0xffff,0xfffe,0xffdc,0xffdc,0xfffe,0xffff,0xffff,0xffff,0xffff,0xffb9,0xff72,0xff72,
    0xff72,0xff72,0xff72,0xff72,0xffb9,0xfffe,0xffdc,0xffdc,0xfffe,0xffff,0xffff,0xffff,
    0xffff,0xffff,0xffff,0xffff,0xffff,0xffff,0xffff,0xffff,0xffff,0xfffe,0xffdc,0xffdc,
    0xfffe,0xffb9,0xff72,0xff72,0xff72,0xff72,0xff72,0xff94,0xffdd,0xffff,0xffff,0xffff,
    0xffff,0xfffe,0xffdc,0xffdc,0xfffe,0xffff,0xffff,0xffff,0xffff,0xffff,0xffff,0xffff,
    0xffff,0xffff,0xffff,0xffff,0xffff,0xfffe,0xffdc,0xffdc,0xfffe,0xffff,0xffff,0xffff,
    0xffff,0xffff,0xffff,0xffff,0xffff,0xffff,0xffff,0xffff,0xffff,0xfffe,0xffdc,0xffdc,
    0xfffe,0xffff,0xffff,0xffff,0xffff,0xffff,0xffff,0xffff,0xffff,0xffff,0xffff,0xffff,
    0xffff,0xfffe,0xffdc,0xffdc,0xfffe,0xffff,0xffff,0xffff,0xffff,0xffff,0xffff,0xffff,
    0xffff,0xffff,0xffff,0xffff,0xffff,0xfffe,0xffdc,0xffdc,0xfffe,0xffff,0xffff,0xffff,
    0xffff,0xffff,0xffff,0xffff,0xffff,0xffff,0xffff,0xffff,0xffff,0xfffe,0xffdc,0xffdc,
    0xfffe,0xffff,0xffff,0xffff,0xffff,0xffff,0xffff,0xffff,0xffff,0xffff,0xffff,0xffff,
    0xffff,0xfffe,0xffdc,0xffdc,0xfffe,0xffff,0xffff,0xffff,0xffff,0xffff,0xffff,0xffff,
    0xffff,0xffff,0xffff,0xffff,0xffdc,0xffdb,0xffdb,0xffdb,0xffdb,0xffdc,0xffff,0xffff,
    0xffff,0xffff,0xffff,0xffff,0xffff,0xffff,0xffff,0xffff,0xffdc,0xffdb,0xffdb,0xffdb,
    0xffdb,0xffdc,0xffff,0xffff,0xffff,0xffff,0xffff,0xffff,0xffff,0xffff,0xffff,0xffff,
    0xffdc,0xffdb,0xffdb,0xffdb,0xffdb,0xffdc,0xffff,0xffff,0xffff,0xffff,0xffff,0xffff,
    0xffff,0xffff,0xffff,0xffff,0xffdc,0xffdb,0xffdb,0xffdb,0xffdb,0xffdc,0xffff,0xffff,
    0xffff,0xffff,0xffff,0xffff,0xffff,0xffff,0xffff,0xffff,0xffdc,0xffdb,0xffdb,0xffdb,
    0xffdb,0xffdc,0xffff,0xffff,0xffff,0xffff,0xffff,0xffff,0xffff,0xffff,0xffff,0xffff,
    0xffdc,0xffdb,0xffdb,0xffdb,0xffdb,0xffdc,0xffff,0xffff,0xffff,0xffff,0xffff,0xffff,
    0xffff,0xffff,0xffff,0xffff,0xffdc,0xffdb,0xffdb,0xffdb,0xffdb,0xffdc,0xffff,0xffff,
    0xffff,0xffb9,0xff72,0xff72,0xff72,0xff72,0xff72,0xff72,0xffb8,0xffdb,0xffdb,0xffdb,
    0xffdb,0xffdc,0xffff,0xffff,0xffff,0xffff,0xffff,0xffff,0xffff,0xffff,0xffff,0xffff,
    0xffdc,0xffdb,0xffdb,0xffdb,0xffdb,0xffb8,0xff72,0xff72,0xff72,0xff72,0xff72,0xff94,
    0xffdd,0xffff,0xffff,0xffff,0xffdc,0xffdb,0xffdb,0xffdb,0xffdb,0xffdc,0xffff,0xffff,
    0xffff,0xffff,0xffff,0xffff,0xffff,0xffff,0xffff,0xffff,0xffdc,0xffdb,0xffdb,0xffdb,
    0xffdb,0xffdc,0xffff,0xffff,0xffff,0xffff,0xffff,0xffff,0xffff,0xffff,0xffff,0xffff,
    0xffdc,0xffdb,0xffdb,0xffdb,0xffdb,0xffdc,0xffff,0xffff,0xffff,0xffff,0xffff,0xffff,
    0xffff,0xffff,0xffff,0xffff,0xffdc,0xffdb,0xffdb,0xffdb,0xffdb,0xffdc,0xffff,0xffff,
    0xffff,0xffff,0xffff,0xffff,0xffff,0xffff,0xffff,0xffff,0xffdc,0xffdb,0xffdb,0xffdb,
    0xffdb,0xffdc,0xffff,0xffff,0xffff,0xffff,0xffff,0xffff,0xffff,0xffff,0xffff,0xffff,
    0xffdc,0xffdb,0xffdb,0xffdb,0xffdb,0xffdc,0xffff,0xffff,0xffff,0xffff,0xffff,0xffff,
    0xffff,0xffff,0xffff,0xffff,0xffdc,0xffdb,0xffdb,0xffdb,0xffdb,0xffdc,0xffff,0xffff,
    0xffff,0xffff,0xffff,0xffff,0xffff,0xffff,0xffff,0xfffe,0xffdb,0xffdb,0xffdb,0xffdb,
    0xffdb,0xffdb,0xfffe,0xffff,0xffff,0xffff,0xffff,0xffff,0xffff,0xffff,0xffff,0xfffe,
    0xffdb,0xffdb,0xffdb,0xffdb,0xffdb,0xffdb,0xfffe,0xffff,0xffff,0xffff,0xffff,0xffff,
    0xffff,0xffff,0xffff,0xfffe,0xffdb,0xffdb,0xffdb,0xffdb,0xffdb,0xffdb,0xfffe,0xffff,
    0xffff,0xffff,0xffff,0xffff,0xffff,0xffff,0xffff,0xfffe,0xffdb,0xffdb,0xffdb,0xffdb,
    0xffdb,0xffdb,0xfffe,0xffff,0xffff,0xffff,0xffff,0xffff,0xffff,0xffff,0xffff,0xfffe,
    0xffdb,0xffdb,0xffdb,0xffdb,0xffdb,0xffdb,0xfffe,0xffff,0xffff,0xffff,0xffff,0xffff,
    0xffff,0xffff,0xffff,0xfffe,0xffdb,0xffdb,0xffdb,0xffdb,0xffdb,0xffdb,0xfffe,0xffff,
    0xffff,0xffff,0xffff,0xffff,0xffff,0xffff,0xffff,0xfffe,0xffdb,0xffdb,0xffdb,0xffdb,
    0xffdb,0xffdb,0xfffe,0xffff,0xffff,0xffb9,0xff72,0xff72,0xff72,0xff72,0xff72,0xff72,
    0xffb8,0xffdb,0xffdb,0xffdb,0xffdb,0xffdb,0xfffe,0xffff,0xffff,0xffff,0xffff,0xffff,
    0xffff,0xffff,0xffff,0xfffe,0xffdb,0xffdb,0xffdb,0xffdb,0xffdb,0xffb8,0xff72,0xff72,
    0xff72,0xff72,0xff72,0xff94,0xffdd,0xffff,0xffff,0xfffe,0xffdb,0xffdb,0xffdb,0xffdb,
    0xffdb,0xffdb,0xfffe,0xffff,0xffff,0xffff,0xffff,0xffff,0xffff,0xffff,0xffff,0xfffe,
    0xffdb,0xffdb,0xffdb,0xffdb,0xffdb,0xffdb,0xfffe,0xffff,0xffff,0xffff,0xffff,0xffff,
    0xffff,0xffff,0xffff,0xfffe,0xffdb,0xffdb,0xffdb,0xffdb,0xffdb,0xffdb,0xfffe,0xffff,
    0xffff,0xffff,0xffff,0xffff,0xffff,0xffff,0xffff,0xfffe,0xffdb,0xffdb,0xffdb,0xffdb,
    0xffdb,0xffdb,0xfffe,0xffff,0xffff,0xffff,0xffff,0xffff,0xffff,0xffff,0xffff,0xfffe,
    0xffdb,0xffdb,0xffdb,0xffdb,0xffdb,0xffdb,0xfffe,0xffff,0xffff,0xffff,0xffff,0xffff,
    0xffff,0xffff,0xffff,0xfffe,0xffdb,0xffdb,0xffdb,0xffdb,0xffdb,0xffdb,0xfffe,0xffff,
    0xffff,0xffff,0xffff,0xffff,0xffff,0xffff,0xffff,0xfffe,0xffdb,0xffdb,0xffdb,0xffdb,
    0xffdb,0xffdb,0xfffe,0xffff,0xffff,0xffff,0xffff,0xffff,0xffff,0xffff,0xffff,0xffdc,
    0xffdb,0xffdb,0xffdb,0xffdb,0xffdb,0xffdb,0xffdc,0xffff,0xffff,0xffff,0xffff,0xffff,
    0xffff,0xffff,0xffff,0xffdc,0xffdb,0xffdb,0xffdb,0xffdb,0xffdb,0xffdb,0xffdc,0xffff,
    0xffff,0xffff,0xffff,0xffff,0xffff,0xffff,0xffff,0xffdc,0xffdb,0xffdb,0xffdb,0xffdb,
    0xffdb,0xffdb,0xffdc,0xffff,0xffff,0xffff,0xffff,0xffff,0xffff,0xffff,0xffff,0xffdc,
    0xffdb,0xffdb,0xffdb,0xffdb,0xffdb,0xffdb,0xffdc,0xffff,0xffff,0xffff,0xffff,0xffff,
    0xffff,0xffff,0xffff,0xffdc,0xffdb,0xffdb,0xffdb,0xffdb,0xffdb,0xffdb,0xffdc,0xffff,
    0xffff,0xffff,0xffff,0xffff,0xffff,0xffff,0xffff,0xffdc,0xffdb,0xffdb,0xffdb,0xffdb,
    0xffdb,0xffdb,0xffdc,0xffff,0xffff,0xffff,0xffff,0xffff,0xffff,0xffff,0xffff,0xffdc,
    0xffdb,0xffdb,0xffdb,0xffdb,0xffdb,0xffdb,0xffdc,0xffff,0xffff,0xffb9,0xff72,0xff72,
    0xff72,0xff72,0xff72,0xff72,0xffb8,0xffdb,0xffdb,0xffdb,0xffdb,0xffdb,0xffdc,0xffff,
    0xffff,0xffff,0xffff,0xffff,0xffff,0xffff,0xffff,0xffdc,0xffdb,0xffdb,0xffdb,0xffdb,
    0xffdb,0xffb8,0xff72,0xff72,0xff72,0xff72,0xff72,0xff94,0xffdd,0xffff,0xffff,0xffdc,
    0xffdb,0xffdb,0xffdb,0xffdb,0xffdb,0xffdb,0xffdc,0xffff,0xffff,0xffff,0xffff,0xffff,
    0xffff,0xffff,0xffff,0xffdc,0xffdb,0xffdb,0xffdb,0xffdb,0xffdb,0xffdb,0xffdc,0xffff,
    0xffff,0xffff,0xffff,0xffff,0xffff,0xffff,0xffff,0xffdc,0xffdb,0xffdb,0xffdb,0xffdb,
    0xffdb,0xffdb,0xffdc,0xffff,0xffff,0xffff,0xffff,0xffff,0xffff,0xffff,0xffff,0xffdc,
    0xffdb,0xffdb,0xffdb,0xffdb,0xffdb,0xffdb,0xffdc,0xffff,0xffff,0xffff,0xffff,0xffff,
    0xffff,0xffff,0xffff,0xffdc,0xffdb,0xffdb,0xffdb,0xffdb,0xffdb,0xffdb,0xffdc,0xffff,
    0xffff,0xffff,0xffff,0xffff,0xffff,0xffff,0xffff,0xffdc,0xffdb,0xffdb,0xffdb,0xffdb,
    0xffdb,0xffdb,0xffdc,0xffff,0xffff,0xffff,0xffff,0xffff,0xffff,0xffff,0xffff,0xffdc,
    0xffdb,0xffdb,0xffdb,0xffdb,0xffdb,0xffdb,0xffdc,0xffff,0xffff,0xffff,0xffff,0xffff,
    0xffff,0xffff,0xffff,0xffdc,0xffdb,0xffdb,0xffdb,0xffdb,0xffdb,0xffdb,0xffdc,0xffff,
    0xffff,0xffff,0xffff,0xffff,0xffff,0xffff,0xffff,0xffdc,0xffdb,0xffdb,0xffdb,0xffdb,
    0xffdb,0xffdb,0xffdc,0xffff,0xffff,0xffff,0xffff,0xffff,0xffff,0xffff,0xffff,0xffdc,
    0xffdb,0xffdb,0xffdb,0xffdb,0xffdb,0xffdb,0xffdc,0xffff,0xffff,0xffff,0xffff,0xffff,
    0xffff,0xffff,0xffff,0xffdc,0xffdb,0xffdb,0xffdb,0xffdb,0xffdb,0xffdb,0xffdc,0xffff,
    0xffff,0xffff,0xffff,0xffff,0xffff,0xffff,0xffff,0xffdc,0xffdb,0xffdb,0xffdb,0xffdb,
    0xffdb,0xffdb,0xffdc,0xffff,0xffff,0xffff,0xffff,0xffff,0xffff,0xffff,0xffff,0xffdc,
    0xffdb,0xffdb,0xffdb,0xffdb,0xffdb,0xffdb,0xffdc,0xffff,0xffff,0xffff,0xffff,0xffff,
    0xffff,0xffff,0xffff,0xffdc,0xffdb,0xffdb,0xffdb,0xffdb,0xffdb,0xffdb,0xffdc,0xffff,
    0xffff,0xffb9,0xff72,0xff72,0xff72,0xff72,0xff72,0xff72,0xffb8,0xffdb,0xffdb,0xffdb,
    0xffdb,0xffdb,0xffdc,0xffff,0xffff,0xffff,0xffff,0xffff,0xffff,0xffff,0xffff,0xffdc,
    0xffdb,0xffdb,0xffdb,0xffdb,0xffdb,0xffb8,0xff72,0xff72,0xff72,0xff72,0xff72,0xff94,
    0xffdd,0xffff,0xffff,0xffdc,0xffdb,0xffdb,0xffdb,0xffdb,0xffdb,0xffdb,0xffdc,0xffff,
    0xffff,0xffff,0xffff,0xffff,0xffff,0xffff,0xffff,0xffdc,0xffdb,0xffdb,0xffdb,0xffdb,
    0xffdb,0xffdb,0xffdc,0xffff,0xffff,0xffff,0xffff,0xffff,0xffff,0xffff,0xffff,0xffdc,
    0xffdb,0xffdb,0xffdb,0xffdb,0xffdb,0xffdb,0xffdc,0xffff,0xffff,0xffff,0xffff,0xffff,
    0xffff,0xffff,0xffff,0xffdc,0xffdb,0xffdb,0xffdb,0xffdb,0xffdb,0xffdb,0xffdc,0xffff,
    0xffff,0xffff,0xffff,0xffff,0xffff,0xffff,0xffff,0xffdc,0xffdb,0xffdb,0xffdb,0xffdb,
    0xffdb,0xffdb,0xffdc,0xffff,0xffff,0xffff,0xffff,0xffff,0xffff,0xffff,0xffff,0xffdc,
    0xffdb,0xffdb,0xffdb,0xffdb,0xffdb,0xffdb,0xffdc,0xffff,0xffff,0xffff,0xffff,0xffff,
    0xffff,0xffff,0xffff,0xffdc,0xffdb,0xffdb,0xffdb,0xffdb,0xffdb,0xffdb,0xffdc,0xffff,
    0xffff,0xffff,0xffff,0xffff,0xffff,0xffff,0xffff,0xfffe,0xffdb,0xffdb,0xffdb,0xffdb,
    0xffdb,0xffdb,0xfffe,0xffff,0xffff,0xffff,0xffff,0xffff,0xffff,0xffff,0xffff,0xfffe,
    0xffdb,0xffdb,0xffdb,0xffdb,0xffdb,0xffdb,0xfffe,0xffff,0xffff,0xffff,0xffff,0xffff,
    0xffff,0xffff,0xffff,0xfffe,0xffdb,0xffdb,0xffdb,0xffdb,0xffdb,0xffdb,0xfffe,0xffff,
    0xffff,0xffff,0xffff,0xffff,0xffff,0xffff,0xffff,0xfffe,0xffdb,0xffdb,0xffdb,0xffdb,
    0xffdb,0xffdb,0xfffe,0xffff,0xffff,0xffff,0xffff,0xffff,0xffff,0xffff,0xffff,0xfffe,
    0xffdb,0xffdb,0xffdb,0xffdb,0xffdb,0xffdb,0xfffe,0xffff,0xffff,0xffff,0xffff,0xffff,
    0xffff,0xffff,0xffff,0xfffe,0xffdb,0xffdb,0xffdb,0xffdb,0xffdb,0xffdb,0xfffe,0xffff,
    0xffff,0xffff,0xffff,0xffff,0xffff,0xffff,0xffff,0xfffe,0xffdb,0xffdb,0xffdb,0xffdb,
    0xffdb,0xffdb,0xfffe,0xffff,0xffff,0xffb9,0xff72,0xff72,0xff72,0xff72,0xff72,0xff72,
    0xffb8,0xffdb,0xffdb,0xffdb,0xffdb,0xffdb,0xfffe,0xffff,0xffff,0xffff,0xffff,0xffff,
    0xffff,0xffff,0xffff,0xfffe,0xffdb,0xffdb,0xffdb,0xffdb,0xffdb,0xffb8,0xff72,0xff72,
    0xff72,0xff72,0xff72,0xff94,0xffdd,0xffff,0xffff,0xfffe,0xffdb,0xffdb,0xffdb,0xffdb,
    0xffdb,0xffdb,0xfffe,0xffff,0xffff,0xffff,0xffff,0xffff,0xffff,0xffff,0xffff,0xfffe,
    0xffdb,0xffdb,0xffdb,0xffdb,0xffdb,0xffdb,0xfffe,0xffff,0xffff,0xffff,0xffff,0xffff,
    0xffff,0xffff,0xffff,0xfffe,0xffdb,0xffdb,0xffdb,0xffdb,0xffdb,0xffdb,0xfffe,0xffff,
    0xffff,0xffff,0xffff,0xffff,0xffff,0xffff,0xffff,0xfffe,0xffdb,0xffdb,0xffdb,0xffdb,
    0xffdb,0xffdb,0xfffe,0xffff,0xffff,0xffff,0xffff,0xffff,0xffff,0xffff,0xffff,0xfffe,
    0xffdb,0xffdb,0xffdb,0xffdb,0xffdb,0xffdb,0xfffe,0xffff,0xffff,0xffff,0xffff,0xffff,
    0xffff,0xffff,0xffff,0xfffe,0xffdb,0xffdb,0xffdb,0xffdb,0xffdb,0xffdb,0xfffe,0xffff,
    0xffff,0xffff,0xffff,0xffff,0xffff,0xffff,0xffff,0xfffe,0xffdb,0xffdb,0xffdb,0xffdb,
    0xffdb,0xffdb,0xfffe,0xffff,0xffff,0xffff,0xffff,0xffff,0xffff,0xffff,0xffff,0xffff,
    0xffdc,0xffdb,0xffdb,0xffdb,0xffdb,0xffdc,0xffff,0xffff,0xffff,0xffff,0xffff,0xffff,
    0xffff,0xffff,0xffff,0xffff,0xffdc,0xffdb,0xffdb,0xffdb,0xffdb,0xffdc,0xffff,0xffff,
    0xffff,0xffff,0xffff,0xffff,0xffff,0xffff,0xffff,0xffff,0xffdc,0xffdb,0xffdb,0xffdb,
    0xffdb,0xffdc,0xffff,0xffff,0xffff,0xffff,0xffff,0xffff,0xffff,0xffff,0xffff,0xffff,
    0xffdc,0xffdb,0xffdb,0xffdb,0xffdb,0xffdc,0xffff,0xffff,0xffff,0xffff,0xffff,0xffff,
    0xffff,0xffff,0xffff,0xffff,0xffdc,0xffdb,0xffdb,0xffdb,0xffdb,0xffdc,0xffff,0xffff,
    0xffff,0xffff,0xffff,0xffff,0xffff,0xffff,0xffff,0xffff,0xffdc,0xffdb,0xffdb,0xffdb,
    0xffdb,0xffdc,0xffff,0xffff,0xffff,0xffff,0xffff,0xffff,0xffff,0xffff,0xffff,0xffff,
    0xffdc,0xffdb,0xffdb,0xffdb,0xffdb,0xffdc,0xffff,0xffff,0xffff,0xffb9,0xff72,0xff72,
    0xff72,0xff72,0xff72,0xff72,0xffb8,0xffdb,0xffdb,0xffdb,0xffdb,0xffdc,0xffff,0xffff,
    0xffff,0xffff,0xffff,0xffff,0xffff,0xffff,0xffff,0xffff,0xffdc,0xffdb,0xffdb,0xffdb,
    0xffdb,0xffb8,0xff72,0xff72,0xff72,0xff72,0xff92,0xff94,0xffdd,0xffff,0xffff,0xffff,
    0xffdc,0xffdb,0xffdb,0xffdb,0xffdb,0xffdc,0xffff,0xffff,0xffff,0xffff,0xffff,0xffff,
    0xffff,0xffff,0xffff,0xffff,0xffdc,0xffdb,0xffdb,0xffdb,0xffdb,0xffdc,0xffff,0xffff,
    0xffff,0xffff,0xffff,0xffff,0xffff,0xffff,0xffff,0xffff,0xffdc,0xffdb,0xffdb,0xffdb,
    0xffdb,0xffdc,0xffff,0xffff,0xffff,0xffff,0xffff,0xffff,0xffff,0xffff,0xffff,0xffff,
    0xffdc,0xffdb,0xffdb,0xffdb,0xffdb,0xffdc,0xffff,0xffff,0xffff,0xffff,0xffff,0xffff,
    0xffff,0xffff,0xffff,0xffff,0xffdc,0xffdb,0xffdb,0xffdb,0xffdb,0xffdc,0xffff,0xffff,
    0xffff,0xffff,0xffff,0xffff,0xffff,0xffff,0xffff,0xffff,0xffdc,0xffdb,0xffdb,0xffdb,
    0xffdb,0xffdc,0xffff,0xffff,0xffff,0xffff,0xffff,0xffff,0xffff,0xffff,0xffff,0xffff,
    0xffdc,0xffdb,0xffdb,0xffdb,0xffdb,0xffdc,0xffff,0xffff,0xffff,0xffff,0xffff,0xffff,
    0xffff,0xffff,0xffff,0xffff,0xffff,0xfffe,0xffdc,0xffdc,0xfffe,0xffff,0xffff,0xffff,
    0xffff,0xffff,0xffff,0xffff,0xffff,0xffff,0xffff,0xffff,0xffff,0xfffe,0xffdc,0xffdc,
    0xfffe,0xffff,0xffff,0xffff,0xffff,0xffff,0xffff,0xffff,0xffff,0xffff,0xffff,0xffff,
    0xffff,0xfffe,0xffdc,0xffdc,0xfffe,0xffff,0xffff,0xffff,0xffff,0xffff,0xffff,0xffff,
    0xffff,0xffff,0xffff,0xffff,0xffff,0xfffe,0xffdc,0xffdc,0xfffe,0xffff,0xffff,0xffff,
    0xffff,0xffff,0xffff,0xffff,0xffff,0xffff,0xffff,0xffff,0xffff,0xfffe,0xffdc,0xffdc,
    0xfffe,0xffff,0xffff,0xffff,0xffff,0xffff,0xffff,0xffff,0xffff,0xffff,0xffff,0xffff,
    0xffff,0xfffe,0xffdc,0xffdc,0xfffe,0xffff,0xffff,0xffff,0xffff,0xffff,0xffff,0xffff,
    0xffff,0xffff,0xffff,0xffff,0xffff,0xfffe,0xffdc,0xffdc,0xfffe,0xffff,0xffff,0xffff,
    0xffff,0xffb9,0xff72,0xff72,0xff72,0xff72,0xff72,0xff72,0xffdb,0xfffe,0xffdc,0xffdc,
    0xfffe,0xffff,0xffff,0xffff,0xffff,0xffff,0xffff,0xffff,0xffff,0xffff,0xffff,0xffff,
    0xffff,0xfffe,0xffdc,0xffdc,0xfffe,0xffb9,0xff72,0xff72,0xff72,0xff72,0xff72,0xff94,
    0xffdd,0xffff,0xffff,0xffff,0xffff,0xfffe,0xffdc,0xffdc,0xfffe,0xffff,0xffff,0xffff,
    0xffff,0xffff,0xffff,0xffff,0xffff,0xffff,0xffff,0xffff,0xffff,0xfffe,0xffdc,0xffdc,
    0xfffe,0xffff,0xffff,0xffff,0xffff,0xffff,0xffff,0xffff,0xffff,0xffff,0xffff,0xffff,
    0xffff,0xfffe,0xffdc,0xffdc,0xfffe,0xffff,0xffff,0xffff,0xffff,0xffff,0xffff,0xffff,
    0xffff,0xffff,0xffff,0xffff,0xffff,0xfffe,0xffdc,0xffdc,0xfffe,0xffff,0xffff,0xffff,
    0xffff,0xffff,0xffff,0xffff,0xffff,0xffff,0xffff,0xffff,0xffff,0xfffe,0xffdc,0xffdc,
    0xfffe,0xffff,0xffff,0xffff,0xffff,0xffff,0xffff,0xffff,0xffff,0xffff,0xffff,0xffff,
    0xffff,0xfffe,0xffdc,0xffdc,0xfffe,0xffff,0xffff,0xffff,0xffff,0xffff,0xffff,0xffff,
    0xffff,0xffff,0xffff,0xffff,0xffff,0xfffe,0xffdc,0xffdc,0xfffe,0xffff,0xffff,0xffff,
    0xffff,0xffff,0xffdb,0xffdb,0xffdb,0xfffe,0xffff,0xffff,0xffff,0xffff,0xffff,0xffff,
    0xffff,0xffff,0xffff,0xffff,0xfffe,0xffdb,0xffdb,0xffdb,0xffdb,0xfffe,0xffff,0xffff,
    0xffff,0xffff,0xffff,0xffff,0xffff,0xffff,0xffff,0xffff,0xfffe,0xffdb,0xffdb,0xffdb,
    0xffdb,0xfffe,0xffff,0xffff,0xffff,0xffff,0xffff,0xffff,0xffff,0xffff,0xffff,0xffff,
    0xfffe,0xffdb,0xffdb,0xffdb,0xffdb,0xfffe,0xffff,0xffff,0xffff,0xffff,0xffff,0xffff,
    0xffff,0xffff,0xffff,0xffff,0xfffe,0xffdb,0xffdb,0xffdb,0xffdb,0xfffe,0xffff,0xffff,
    0xffff,0xffff,0xffff,0xffff,0xffff,0xffff,0xffff,0xffff,0xfffe,0xffdb,0xffdb,0xffdb,
    0xffdb,0xfffe,0xffff,0xffff,0xffff,0xffff,0xffff,0xffff,0xffff,0xffff,0xffff,0xffff,
    0xfffe,0xffdb,0xffdb,0xffdb,0xffdb,0xfffe,0xffff,0xffff,0xffff,0xffff,0xffff,0xffff,
    0xffff,0xffff,0xffff,0xffff,0xfffe,0xffb8,0xff72,0xff72,0xff72,0xff72,0xff72,0xff72,
    0xffdb,0xffff,0xffff,0xffff,0xffff,0xffff,0xffff,0xffff,0xfffe,0xffdb,0xffdb,0xffdb,
    0xffdb,0xfffe,0xffff,0xffff,0xffff,0xffff,0xffff,0xffff,0xffff,0xffb9,0xff72,0xff72,
    0xff72,0xff72,0xff72,0xff94,0xffb9,0xfffe,0xffff,0xffff,0xffff,0xffff,0xffff,0xffff,
    0xffff,0xffff,0xffff,0xffff,0xfffe,0xffdb,0xffdb,0xffdb,0xffdb,0xfffe,0xffff,0xffff,
    0xffff,0xffff,0xffff,0xffff,0xffff,0xffff,0xffff,0xffff,0xfffe,0xffdb,0xffdb,0xffdb,
    0xffdb,0xfffe,0xffff,0xffff,0xffff,0xffff,0xffff,0xffff,0xffff,0xffff,0xffff,0xffff,
    0xfffe,0xffdb,0xffdb,0xffdb,0xffdb,0xfffe,0xffff,0xffff,0xffff,0xffff,0xffff,0xffff,
    0xffff,0xffff,0xffff,0xffff,0xfffe,0xffdb,0xffdb,0xffdb,0xffdb,0xfffe,0xffff,0xffff,
    0xffff,0xffff,0xffff,0xffff,0xffff,0xffff,0xffff,0xffff,0xfffe,0xffdb,0xffdb,0xffdb,
    0xffdb,0xfffe,0xffff,0xffff,0xffff,0xffff,0xffff,0xffff,0xffff,0xffff,0xffff,0xffff,
    0xfffe,0xffdb,0xffdb,0xffdb,0xffdb,0xfffe,0xffff,0xffff,0xffff,0xffff,0xffff,0xffff,
    0xffff,0xffff,0xffff,0xffff,0xffff,0xffff,0xffdb,0xffdb,0xffdb,0xffdb,0xfffe,0xffff,
    0xffff,0xffff,0xffff,0xffff,0xffff,0xffff,0xffff,0xfffe,0xffdb,0xffdb,0xffdb,0xffdb,
    0xffdb,0xffdb,0xfffe,0xffff,0xffff,0xffff,0xffff,0xffff,0xffff,0xffff,0xffff,0xfffe,
    0xffdb,0xffdb,0xffdb,0xffdb,0xffdb,0xffdb,0xfffe,0xffff,0xffff,0xffff,0xffff,0xffff,
    0xffff,0xffff,0xffff,0xfffe,0xffdb,0xffdb,0xffdb,0xffdb,0xffdb,0xffdb,0xfffe,0xffff,
    0xffff,0xffff,0xffff,0xffff,0xffff,0xffff,0xffff,0xfffe,0xffdb,0xffdb,0xffdb,0xffdb,
    0xffdb,0xffdb,0xfffe,0xffff,0xffff,0xffff,0xffff,0xffff,0xffff,0xffff,0xffff,0xfffe,
    0xffdb,0xffdb,0xffdb,0xffdb,0xffdb,0xffdb,0xfffe,0xffff,0xffff,0xffff,0xffff,0xffff,
    0xffff,0xffff,0xffdb,0xffb8,0xffb6,0xffb6,0xffb6,0xffb6,0xffb6,0xffb6,0xffb8,0xffb9,
    0xffb9,0xffb9,0xffb9,0xffb9,0xffb9,0xffb9,0xffb9,0xffb8,0xffb6,0xff94,0xff72,0xff72,
    0xff72,0xff72,0xff72,0xff72,0xffb6,0xffb9,0xffb9,0xffb9,0xffb9,0xffb9,0xffb9,0xffb8,
    0xffb6,0xffb6,0xffb6,0xffb6,0xffb6,0xffb6,0xffb8,0xffb9,0xffb9,0xffb9,0xffb9,0xffb9,
    0xffb9,0xffb6,0xff72,0xff72,0xff72,0xff72,0xff72,0xff72,0xff96,0xffb6,0xffb8,0xffb9,
    0xffb9,0xffb9,0xffb9,0xffb9,0xffb9,0xffb9,0xffb9,0xffb8,0xffb6,0xffb6,0xffb6,0xffb6,
    0xffb6,0xffb6,0xffb8,0xffdc,0xffff,0xffff,0xffff,0xffff,0xffff,0xffff,0xffff,0xfffe,
    0xffdb,0xffdb,0xffdb,0xffdb,0xffdb,0xffdb,0xfffe,0xffff,0xffff,0xffff,0xffff,0xffff,
    0xffff,0xffff,0xffff,0xfffe,0xffdb,0xffdb,0xffdb,0xffdb,0xffdb,0xffdb,0xfffe,0xffff,
    0xffff,0xffff,0xffff,0xffff,0xffff,0xffff,0xffff,0xfffe,0xffdb,0xffdb,0xffdb,0xffdb,
    0xffdb,0xffdb,0xfffe,0xffff,0xffff,0xffff,0xffff,0xffff,0xffff,0xffff,0xffff,0xfffe,
    0xffdb,0xffdb,0xffdb,0xffdb,0xffdb,0xffdb,0xfffe,0xffff,0xffff,0xffff,0xffff,0xffff,
    0xffff,0xffff,0xffff,0xfffe,0xffdb,0xffdb,0xffdb,0xffdb,0xffdb,0xffdb,0xfffe,0xffff,
    0xffff,0xffff,0xffff,0xffff,0xffff,0xffff,0xffff,0xfffe,0xffff,0xffff,0xffdb,0xffdb,
    0xffdb,0xffdb,0xffdb,0xffff,0xffff,0xffff,0xffff,0xffff,0xffff,0xffff,0xffff,0xffdb,
    0xffdb,0xffdb,0xffdb,0xffdb,0xffdb,0xffdb,0xffdb,0xffff,0xffff,0xffff,0xffff,0xffff,
    0xffff,0xffff,0xffff,0xffdb,0xffdb,0xffdb,0xffdb,0xffdb,0xffdb,0xffdb,0xffdb,0xffff,
    0xffff,0xffff,0xffff,0xffff,0xffff,0xffff,0xffff,0xffdb,0xffdb,0xffdb,0xffdb,0xffdb,
    0xffdb,0xffdb,0xffdb,0xffff,0xffff,0xffff,0xffff,0xffff,0xffff,0xffff,0xffff,0xffdb,
    0xffdb,0xffdb,0xffdb,0xffdb,0xffdb,0xffdb,0xffdb,0xffff,0xffff,0xffff,0xffff,0xffff,
    0xffff,0xffff,0xffff,0xffdb,0xffdb,0xffdb,0xffdb,0xffdb,0xffdb,0xffdb,0xffdb,0xffff,
    0xffff,0xffff,0xffff,0xffff,0xffff,0xffb8,0xff72,0xff72,0xff72,0xff72,0xff72,0xff72,
    0xff72,0xff72,0xff72,0xff72,0xff72,0xff72,0xff72,0xff72,0xff72,0xff72,0xff72,0xff72,
    0xff72,0xff72,0xff72,0xff72,0xff72,0xff72,0xff72,0xff72,0xff72,0xff72,0xff72,0xff72,
    0xff72,0xff72,0xff72,0xff72,0xff72,0xff72,0xff72,0xff72,0xff72,0xff72,0xff72,0xff72,
    0xff72,0xff72,0xff72,0xff72,0xff72,0xff72,0xff72,0xff72,0xff72,0xff72,0xff72,0xff72,
    0xff93,0xff72,0xff72,0xff72,0xff72,0xff72,0xff72,0xff72,0xff72,0xff72,0xff72,0xff72,
    0xff72,0xff72,0xff72,0xff72,0xff72,0xff72,0xff72,0xff72,0xffb9,0xffff,0xffff,0xffff,
    0xffff,0xffff,0xffff,0xffdb,0xffdb,0xffdb,0xffdb,0xffdb,0xffdb,0xffdb,0xffdb,0xffff,
    0xffff,0xffff,0xffff,0xffff,0xffff,0xffff,0xffff,0xffdb,0xffdb,0xffdb,0xffdb,0xffdb,
    0xffdb,0xffdb,0xffdb,0xffff,0xffff,0xffff,0xffff,0xffff,0xffff,0xffff,0xffff,0xffdb,
    0xffdb,0xffdb,0xffdb,0xffdb,0xffdb,0xffdb,0xffdb,0xffff,0xffff,0xffff,0xffff,0xffff,
    0xffff,0xffff,0xffff,0xffdb,0xffdb,0xffdb,0xffdb,0xffdb,0xffdb,0xffdb,0xffdb,0xffff,
    0xffff,0xffff,0xffff,0xffff,0xffff,0xffff,0xffff,0xffdb,0xffdb,0xffdb,0xffdb,0xffdb,
    0xffdb,0xffdb,0xffdb,0xffff,0xffff,0xffff,0xffff,0xffff,0xffff,0xffff,0xffff,0xffdb,
    0xffff,0xffff,0xffdb,0xffdb,0xffdb,0xffdb,0xffdb,0xffff,0xffff,0xffff,0xffff,0xffff,
    0xffff,0xffff,0xffff,0xffdb,0xffdb,0xffdb,0xffdb,0xffdb,0xffdb,0xffdb,0xffdb,0xffff,
    0xffff,0xffff,0xffff,0xffff,0xffff,0xffff,0xffff,0xffdb,0xffdb,0xffdb,0xffdb,0xffdb,
    0xffdb,0xffdb,0xffdb,0xffff,0xffff,0xffff,0xffff,0xffff,0xffff,0xffff,0xffff,0xffdb,
    0xffdb,0xffdb,0xffdb,0xffdb,0xffdb,0xffdb,0xffdb,0xffff,0xffff,0xffff,0xffff,0xffff,
    0xffff,0xffff,0xffff,0xffdb,0xffdb,0xffdb,0xffdb,0xffdb,0xffdb,0xffdb,0xffdb,0xffff,
    0xffff,0xffff,0xffff,0xffff,0xffff,0xffff,0xffff,0xffdb,0xffdb,0xffdb,0xffdb,0xffdb,
    0xffdb,0xffdb,0xffdb,0xffff,0xffff,0xffff,0xffff,0xffff,0xffff,0xff72,0xff72,0xff72,
    0xff72,0xff72,0xff72,0xff72,0xff72,0xff72,0xff72,0xff72,0xff72,0xff72,0xff72,0xff72,
    0xff72,0xff72,0xff72,0xff72,0xff72,0xff72,0xff72,0xff72,0xff72,0xff72,0xff72,0xff72,
    0xff72,0xff72,0xff72,0xff72,0xff72,0xff72,0xff72,0xff72,0xff72,0xff72,0xff72,0xff72,
    0xff72,0xff72,0xff72,0xff72,0xff72,0xff72,0xff72,0xff72,0xff72,0xff72,0xff72,0xff72,
    0xff72,0xff72,0xff72,0xff72,0xff72,0xff72,0xff72,0xff72,0xff72,0xff72,0xff72,0xff72,
    0xff72,0xff72,0xff72,0xff72,0xff72,0xff72,0xff72,0xff72,0xff72,0xff72,0xff72,0xff72,
    0xff94,0xffff,0xffff,0xffff,0xffff,0xffff,0xffff,0xffdb,0xffdb,0xffdb,0xffdb,0xffdb,
    0xffdb,0xffdb,0xffdb,0xffff,0xffff,0xffff,0xffff,0xffff,0xffff,0xffff,0xffff,0xffdb,
    0xffdb,0xffdb,0xffdb,0xffdb,0xffdb,0xffdb,0xffdb,0xffff,0xffff,0xffff,0xffff,0xffff,
    0xffff,0xffff,0xffff,0xffdb,0xffdb,0xffdb,0xffdb,0xffdb,0xffdb,0xffdb,0xffdb,0xffff,
    0xffff,0xffff,0xffff,0xffff,0xffff,0xffff,0xffff,0xffdb,0xffdb,0xffdb,0xffdb,0xffdb,
    0xffdb,0xffdb,0xffdb,0xffff,0xffff,0xffff,0xffff,0xffff,0xffff,0xffff,0xffff,0xffdb,
    0xffdb,0xffdb,0xffdb,0xffdb,0xffdb,0xffdb,0xffdb,0xffff,0xffff,0xffff,0xffff,0xffff,
    0xffff,0xffff,0xffff,0xffdb,0xffff,0xffff,0xffdb,0xffdb,0xffdb,0xffdb,0xffdb,0xffff,
    0xffff,0xffff,0xffff,0xffff,0xffff,0xffff,0xffff,0xffdb,0xffdb,0xffdb,0xffdb,0xffdb,
    0xffdb,0xffdb,0xffdb,0xffff,0xffff,0xffff,0xffff,0xffff,0xffff,0xffff,0xffff,0xffdb,
    0xffdb,0xffdb,0xffdb,0xffdb,0xffdb,0xffdb,0xffdb,0xffff,0xffff,0xffff,0xffff,0xffff,
    0xffff,0xffff,0xffff,0xffdb,0xffdb,0xffdb,0xffdb,0xffdb,0xffdb,0xffdb,0xffdb,0xffff,
    0xffff,0xffff,0xffff,0xffff,0xffff,0xffff,0xffff,0xffdb,0xffdb,0xffdb,0xffdb,0xffdb,
    0xffdb,0xffdb,0xffdb,0xffff,0xffff,0xffff,0xffff,0xffff,0xffff,0xffff,0xffff,0xffdb,
    0xffdb,0xffdb,0xffdb,0xffdb,0xffdb,0xffdb,0xffdb,0xffff,0xffff,0xffff,0xffff,0xffff,
    0xffff,0xff72,0xff72,0xff72,0xff72,0xff72,0xff72,0xff72,0xff72,0xff72,0xff72,0xff72,
    0xff72,0xff72,0xff72,0xff72,0xff72,0xff72,0xff72,0xff72,0xff72,0xff72,0xff72,0xff72,
    0xff72,0xff72,0xff72,0xff72,0xff72,0xff72,0xff72,0xff72,0xff72,0xff72,0xff72,0xff72,
    0xff72,0xff72,0xff72,0xff72,0xff72,0xff72,0xff72,0xff72,0xff72,0xff72,0xff72,0xff72,
    0xff72,0xff72,0xff72,0xff72,0xff72,0xff72,0xff72,0xff72,0xfb73,0xff72,0xff72,0xff72,
    0xff72,0xff72,0xff72,0xff72,0xff72,0xff72,0xff72,0xff72,0xff72,0xff72,0xff72,0xff72,
    0xff72,0xff72,0xff72,0xff72,0xff72,0xffff,0xffff,0xffff,0xffff,0xffff,0xffff,0xffdb,
    0xffdb,0xffdb,0xffdb,0xffdb,0xffdb,0xffdb,0xffdb,0xffff,0xffff,0xffff,0xffff,0xffff,
    0xffff,0xffff,0xffff,0xffdb,0xffdb,0xffdb,0xffdb,0xffdb,0xffdb,0xffdb,0xffdb,0xffff,
    0xffff,0xffff,0xffff,0xffff,0xffff,0xffff,0xffff,0xffdb,0xffdb,0xffdb,0xffdb,0xffdb,
    0xffdb,0xffdb,0xffdb,0xffff,0xffff,0xffff,0xffff,0xffff,0xffff,0xffff,0xffff,0xffdb,
    0xffdb,0xffdb,0xffdb,0xffdb,0xffdb,0xffdb,0xffdb,0xffff,0xffff,0xffff,0xffff,0xffff,
    0xffff,0xffff,0xffff,0xffdb,0xffdb,0xffdb,0xffdb,0xffdb,0xffdb,0xffdb,0xffdb,0xffff,
    0xffff,0xffff,0xffff,0xffff,0xffff,0xffff,0xffff,0xffdb,0xffff,0xffff,0xffdb,0xffdb,
    0xffdb,0xffdb,0xffdb,0xffff,0xffff,0xffff,0xffff,0xffff,0xffff,0xffff,0xffff,0xffdb,
    0xffdb,0xffdb,0xffdb,0xffdb,0xffdb,0xffdb,0xffdb,0xffff,0xffff,0xffff,0xffff,0xffff,
    0xffff,0xffff,0xffff,0xffdb,0xffdb,0xffdb,0xffdb,0xffdb,0xffdb,0xffdb,0xffdb,0xffff,
    0xffff,0xffff,0xffff,0xffff,0xffff,0xffff,0xffff,0xffdb,0xffdb,0xffdb,0xffdb,0xffdb,
    0xffdb,0xffdb,0xffdb,0xffff,0xffff,0xffff,0xffff,0xffff,0xffff,0xffff,0xffff,0xffdb,
    0xffdb,0xffdb,0xffdb,0xffdb,0xffdb,0xffdb,0xffdb,0xffff,0xffff,0xffff,0xffff,0xffff,
    0xffff,0xffff,0xffff,0xffdb,0xffdb,0xffdb,0xffdb,0xffdb,0xffdb,0xffdb,0xffdb,0xffff,
    0xffff,0xffff,0xffff,0xffff,0xffff,0xff72,0xff72,0xff72,0xff72,0xff72,0xff72,0xff72,
    0xff72,0xff72,0xff72,0xff72,0xff72,0xff72,0xff72,0xff72,0xff72,0xff72,0xff72,0xff72,
    0xff72,0xff72,0xff72,0xff72,0xff72,0xff72,0xff72,0xff72,0xff72,0xff72,0xff72,0xff72,
    0xff72,0xff72,0xff72,0xff72,0xff72,0xff72,0xff72,0xff72,0xff72,0xff72,0xff72,0xff72,
    0xff72,0xff72,0xff72,0xff72,0xff72,0xff72,0xff72,0xff72,0xff72,0xff72,0xff72,0xff72,
    0xff72,0xff72,0xff72,0xff72,0xff72,0xff72,0xff72,0xff72,0xff72,0xff72,0xff72,0xff72,
    0xff72,0xff72,0xff72,0xff72,0xff72,0xff72,0xff72,0xff72,0xff72,0xffff,0xffff,0xffff,
    0xffff,0xffff,0xffff,0xffdb,0xffdb,0xffdb,0xffdb,0xffdb,0xffdb,0xffdb,0xffdb,0xffff,
    0xffff,0xffff,0xffff,0xffff,0xffff,0xffff,0xffff,0xffdb,0xffdb,0xffdb,0xffdb,0xffdb,
    0xffdb,0xffdb,0xffdb,0xffff,0xffff,0xffff,0xffff,0xffff,0xffff,0xffff,0xffff,0xffdb,
    0xffdb,0xffdb,0xffdb,0xffdb,0xffdb,0xffdb,0xffdb,0xffff,0xffff,0xffff,0xffff,0xffff,
    0xffff,0xffff,0xffff,0xffdb,0xffdb,0xffdb,0xffdb,0xffdb,0xffdb,0xffdb,0xffdb,0xffff,
    0xffff,0xffff,0xffff,0xffff,0xffff,0xffff,0xffff,0xffdb,0xffdb,0xffdb,0xffdb,0xffdb,
    0xffdb,0xffdb,0xffdb,0xffff,0xffff,0xffff,0xffff,0xffff,0xffff,0xffff,0xffff,0xffdb,
    0xffff,0xffff,0xffdb,0xffdb,0xffdb,0xffdb,0xfffe,0xffff,0xffff,0xffff,0xffff,0xffff,
    0xffff,0xffff,0xffff,0xfffe,0xffdb,0xffdb,0xffdb,0xffdb,0xffdb,0xffdb,0xfffe,0xffff,
    0xffff,0xffff,0xffff,0xffff,0xffff,0xffff,0xffff,0xfffe,0xffdb,0xffdb,0xffdb,0xffdb,
    0xffdb,0xffdb,0xfffe,0xffff,0xffff,0xffff,0xffff,0xffff,0xffff,0xffff,0xffff,0xfffe,
    0xffdb,0xffdb,0xffdb,0xffdb,0xffdb,0xffdb,0xfffe,0xffff,0xffff,0xffff,0xffff,0xffff,
    0xffff,0xffff,0xffff,0xfffe,0xffdb,0xffdb,0xffdb,0xffdb,0xffdb,0xffdb,0xfffe,0xffff,
    0xffff,0xffff,0xffff,0xffff,0xffff,0xffff,0xffff,0xfffe,0xffdb,0xffdb,0xffdb,0xffdb,
    0xffdb,0xffdb,0xfffe,0xffff,0xffff,0xffff,0xffff,0xffff,0xffff,0xff72,0xff72,0xff72,
    0xff72,0xff72,0xff72,0xff72,0xff72,0xff72,0xff72,0xff72,0xff72,0xff72,0xff72,0xff72,
    0xff72,0xff72,0xff72,0xff72,0xff72,0xff72,0xff72,0xff72,0xff72,0xff72,0xff72,0xff72,
    0xff72,0xff72,0xff72,0xff72,0xff72,0xff72,0xff72,0xff72,0xff72,0xff72,0xff72,0xff72,
    0xff72,0xff72,0xff72,0xff72,0xff72,0xff72,0xff72,0xff72,0xff72,0xff72,0xff72,0xff72,
    0xff72,0xff72,0xff72,0xff72,0xff72,0xff72,0xff72,0xff72,0xff72,0xff72,0xff72,0xff72,
    0xff72,0xff72,0xff72,0xff72,0xff72,0xff72,0xff72,0xff72,0xff72,0xff72,0xff72,0xff72,
    0xff72,0xffff,0xffff,0xffff,0xffff,0xffff,0xffff,0xfffe,0xffdb,0xffdb,0xffdb,0xffdb,
    0xffdb,0xffdb,0xfffe,0xffff,0xffff,0xffff,0xffff,0xffff,0xffff,0xffff,0xffff,0xfffe,
    0xffdb,0xffdb,0xffdb,0xffdb,0xffdb,0xffdb,0xfffe,0xffff,0xffff,0xffff,0xffff,0xffff,
    0xffff,0xffff,0xffff,0xfffe,0xffdb,0xffdb,0xffdb,0xffdb,0xffdb,0xffdb,0xfffe,0xffff,
    0xffff,0xffff,0xffff,0xffff,0xffff,0xffff,0xffff,0xfffe,0xffdb,0xffdb,0xffdb,0xffdb,
    0xffdb,0xffdb,0xfffe,0xffff,0xffff,0xffff,0xffff,0xffff,0xffff,0xffff,0xffff,0xfffe,
    0xffdb,0xffdb,0xffdb,0xffdb,0xffdb,0xffdb,0xfffe,0xffff,0xffff,0xffff,0xffff,0xffff,
    0xffff,0xffff,0xffff,0xfffe,0xffff,0xffff,0xffdb,0xffdb,0xffdb,0xfffe,0xffff,0xffff,
    0xffff,0xfffe,0xfffd,0xfffd,0xfffe,0xffff,0xffff,0xffff,0xfffe,0xffdb,0xffdb,0xffdb,
    0xffdb,0xfffe,0xffff,0xffff,0xffff,0xfffe,0xfffd,0xfffd,0xfffe,0xffff,0xffff,0xffff,
    0xfffe,0xffdb,0xffdb,0xffdb,0xffdb,0xfffe,0xffff,0xffff,0xffff,0xfffe,0xfffd,0xfffd,
    0xfffe,0xffff,0xffff,0xffff,0xfffe,0xffdb,0xffdb,0xffdb,0xffdb,0xfffe,0xffff,0xffff,
    0xffff,0xfffe,0xfffd,0xfffd,0xfffe,0xffff,0xffff,0xffff,0xfffe,0xffdb,0xffdb,0xffdb,
    0xffdb,0xfffe,0xffff,0xffff,0xffff,0xfffe,0xfffd,0xfffd,0xfffe,0xffff,0xffff,0xffff,
    0xfffe,0xffdb,0xffdb,0xffdb,0xffdb,0xfffe,0xffff,0xffff,0xffff,0xfffe,0xfffd,0xfffd,
    0xfffe,0xff72,0xff72,0xff72,0xff72,0xff72,0xff72,0xff72,0xff72,0xff72,0xff72,0xff72,
    0xff72,0xff72,0xff72,0xff72,0xff72,0xff72,0xff72,0xff72,0xff72,0xff72,0xff72,0xff72,
    0xff72,0xff72,0xff72,0xff72,0xff72,0xff72,0xff72,0xff72,0xff72,0xff72,0xff72,0xff72,
    0xff72,0xff72,0xff72,0xff72,0xff72,0xff72,0xff72,0xff72,0xff72,0xff72,0xff72,0xff72,
    0xff72,0xff72,0xff72,0xff72,0xff72,0xff72,0xff72,0xff72,0xff72,0xff72,0xff72,0xff72,
    0xff72,0xff72,0xff72,0xff72,0xff72,0xff72,0xff72,0xff72,0xff72,0xff72,0xff72,0xff72,
    0xff72,0xff72,0xff72,0xff72,0xff72,0xfffe,0xfffd,0xfffd,0xfffe,0xffff,0xffff,0xffff,
    0xfffe,0xffdb,0xffdb,0xffdb,0xffdb,0xfffe,0xffff,0xffff,0xffff,0xfffe,0xfffd,0xfffd,
    0xfffe,0xffff,0xffff,0xffff,0xfffe,0xffdb,0xffdb,0xffdb,0xffdb,0xfffe,0xffff,0xffff,
    0xffff,0xfffe,0xfffd,0xfffd,0xfffe,0xffff,0xffff,0xffff,0xfffe,0xffdb,0xffdb,0xffdb,
    0xffdb,0xfffe,0xffff,0xffff,0xffff,0xfffe,0xfffd,0xfffd,0xfffe,0xffff,0xffff,0xffff,
    0xfffe,0xffdb,0xffdb,0xffdb,0xffdb,0xfffe,0xffff,0xffff,0xffff,0xfffe,0xfffd,0xfffd,
    0xfffe,0xffff,0xffff,0xffff,0xfffe,0xffdb,0xffdb,0xffdb,0xffdb,0xfffe,0xffff,0xffff,
    0xffff,0xfffe,0xfffd,0xfffd,0xfffe,0xffff,0xffff,0xffff,0xffff,0xffff,0xffff,0xffff,
    0xffff,0xffff,0xffff,0xffff,0xffdb,0xffdb,0xffdb,0xffdb,0xffdb,0xffdb,0xffff,0xffff,
    0xffff,0xffff,0xffff,0xffff,0xffff,0xffff,0xffff,0xffff,0xffdb,0xffdb,0xffdb,0xffdb,
    0xffdb,0xffdb,0xffff,0xffff,0xffff,0xffff,0xffff,0xffff,0xffff,0xffff,0xffff,0xffff,
    0xffdb,0xffdb,0xffdb,0xffdb,0xffdb,0xffdb,0xffff,0xffff,0xffff,0xffff,0xffff,0xffff,
    0xffff,0xffff,0xffff,0xffff,0xffdb,0xffdb,0xffdb,0xffdb,0xffdb,0xffdb,0xffff,0xffff,
    0xffff,0xffff,0xffff,0xffff,0xffff,0xffff,0xffff,0xffff,0xffdb,0xffdb,0xffdb,0xffdb,
    0xffdb,0xffdb,0xffff,0xffff,0xffff,0xffff,0xffff,0xffff,0xffff,0xffff,0xffff,0xffff,
    0xffdb,0xffdb,0xffdb,0xffdb,0xffdb,0xff72,0xff72,0xff72,0xff72,0xff72,0xff72,0xff72,
    0xff72,0xff72,0xff72,0xff72,0xff72,0xff72,0xff72,0xff72,0xff72,0xff72,0xff72,0xff72,
    0xff72,0xff72,0xff72,0xff72,0xff72,0xff72,0xff72,0xff72,0xff72,0xff72,0xff72,0xff72,
    0xff72,0xff72,0xff72,0xff72,0xff72,0xff72,0xff72,0xff72,0xff72,0xff72,0xff72,0xff72,
    0xff72,0xff72,0xff72,0xff72,0xff72,0xff72,0xff72,0xff72,0xff72,0xff72,0xff72,0xff72,
    0xff72,0xff72,0xff72,0xff72,0xff72,0xff72,0xff72,0xff72,0xff72,0xff72,0xff72,0xff72,
    0xff72,0xff72,0xff72,0xff72,0xff72,0xff72,0xff72,0xff72,0xff72,0xffdb,0xffdb,0xffdb,
    0xffdb,0xffdb,0xffff,0xffff,0xffff,0xffff,0xffff,0xffff,0xffff,0xffff,0xffff,0xffff,
    0xffdb,0xffdb,0xffdb,0xffdb,0xffdb,0xffdb,0xffff,0xffff,0xffff,0xffff,0xffff,0xffff,
    0xffff,0xffff,0xffff,0xffff,0xffdb,0xffdb,0xffdb,0xffdb,0xffdb,0xffdb,0xffff,0xffff,
    0xffff,0xffff,0xffff,0xffff,0xffff,0xffff,0xffff,0xffff,0xffdb,0xffdb,0xffdb,0xffdb,
    0xffdb,0xffdb,0xffff,0xffff,0xffff,0xffff,0xffff,0xffff,0xffff,0xffff,0xffff,0xffff,
    0xffdb,0xffdb,0xffdb,0xffdb,0xffdb,0xffdb,0xffff,0xffff,0xffff,0xffff,0xffff,0xffff,
    0xffff,0xffff,0xffff,0xffff,0xffdb,0xffdb,0xffdb,0xffdb,0xffdb,0xffdb,0xffff,0xffff,
    0xffff,0xffff,0xffff,0xffff,0xffff,0xffff,0xffff,0xffdb,0xffdb,0xffdb,0xffdb,0xffdb,
    0xffdb,0xffdb,0xffdb,0xffff,0xffff,0xffff,0xffff,0xffff,0xffff,0xffff,0xffff,0xffdb,
    0xffdb,0xffdb,0xffdb,0xffdb,0xffdb,0xffdb,0xffdb,0xffff,0xffff,0xffff,0xffff,0xffff,
    0xffff,0xffff,0xffff,0xffdb,0xffdb,0xffdb,0xffdb,0xffdb,0xffdb,0xffdb,0xffdb,0xffff,
    0xffff,0xffff,0xffff,0xffff,0xffff,0xffff,0xffff,0xffdb,0xffdb,0xffdb,0xffdb,0xffdb,
    0xffdb,0xffdb,0xffdb,0xffff,0xffff,0xffff,0xffff,0xffff,0xffff,0xffff,0xffff,0xffdb,
    0xffdb,0xffdb,0xffdb,0xffdb,0xffdb,0xffdb,0xffdb,0xffff,0xffff,0xffff,0xffff,0xffff,
    0xffff,0xffff,0xffff,0xffdb,0xffdb,0xffdb,0xffdb,0xffdb,0xffdb,0xff72,0xff72,0xff72,
    0xff72,0xff72,0xff72,0xff72,0xff72,0xff72,0xff72,0xff72,0xff72,0xff72,0xff72,0xff72,
    0xff72,0xff72,0xff72,0xff72,0xff72,0xff72,0xff72,0xff72,0xff72,0xff72,0xff72,0xff72,
    0xff72,0xff72,0xff72,0xff72,0xff72,0xff72,0xff72,0xff72,0xff72,0xff72,0xff72,0xff72,
    0xff72,0xff72,0xff72,0xff72,0xff72,0xff72,0xff72,0xff72,0xff72,0xff72,0xff72,0xff72,
    0xff72,0xff72,0xff72,0xff72,0xff72,0xff72,0xff72,0xff72,0xff72,0xff72,0xff72,0xff72,
    0xff72,0xff72,0xff72,0xff72,0xff72,0xff72,0xff72,0xff72,0xff72,0xff72,0xff72,0xff72,
    0xff72,0xffdb,0xffdb,0xffdb,0xffdb,0xffdb,0xffdb,0xffff,0xffff,0xffff,0xffff,0xffff,
    0xffff,0xffff,0xffff,0xffdb,0xffdb,0xffdb,0xffdb,0xffdb,0xffdb,0xffdb,0xffdb,0xffff,
    0xffff,0xffff,0xffff,0xffff,0xffff,0xffff,0xffff,0xffdb,0xffdb,0xffdb,0xffdb,0xffdb,
    0xffdb,0xffdb,0xffdb,0xffff,0xffff,0xffff,0xffff,0xffff,0xffff,0xffff,0xffff,0xffdb,
    0xffdb,0xffdb,0xffdb,0xffdb,0xffdb,0xffdb,0xffdb,0xffff,0xffff,0xffff,0xffff,0xffff,
    0xffff,0xffff,0xffff,0xffdb,0xffdb,0xffdb,0xffdb,0xffdb,0xffdb,0xffdb,0xffdb,0xffff,
    0xffff,0xffff,0xffff,0xffff,0xffff,0xffff,0xffff,0xffdb,0xffdb,0xffdb,0xffdb,0xffdb,
    0xffdb,0xffdb,0xffdb,0xffff,0xffff,0xffff,0xffff,0xffff,0xffff,0xffff,0xfffe,0xffdb,
    0xffdb,0xffdb,0xffdb,0xffdb,0xffdb,0xffdb,0xffdb,0xfffe,0xffff,0xffff,0xffff,0xffff,
    0xffff,0xffff,0xfffe,0xffdb,0xffdb,0xffdb,0xffdb,0xffdb,0xffdb,0xffdb,0xffdb,0xfffe,
    0xffff,0xffff,0xffff,0xffff,0xffff,0xffff,0xfffe,0xffdb,0xffdb,0xffdb,0xffdb,0xffdb,
    0xffdb,0xffdb,0xffdb,0xfffe,0xffff,0xffff,0xffff,0xffff,0xffff,0xffff,0xfffe,0xffdb,
    0xffdb,0xffdb,0xffdb,0xffdb,0xffdb,0xffdb,0xffdb,0xfffe,0xffff,0xffff,0xffff,0xffff,
    0xffff,0xffff,0xfffe,0xffdb,0xffdb,0xffdb,0xffdb,0xffdb,0xffdb,0xffdb,0xffdb,0xfffe,
    0xffff,0xffff,0xffff,0xffff,0xffff,0xffff,0xfffe,0xffdb,0xffdb,0xffdb,0xffdb,0xffdb,
    0xffdb,0xff72,0xff72,0xff72,0xff72,0xff72,0xff72,0xff72,0xff72,0xff72,0xff72,0xff72,
    0xff72,0xff72,0xff72,0xff72,0xff72,0xff72,0xff72,0xff72,0xff72,0xff72,0xff72,0xff72,
    0xff72,0xff72,0xff72,0xff72,0xff72,0xff72,0xff72,0xff72,0xff72,0xff72,0xff72,0xff72,
    0xff72,0xff72,0xff72,0xff72,0xff72,0xff72,0xff72,0xff72,0xff72,0xff72,0xff72,0xff72,
    0xff72,0xff72,0xff72,0xff72,0xff72,0xff72,0xff72,0xff72,0xff72,0xff72,0xff72,0xff72,
    0xff72,0xff72,0xff72,0xff72,0xff72,0xff72,0xff72,0xff72,0xff72,0xff72,0xff72,0xff72,
    0xff72,0xff72,0xff72,0xff72,0xff72,0xffdb,0xffdb,0xffdb,0xffdb,0xffdb,0xffdb,0xfffe,
    0xffff,0xffff,0xffff,0xffff,0xffff,0xffff,0xfffe,0xffdb,0xffdb,0xffdb,0xffdb,0xffdb,
    0xffdb,0xffdb,0xffdb,0xfffe,0xffff,0xffff,0xffff,0xffff,0xffff,0xffff,0xfffe,0xffdb,
    0xffdb,0xffdb,0xffdb,0xffdb,0xffdb,0xffdb,0xffdb,0xfffe,0xffff,0xffff,0xffff,0xffff,
    0xffff,0xffff,0xfffe,0xffdb,0xffdb,0xffdb,0xffdb,0xffdb,0xffdb,0xffdb,0xffdb,0xfffe,
    0xffff,0xffff,0xffff,0xffff,0xffff,0xffff,0xfffe,0xffdb,0xffdb,0xffdb,0xffdb,0xffdb,
    0xffdb,0xffdb,0xffdb,0xfffe,0xffff,0xffff,0xffff,0xffff,0xffff,0xffff,0xfffe,0xffdb,
    0xffdb,0xffdb,0xffdb,0xffdb,0xffdb,0xffdb,0xffdb,0xfffe,0xffff,0xffff,0xffff,0xffff,
    0xffff,0xffff,0xfffd,0xffdb,0xffdb,0xffdb,0xffdb,0xffdb,0xffdb,0xffdb,0xffdb,0xfffd,
    0xffff,0xffff,0xffff,0xffff,0xffff,0xffff,0xfffd,0xffdb,0xffdb,0xffdb,0xffdb,0xffdb,
    0xffdb,0xffdb,0xffdb,0xfffd,0xffff,0xffff,0xffff,0xffff,0xffff,0xffff,0xfffd,0xffdb,
    0xffdb,0xffdb,0xffdb,0xffdb,0xffdb,0xffdb,0xffdb,0xfffd,0xffff,0xffff,0xffff,0xffff,
    0xffff,0xffff,0xfffd,0xffdb,0xffdb,0xffdb,0xffdb,0xffdb,0xffdb,0xffdb,0xffdb,0xfffd,
    0xffff,0xffff,0xffff,0xffff,0xffff,0xffff,0xfffd,0xffdb,0xffdb,0xffdb,0xffdb,0xffdb,
    0xffdb,0xffdb,0xffdb,0xfffd,0xffff,0xffff,0xffff,0xffff,0xffff,0xffff,0xfffd,0xffdb,
    0xffdb,0xffdb,0xffdb,0xffdb,0xffdb,0xff72,0xff72,0xff72,0xff72,0xff72,0xff72,0xff72,
    0xff72,0xff72,0xff72,0xff72,0xff72,0xff72,0xff72,0xff72,0xff72,0xff72,0xff72,0xff72,
    0xff72,0xff72,0xff72,0xff72,0xff72,0xff72,0xff72,0xff72,0xff72,0xff72,0xff72,0xff72,
    0xff72,0xff72,0xff72,0xff72,0xff72,0xff72,0xff72,0xff72,0xff72,0xff72,0xff72,0xff72,
    0xff72,0xff72,0xff72,0xff72,0xff72,0xff72,0xff72,0xff72,0xff72,0xff72,0xff72,0xff72,
    0xff72,0xff72,0xff72,0xff72,0xff72,0xff72,0xff72,0xff72,0xff72,0xff72,0xff72,0xff72,
    0xff72,0xff72,0xff72,0xff72,0xff72,0xff72,0xff72,0xff72,0xff72,0xffdb,0xffdb,0xffdb,
    0xffdb,0xffdb,0xffdb,0xfffd,0xffff,0xffff,0xffff,0xffff,0xffff,0xffff,0xfffd,0xffdb,
    0xffdb,0xffdb,0xffdb,0xffdb,0xffdb,0xffdb,0xffdb,0xfffd,0xffff,0xffff,0xffff,0xffff,
    0xffff,0xffff,0xfffd,0xffdb,0xffdb,0xffdb,0xffdb,0xffdb,0xffdb,0xffdb,0xffdb,0xfffd,
    0xffff,0xffff,0xffff,0xffff,0xffff,0xffff,0xfffd,0xffdb,0xffdb,0xffdb,0xffdb,0xffdb,
    0xffdb,0xffdb,0xffdb,0xfffd,0xffff,0xffff,0xffff,0xffff,0xffff,0xffff,0xfffd,0xffdb,
    0xffdb,0xffdb,0xffdb,0xffdb,0xffdb,0xffdb,0xffdb,0xfffd,0xffff,0xffff,0xffff,0xffff,
    0xffff,0xffff,0xfffd,0xffdb,0xffdb,0xffdb,0xffdb,0xffdb,0xffdb,0xffdb,0xffdb,0xfffd,
    0xffff,0xffff,0xffff,0xffff,0xffff,0xffff,0xfffd,0xffdb,0xffdb,0xffdb,0xffdb,0xffdb,
    0xffdb,0xffdb,0xffdb,0xfffd,0xffff,0xffff,0xffff,0xffff,0xffff,0xffff,0xfffd,0xffdb,
    0xffdb,0xffdb,0xffdb,0xffdb,0xffdb,0xffdb,0xffdb,0xfffd,0xffff,0xffff,0xffff,0xffff,
    0xffff,0xffff,0xfffd,0xffdb,0xffdb,0xffdb,0xffdb,0xffdb,0xffdb,0xffdb,0xffdb,0xfffd,
    0xffff,0xffff,0xffff,0xffff,0xffff,0xffff,0xfffd,0xffdb,0xffdb,0xffdb,0xffdb,0xffdb,
    0xffdb,0xffdb,0xffdb,0xfffd,0xffff,0xffff,0xffff,0xffff,0xffff,0xffff,0xfffd,0xffdb,
    0xffdb,0xffdb,0xffdb,0xffdb,0xffdb,0xffdb,0xffdb,0xfffd,0xffff,0xffff,0xffff,0xffff,
    0xffff,0xffff,0xfffd,0xffdb,0xffdb,0xffdb,0xffdb,0xffdb,0xffdb,0xff72,0xff72,0xff72,
    0xff72,0xff72,0xff72,0xff72,0xff72,0xff72,0xff72,0xff72,0xff72,0xff72,0xff72,0xff72,
    0xff72,0xff72,0xff72,0xff72,0xff72,0xff72,0xff72,0xff72,0xff72,0xff72,0xff72,0xff72,
    0xff72,0xff72,0xff72,0xff72,0xff72,0xff72,0xff72,0xff72,0xff72,0xff72,0xff72,0xff72,
    0xff72,0xff72,0xff72,0xff72,0xff72,0xff72,0xff72,0xff72,0xff72,0xff72,0xff72,0xff72,
    0xff72,0xff72,0xff72,0xff72,0xff72,0xff72,0xff72,0xff72,0xff72,0xff72,0xff72,0xff72,
    0xff72,0xff72,0xff72,0xff72,0xff72,0xff72,0xff72,0xff72,0xff72,0xff72,0xff72,0xff72,
    0xff72,0xffdb,0xffdb,0xffdb,0xffdb,0xffdb,0xffdb,0xfffd,0xffff,0xffff,0xffff,0xffff,
    0xffff,0xffff,0xfffd,0xffdb,0xffdb,0xffdb,0xffdb,0xffdb,0xffdb,0xffdb,0xffdb,0xfffd,
    0xffff,0xffff,0xffff,0xffff,0xffff,0xffff,0xfffd,0xffdb,0xffdb,0xffdb,0xffdb,0xffdb,
    0xffdb,0xffdb,0xffdb,0xfffd,0xffff,0xffff,0xffff,0xffff,0xffff,0xffff,0xfffd,0xffdb,
    0xffdb,0xffdb,0xffdb,0xffdb,0xffdb,0xffdb,0xffdb,0xfffd,0xffff,0xffff,0xffff,0xffff,
    0xffff,0xffff,0xfffd,0xffdb,0xffdb,0xffdb,0xffdb,0xffdb,0xffdb,0xffdb,0xffdb,0xfffd,
    0xffff,0xffff,0xffff,0xffff,0xffff,0xffff,0xfffd,0xffdb,0xffdb,0xffdb,0xffdb,0xffdb,
    0xffdb,0xffdb,0xffdb,0xfffd,0xffff,0xffff,0xffff,0xffff,0xffff,0xffff,0xfffe,0xffdb,
    0xffdb,0xffdb,0xffdb,0xffdb,0xffdb,0xffdb,0xffdb,0xfffe,0xffff,0xffff,0xffff,0xffff,
    0xffff,0xffff,0xfffe,0xffdb,0xffdb,0xffdb,0xffdb,0xffdb,0xffdb,0xffdb,0xffdb,0xfffe,
    0xffff,0xffff,0xffff,0xffff,0xffff,0xffff,0xfffe,0xffdb,0xffdb,0xffdb,0xffdb,0xffdb,
    0xffdb,0xffdb,0xffdb,0xfffe,0xffff,0xffff,0xffff,0xffff,0xffff,0xffff,0xfffe,0xffdb,
    0xffdb,0xffdb,0xffdb,0xffdb,0xffdb,0xffdb,0xffdb,0xfffe,0xffff,0xffff,0xffff,0xffff,
    0xffff,0xffff,0xfffe,0xffdb,0xffdb,0xffdb,0xffdb,0xffdb,0xffdb,0xffdb,0xffdb,0xfffe,
    0xffff,0xffff,0xffff,0xffff,0xffff,0xffff,0xfffe,0xffdb,0xffdb,0xffdb,0xffdb,0xffdb,
    0xffdb,0xff72,0xff72,0xff72,0xff72,0xff72,0xff72,0xff72,0xff72,0xff72,0xff72,0xff72,
    0xff72,0xff72,0xff72,0xff72,0xff72,0xff72,0xff72,0xff72,0xff72,0xff72,0xff72,0xff72,
    0xff72,0xff72,0xff72,0xff72,0xff72,0xff72,0xff72,0xff72,0xff72,0xff72,0xff72,0xff72,
    0xff72,0xff72,0xff72,0xff72,0xff72,0xff72,0xff72,0xff72,0xff72,0xff72,0xff72,0xff72,
    0xff72,0xff72,0xff72,0xff72,0xff72,0xff72,0xff72,0xff72,0xff72,0xff72,0xff72,0xff72,
    0xff72,0xff72,0xff72,0xff72,0xff72,0xff72,0xff72,0xff72,0xff72,0xff72,0xff72,0xff72,
    0xff72,0xff72,0xff72,0xff72,0xff72,0xffdb,0xffdb,0xffdb,0xffdb,0xffdb,0xffdb,0xfffe,
    0xffff,0xffff,0xffff,0xffff,0xffff,0xffff,0xfffe,0xffdb,0xffdb,0xffdb,0xffdb,0xffdb,
    0xffdb,0xffdb,0xffdb,0xfffe,0xffff,0xffff,0xffff,0xffff,0xffff,0xffff,0xfffe,0xffdb,
    0xffdb,0xffdb,0xffdb,0xffdb,0xffdb,0xffdb,0xffdb,0xfffe,0xffff,0xffff,0xffff,0xffff,
    0xffff,0xffff,0xfffe,0xffdb,0xffdb,0xffdb,0xffdb,0xffdb,0xffdb,0xffdb,0xffdb,0xfffe,
    0xffff,0xffff,0xffff,0xffff,0xffff,0xffff,0xfffe,0xffdb,0xffdb,0xffdb,0xffdb,0xffdb,
    0xffdb,0xffdb,0xffdb,0xfffe,0xffff,0xffff,0xffff,0xffff,0xffff,0xffff,0xfffe,0xffdb,
    0xffdb,0xffdb,0xffdb,0xffdb,0xffdb,0xffdb,0xffdb,0xfffe,0xffff,0xffff,0xffff,0xffff,
    0xffff,0xffff,0xffff,0xffdb,0xffdb,0xffdb,0xffdb,0xffdb,0xffdb,0xffdb,0xffdb,0xffff,
    0xffff,0xffff,0xffff,0xffff,0xffff,0xffff,0xffff,0xffdb,0xffdb,0xffdb,0xffdb,0xffdb,
    0xffdb,0xffdb,0xffdb,0xffff,0xffff,0xffff,0xffff,0xffff,0xffff,0xffff,0xffff,0xffdb,
    0xffdb,0xffdb,0xffdb,0xffdb,0xffdb,0xffdb,0xffdb,0xffff,0xffff,0xffff,0xffff,0xffff,
    0xffff,0xffff,0xffff,0xffdb,0xffdb,0xffdb,0xffdb,0xffdb,0xffdb,0xffdb,0xffdb,0xffff,
    0xffff,0xffff,0xffff,0xffff,0xffff,0xffff,0xffff,0xffdb,0xffdb,0xffdb,0xffdb,0xffdb,
    0xffdb,0xffdb,0xffdb,0xffff,0xffff,0xffff,0xffff,0xffff,0xffff,0xffff,0xffff,0xffdb,
    0xffdb,0xffdb,0xffdb,0xffdb,0xffdb,0xff72,0xff72,0xff72,0xff72,0xff72,0xff72,0xff72,
    0xff72,0xff72,0xff72,0xff72,0xff72,0xff72,0xff72,0xff72,0xff72,0xff72,0xff72,0xff72,
    0xff72,0xff72,0xff72,0xff72,0xff72,0xff72,0xff72,0xff72,0xff72,0xff72,0xff72,0xff72,
    0xff72,0xff72,0xff72,0xff72,0xff72,0xff72,0xff72,0xff72,0xff72,0xff72,0xff72,0xff72,
    0xff72,0xff72,0xff72,0xff72,0xff72,0xff72,0xff72,0xff72,0xff72,0xff72,0xff72,0xff72,
    0xff72,0xff72,0xff72,0xff72,0xff72,0xff72,0xff72,0xff72,0xff72,0xff72,0xff72,0xff72,
    0xff72,0xff72,0xff72,0xff72,0xff72,0xff72,0xff72,0xff72,0xff72,0xffdb,0xffdb,0xffdb,
    0xffdb,0xffdb,0xffdb,0xffff,0xffff,0xffff,0xffff,0xffff,0xffff,0xffff,0xffff,0xffdb,
    0xffdb,0xffdb,0xffdb,0xffdb,0xffdb,0xffdb,0xffdb,0xffff,0xffff,0xffff,0xffff,0xffff,
    0xffff,0xffff,0xffff,0xffdb,0xffdb,0xffdb,0xffdb,0xffdb,0xffdb,0xffdb,0xffdb,0xffff,
    0xffff,0xffff,0xffff,0xffff,0xffff,0xffff,0xffff,0xffdb,0xffdb,0xffdb,0xffdb,0xffdb,
    0xffdb,0xffdb,0xffdb,0xffff,0xffff,0xffff,0xffff,0xffff,0xffff,0xffff,0xffff,0xffdb,
    0xffdb,0xffdb,0xffdb,0xffdb,0xffdb,0xffdb,0xffdb,0xffff,0xffff,0xffff,0xffff,0xffff,
    0xffff,0xffff,0xffff,0xffdb,0xffdb,0xffdb,0xffdb,0xffdb,0xffdb,0xffdb,0xffdb,0xffff,
    0xffff,0xffff,0xffdc,0xffdc,0xffff,0xffff,0xffff,0xffff,0xffdb,0xffdb,0xffdb,0xffdb,
    0xffdb,0xffdb,0xffff,0xffff,0xffff,0xffdc,0xffdb,0xffdb,0xffdc,0xffff,0xffff,0xffff,
    0xffdb,0xffdb,0xffdb,0xffdb,0xffdb,0xffdb,0xffff,0xffff,0xffff,0xffdc,0xffdb,0xffdb,
    0xffdc,0xffff,0xffff,0xffff,0xffdb,0xffdb,0xffdb,0xffdb,0xffdb,0xffdb,0xffff,0xffff,
    0xffff,0xffdc,0xffdb,0xffdb,0xffdc,0xffff,0xffff,0xffff,0xffdb,0xffdb,0xffdb,0xffdb,
    0xffdb,0xffdb,0xffff,0xffff,0xffff,0xffdc,0xffdb,0xffdb,0xffdc,0xffff,0xffff,0xffff,
    0xffdb,0xffdb,0xffdb,0xffdb,0xffdb,0xffdb,0xffff,0xffff,0xffff,0xffdc,0xffdb,0xffdb,
    0xffdc,0xffff,0xffff,0xffff,0xffdb,0xffdb,0xffdb,0xffdb,0xffdb,0xff72,0xff72,0xff72,
    0xff72,0xff72,0xff72,0xff72,0xff72,0xff72,0xff72,0xff72,0xff72,0xff72,0xff72,0xff72,
    0xff72,0xff72,0xff72,0xff72,0xff72,0xff72,0xff72,0xff72,0xff72,0xff72,0xff72,0xff72,
    0xff72,0xff72,0xff72,0xff72,0xff72,0xff72,0xff72,0xff72,0xff72,0xff72,0xff72,0xff72,
    0xff72,0xff72,0xff72,0xff72,0xff72,0xff72,0xff72,0xff72,0xff72,0xff72,0xff72,0xff72,
    0xff72,0xff72,0xff72,0xff72,0xff72,0xff72,0xff72,0xff72,0xff72,0xff72,0xff72,0xff72,
    0xff72,0xff72,0xff72,0xff72,0xff72,0xff72,0xff72,0xff72,0xff72,0xff72,0xff72,0xff72,
    0xff72,0xffdb,0xffdb,0xffdb,0xffdb,0xffdb,0xffff,0xffff,0xffff,0xffdc,0xffdb,0xffdb,
    0xffdc,0xffff,0xffff,0xffff,0xffdb,0xffdb,0xffdb,0xffdb,0xffdb,0xffdb,0xffff,0xffff,
    0xffff,0xffdc,0xffdb,0xffdb,0xffdc,0xffff,0xffff,0xffff,0xffdb,0xffdb,0xffdb,0xffdb,
    0xffdb,0xffdb,0xffff,0xffff,0xffff,0xffdc,0xffdb,0xffdb,0xffdc,0xffff,0xffff,0xffff,
    0xffdb,0xffdb,0xffdb,0xffdb,0xffdb,0xffdb,0xffff,0xffff,0xffff,0xffdc,0xffdb,0xffdb,
    0xffdc,0xffff,0xffff,0xffff,0xffdb,0xffdb,0xffdb,0xffdb,0xffdb,0xffdb,0xffff,0xffff,
    0xffff,0xffdc,0xffdb,0xffdb,0xffdc,0xffff,0xffff,0xffff,0xffdb,0xffdb,0xffdb,0xffdb,
    0xffdb,0xffdb,0xffff,0xffff,0xffff,0xffff,0xffdb,0xffdb,0xffdb,0xfffe,0xffff,0xffff,
    0xffff,0xfffe,0xfffd,0xfffd,0xfffe,0xffff,0xffff,0xfffe,0xffdb,0xffdb,0xffdb,0xffdb,
    0xffdb,0xffdb,0xfffe,0xffff,0xffff,0xfffe,0xfffd,0xfffd,0xfffe,0xffff,0xffff,0xfffe,
    0xffdb,0xffdb,0xffdb,0xffdb,0xffdb,0xffdb,0xfffe,0xffff,0xffff,0xfffe,0xfffd,0xfffd,
    0xfffe,0xffff,0xffff,0xfffe,0xffdb,0xffdb,0xffdb,0xffdb,0xffdb,0xffdb,0xfffe,0xffff,
    0xffff,0xfffe,0xfffd,0xfffd,0xfffe,0xffff,0xffff,0xfffe,0xffdb,0xffdb,0xffdb,0xffdb,
    0xffdb,0xffdb,0xfffe,0xffff,0xffff,0xfffe,0xfffd,0xfffd,0xfffe,0xffff,0xffff,0xfffe,
    0xffdb,0xffdb,0xffdb,0xffdb,0xffdb,0xffdb,0xfffe,0xffff,0xffff,0xfffe,0xfffd,0xfffd,
    0xfffe,0xff72,0xff72,0xff72,0xff72,0xff72,0xff72,0xff72,0xff72,0xff72,0xff72,0xff72,
    0xff72,0xff72,0xff72,0xff72,0xff72,0xff72,0xff72,0xff72,0xff72,0xff72,0xff72,0xff72,
    0xff72,0xff72,0xff72,0xff72,0xff72,0xff72,0xff72,0xff72,0xff72,0xff72,0xff72,0xff72,
    0xff72,0xff72,0xff72,0xff72,0xff72,0xff72,0xff72,0xff72,0xff72,0xff72,0xff72,0xff72,
    0xff72,0xff72,0xff72,0xff72,0xff72,0xff72,0xff72,0xff72,0xff72,0xff72,0xff72,0xff72,
    0xff72,0xff72,0xff72,0xff72,0xff72,0xff72,0xff72,0xff72,0xff72,0xff72,0xff72,0xff72,
    0xff72,0xff72,0xff72,0xff72,0xff72,0xfffe,0xfffd,0xfffd,0xfffe,0xffff,0xffff,0xfffe,
    0xffdb,0xffdb,0xffdb,0xffdb,0xffdb,0xffdb,0xfffe,0xffff,0xffff,0xfffe,0xfffd,0xfffd,
    0xfffe,0xffff,0xffff,0xfffe,0xffdb,0xffdb,0xffdb,0xffdb,0xffdb,0xffdb,0xfffe,0xffff,
    0xffff,0xfffe,0xfffd,0xfffd,0xfffe,0xffff,0xffff,0xfffe,0xffdb,0xffdb,0xffdb,0xffdb,
    0xffdb,0xffdb,0xfffe,0xffff,0xffff,0xfffe,0xfffd,0xfffd,0xfffe,0xffff,0xffff,0xfffe,
    0xffdb,0xffdb,0xffdb,0xffdb,0xffdb,0xffdb,0xfffe,0xffff,0xffff,0xfffe,0xfffd,0xfffd,
    0xfffe,0xffff,0xffff,0xfffe,0xffdb,0xffdb,0xffdb,0xffdb,0xffdb,0xffdb,0xfffe,0xffff,
    0xffff,0xfffe,0xfffd,0xfffd,0xfffe,0xffff,0xffff,0xfffe,0xffff,0xffff,0xffdb,0xffdb,
    0xffdb,0xffdb,0xffff,0xffff,0xffff,0xffff,0xffff,0xffff,0xffff,0xffff,0xffff,0xffdb,
    0xffdb,0xffdb,0xffdb,0xffdb,0xffdb,0xffdb,0xffdb,0xffff,0xffff,0xffff,0xffff,0xffff,
    0xffff,0xffff,0xffff,0xffdb,0xffdb,0xffdb,0xffdb,0xffdb,0xffdb,0xffdb,0xffdb,0xffff,
    0xffff,0xffff,0xffff,0xffff,0xffff,0xffff,0xffff,0xffdb,0xffdb,0xffdb,0xffdb,0xffdb,
    0xffdb,0xffdb,0xffdb,0xffff,0xffff,0xffff,0xffff,0xffff,0xffff,0xffff,0xffff,0xffdb,
    0xffdb,0xffdb,0xffdb,0xffdb,0xffdb,0xffdb,0xffdb,0xffff,0xffff,0xffff,0xffff,0xffff,
    0xffff,0xffff,0xffff,0xffdb,0xffdb,0xffdb,0xffdb,0xffdb,0xffdb,0xffdb,0xffdb,0xffff,
    0xffff,0xffff,0xffff,0xffff,0xffff,0xff72,0xff72,0xff72,0xff72,0xff72,0xff72,0xff72,
    0xff72,0xff72,0xff72,0xff72,0xff72,0xff72,0xff72,0xff72,0xff72,0xff72,0xff72,0xff72,
    0xff72,0xff72,0xff72,0xff72,0xff72,0xff72,0xff72,0xff72,0xff72,0xff72,0xff72,0xff72,
    0xff72,0xff72,0xff72,0xff72,0xff72,0xff72,0xff72,0xff72,0xff72,0xff72,0xff72,0xff72,
    0xff72,0xff72,0xff72,0xff72,0xff72,0xff72,0xff72,0xff72,0xff72,0xff72,0xff72,0xff72,
    0xff72,0xff72,0xff72,0xff72,0xff72,0xff72,0xff72,0xff72,0xff72,0xff72,0xff72,0xff72,
    0xff72,0xff72,0xff72,0xff72,0xff72,0xff72,0xff72,0xff72,0xff72,0xffff,0xffff,0xffff,
    0xffff,0xffff,0xffff,0xffdb,0xffdb,0xffdb,0xffdb,0xffdb,0xffdb,0xffdb,0xffdb,0xffff,
    0xffff,0xffff,0xffff,0xffff,0xffff,0xffff,0xffff,0xffdb,0xffdb,0xffdb,0xffdb,0xffdb,
    0xffdb,0xffdb,0xffdb,0xffff,0xffff,0xffff,0xffff,0xffff,0xffff,0xffff,0xffff,0xffdb,
    0xffdb,0xffdb,0xffdb,0xffdb,0xffdb,0xffdb,0xffdb,0xffff,0xffff,0xffff,0xffff,0xffff,
    0xffff,0xffff,0xffff,0xffdb,0xffdb,0xffdb,0xffdb,0xffdb,0xffdb,0xffdb,0xffdb,0xffff,
    0xffff,0xffff,0xffff,0xffff,0xffff,0xffff,0xffff,0xffdb,0xffdb,0xffdb,0xffdb,0xffdb,
    0xffdb,0xffdb,0xffdb,0xffff,0xffff,0xffff,0xffff,0xffff,0xffff,0xffff,0xffff,0xffdb,
    0xffff,0xffff,0xffdb,0xffdb,0xffdb,0xffdb,0xffdc,0xffff,0xffff,0xffff,0xffff,0xffff,
    0xffff,0xffff,0xffdc,0xffdb,0xffdb,0xffdb,0xffdb,0xffdb,0xffdb,0xffdb,0xffdb,0xffdc,
    0xffff,0xffff,0xffff,0xffff,0xffff,0xffff,0xffdc,0xffdb,0xffdb,0xffdb,0xffdb,0xffdb,
    0xffdb,0xffdb,0xffdb,0xffdc,0xffff,0xffff,0xffff,0xffff,0xffff,0xffff,0xffdc,0xffdb,
    0xffdb,0xffdb,0xffdb,0xffdb,0xffdb,0xffdb,0xffdb,0xffdc,0xffff,0xffff,0xffff,0xffff,
    0xffff,0xffff,0xffdc,0xffdb,0xffdb,0xffdb,0xffdb,0xffdb,0xffdb,0xffdb,0xffdb,0xffdc,
    0xffff,0xffff,0xffff,0xffff,0xffff,0xffff,0xffdc,0xffdb,0xffdb,0xffdb,0xffdb,0xffdb,
    0xffdb,0xffdb,0xffdb,0xffdc,0xffff,0xffff,0xffff,0xffff,0xffff,0xff72,0xff72,0xff72,
    0xff72,0xff72,0xff72,0xff72,0xff72,0xff72,0xff72,0xff72,0xff72,0xff72,0xff72,0xff72,
    0xff72,0xff72,0xff72,0xff72,0xff72,0xff72,0xff72,0xff72,0xff72,0xff72,0xff72,0xff72,
    0xff72,0xff72,0xff72,0xff72,0xff72,0xff72,0xff72,0xff72,0xff72,0xff72,0xff72,0xff72,
    0xff72,0xff72,0xff72,0xff72,0xff72,0xff72,0xff72,0xff72,0xff72,0xff72,0xff72,0xff72,
    0xff72,0xff72,0xff72,0xff72,0xff72,0xff72,0xff72,0xff72,0xff72,0xff72,0xff72,0xff72,
    0xff72,0xff72,0xff72,0xff72,0xff72,0xff72,0xff72,0xff72,0xff72,0xff72,0xff72,0xff72,
    0xff72,0xffff,0xffff,0xffff,0xffff,0xffff,0xffdc,0xffdb,0xffdb,0xffdb,0xffdb,0xffdb,
    0xffdb,0xffdb,0xffdb,0xffdc,0xffff,0xffff,0xffff,0xffff,0xffff,0xffff,0xffdc,0xffdb,
    0xffdb,0xffdb,0xffdb,0xffdb,0xffdb,0xffdb,0xffdb,0xffdc,0xffff,0xffff,0xffff,0xffff,
    0xffff,0xffff,0xffdc,0xffdb,0xffdb,0xffdb,0xffdb,0xffdb,0xffdb,0xffdb,0xffdb,0xffdc,
    0xffff,0xffff,0xffff,0xffff,0xffff,0xffff,0xffdc,0xffdb,0xffdb,0xffdb,0xffdb,0xffdb,
    0xffdb,0xffdb,0xffdb,0xffdc,0xffff,0xffff,0xffff,0xffff,0xffff,0xffff,0xffdc,0xffdb,
    0xffdb,0xffdb,0xffdb,0xffdb,0xffdb,0xffdb,0xffdb,0xffdc,0xffff,0xffff,0xffff,0xffff,
    0xffff,0xffff,0xffdc,0xffdb,0xffff,0xffff,0xffdb,0xffdb,0xffdb,0xffdb,0xffdb,0xffff,
    0xffff,0xffff,0xffff,0xffff,0xffff,0xffff,0xffdb,0xffdb,0xffdb,0xffdb,0xffdb,0xffdb,
    0xffdb,0xffdb,0xffdb,0xffdb,0xffff,0xffff,0xffff,0xffff,0xffff,0xffff,0xffdb,0xffdb,
    0xffdb,0xffdb,0xffdb,0xffdb,0xffdb,0xffdb,0xffdb,0xffdb,0xffff,0xffff,0xffff,0xffff,
    0xffff,0xffff,0xffdb,0xffdb,0xffdb,0xffdb,0xffdb,0xffdb,0xffdb,0xffdb,0xffdb,0xffdb,
    0xffff,0xffff,0xffff,0xffff,0xffff,0xffff,0xffdb,0xffdb,0xffdb,0xffdb,0xffdb,0xffdb,
    0xffdb,0xffdb,0xffdb,0xffdb,0xffff,0xffff,0xffff,0xffff,0xffff,0xffff,0xffdb,0xffdb,
    0xffdb,0xffdb,0xffdb,0xffdb,0xffdb,0xffdb,0xffdb,0xffdb,0xffff,0xffff,0xffff,0xffff,
    0xffff,0xff72,0xff72,0xff72,0xff72,0xff72,0xff72,0xff72,0xff72,0xff72,0xff72,0xff72,
    0xff72,0xff72,0xff72,0xff72,0xff72,0xff72,0xff72,0xff72,0xff72,0xff72,0xff72,0xff72,
    0xff72,0xff72,0xff72,0xff72,0xff72,0xff72,0xff72,0xff72,0xff72,0xff72,0xff72,0xff72,
    0xff72,0xff72,0xff72,0xff72,0xff72,0xff72,0xff72,0xff72,0xff72,0xff72,0xff72,0xff72,
    0xff72,0xff72,0xff72,0xff72,0xff72,0xff72,0xff72,0xff72,0xff72,0xff72,0xff72,0xff72,
    0xff72,0xff72,0xff72,0xff72,0xff72,0xff72,0xff72,0xff72,0xff72,0xff72,0xff72,0xff72,
    0xff72,0xff72,0xff72,0xff72,0xff72,0xffff,0xffff,0xffff,0xffff,0xffff,0xffdb,0xffdb,
    0xffdb,0xffdb,0xffdb,0xffdb,0xffdb,0xffdb,0xffdb,0xffdb,0xffff,0xffff,0xffff,0xffff,
    0xffff,0xffff,0xffdb,0xffdb,0xffdb,0xffdb,0xffdb,0xffdb,0xffdb,0xffdb,0xffdb,0xffdb,
    0xffff,0xffff,0xffff,0xffff,0xffff,0xffff,0xffdb,0xffdb,0xffdb,0xffdb,0xffdb,0xffdb,
    0xffdb,0xffdb,0xffdb,0xffdb,0xffff,0xffff,0xffff,0xffff,0xffff,0xffff,0xffdb,0xffdb,
    0xffdb,0xffdb,0xffdb,0xffdb,0xffdb,0xffdb,0xffdb,0xffdb,0xffff,0xffff,0xffff,0xffff,
    0xffff,0xffff,0xffdb,0xffdb,0xffdb,0xffdb,0xffdb,0xffdb,0xffdb,0xffdb,0xffdb,0xffdb,
    0xffff,0xffff,0xffff,0xffff,0xffff,0xffff,0xffdb,0xffdb,0xffff,0xffff,0xffdb,0xffdb,
    0xffdb,0xffdb,0xffdb,0xffff,0xffff,0xffff,0xffff,0xffff,0xffff,0xffff,0xffdb,0xffdb,
    0xffdb,0xffdb,0xffdb,0xffdb,0xffdb,0xffdb,0xffdb,0xffdb,0xffff,0xffff,0xffff,0xffff,
    0xffff,0xffff,0xffdb,0xffdb,0xffdb,0xffdb,0xffdb,0xffdb,0xffdb,0xffdb,0xffdb,0xffdb,
    0xffff,0xffff,0xffff,0xffff,0xffff,0xffff,0xffdb,0xffdb,0xffdb,0xffdb,0xffdb,0xffdb,
    0xffdb,0xffdb,0xffdb,0xffdb,0xffff,0xffff,0xffff,0xffff,0xffff,0xffff,0xffdb,0xffdb,
    0xffdb,0xffdb,0xffdb,0xffdb,0xffdb,0xffdb,0xffdb,0xffdb,0xffff,0xffff,0xffff,0xffff,
    0xffff,0xffff,0xffdb,0xffdb,0xffdb,0xffdb,0xffdb,0xffdb,0xffdb,0xffdb,0xffdb,0xffdb,
    0xffff,0xffff,0xffff,0xffff,0xffff,0xff72,0xff72,0xff72,0xff72,0xff72,0xff72,0xff72,
    0xff72,0xff72,0xff72,0xff72,0xff72,0xff72,0xff72,0xff72,0xff72,0xff72,0xff72,0xff72,
    0xff72,0xff72,0xff72,0xff72,0xff72,0xff72,0xff72,0xff72,0xff72,0xff72,0xff72,0xff72,
    0xff72,0xff72,0xff72,0xff72,0xff72,0xff72,0xff72,0xff72,0xff72,0xff72,0xff72,0xff72,
    0xff72,0xff72,0xff72,0xff72,0xff72,0xff72,0xff72,0xff72,0xff72,0xff72,0xff72,0xff72,
    0xff72,0xff72,0xff72,0xff72,0xff72,0xff72,0xff72,0xff72,0xff72,0xff72,0xff72,0xff72,
    0xff72,0xff72,0xff72,0xff72,0xff72,0xff72,0xff72,0xff72,0xff72,0xffff,0xffff,0xffff,
    0xffff,0xffff,0xffdb,0xffdb,0xffdb,0xffdb,0xffdb,0xffdb,0xffdb,0xffdb,0xffdb,0xffdb,
    0xffff,0xffff,0xffff,0xffff,0xffff,0xffff,0xffdb,0xffdb,0xffdb,0xffdb,0xffdb,0xffdb,
    0xffdb,0xffdb,0xffdb,0xffdb,0xffff,0xffff,0xffff,0xffff,0xffff,0xffff,0xffdb,0xffdb,
    0xffdb,0xffdb,0xffdb,0xffdb,0xffdb,0xffdb,0xffdb,0xffdb,0xffff,0xffff,0xffff,0xffff,
    0xffff,0xffff,0xffdb,0xffdb,0xffdb,0xffdb,0xffdb,0xffdb,0xffdb,0xffdb,0xffdb,0xffdb,
    0xffff,0xffff,0xffff,0xffff,0xffff,0xffff,0xffdb,0xffdb,0xffdb,0xffdb,0xffdb,0xffdb,
    0xffdb,0xffdb,0xffdb,0xffdb,0xffff,0xffff,0xffff,0xffff,0xffff,0xffff,0xffdb,0xffdb,
    0xffff,0xffff,0xffdb,0xffdb,0xffdb,0xffdb,0xffdc,0xffff,0xffff,0xffff,0xffff,0xffff,
    0xffff,0xffff,0xffdc,0xffdb,0xffdb,0xffdb,0xffdb,0xffdb,0xffdb,0xffdb,0xffdb,0xffdc,
    0xffff,0xffff,0xffff,0xffff,0xffff,0xffff,0xffdc,0xffdb,0xffdb,0xffdb,0xffdb,0xffdb,
    0xffdb,0xffdb,0xffdb,0xffdc,0xffff,0xffff,0xffff,0xffff,0xffff,0xffff,0xffdc,0xffdb,
    0xffdb,0xffdb,0xffdb,0xffdb,0xffdb,0xffdb,0xffdb,0xffdc,0xffff,0xffff,0xffff,0xffff,
    0xffff,0xffff,0xffdc,0xffdb,0xffdb,0xffdb,0xffdb,0xffdb,0xffdb,0xffdb,0xffdb,0xffdc,
    0xffff,0xffff,0xffff,0xffff,0xffff,0xffff,0xffdc,0xffdb,0xffdb,0xffdb,0xffdb,0xffdb,
    0xffdb,0xffdb,0xffdb,0xffdc,0xffff,0xffff,0xffff,0xffff,0xffff,0xff72,0xff72,0xff72,
    0xff72,0xff72,0xff72,0xff72,0xff72,0xff72,0xff72,0xff72,0xff72,0xff72,0xff72,0xff72,
    0xff72,0xff72,0xff72,0xff72,0xff72,0xff72,0xff72,0xff72,0xff72,0xff72,0xff72,0xff72,
    0xff72,0xff72,0xff72,0xff72,0xff72,0xff72,0xff72,0xff72,0xff72,0xff72,0xff72,0xff72,
    0xff72,0xff72,0xff72,0xff72,0xff72,0xff72,0xff72,0xff72,0xff72,0xff72,0xff72,0xff72,
    0xff72,0xff72,0xff72,0xff72,0xff72,0xff72,0xff72,0xff72,0xff72,0xff72,0xff72,0xff72,
    0xff72,0xff72,0xff72,0xff72,0xff72,0xff72,0xff72,0xff72,0xff72,0xff72,0xff72,0xff72,
    0xff72,0xffff,0xffff,0xffff,0xffff,0xffff,0xffdc,0xffdb,0xffdb,0xffdb,0xffdb,0xffdb,
    0xffdb,0xffdb,0xffdb,0xffdc,0xffff,0xffff,0xffff,0xffff,0xffff,0xffff,0xffdc,0xffdb,
    0xffdb,0xffdb,0xffdb,0xffdb,0xffdb,0xffdb,0xffdb,0xffdc,0xffff,0xffff,0xffff,0xffff,
    0xffff,0xffff,0xffdc,0xffdb,0xffdb,0xffdb,0xffdb,0xffdb,0xffdb,0xffdb,0xffdb,0xffdc,
    0xffff,0xffff,0xffff,0xffff,0xffff,0xffff,0xffdc,0xffdb,0xffdb,0xffdb,0xffdb,0xffdb,
    0xffdb,0xffdb,0xffdb,0xffdc,0xffff,0xffff,0xffff,0xffff,0xffff,0xffff,0xffdc,0xffdb,
    0xffdb,0xffdb,0xffdb,0xffdb,0xffdb,0xffdb,0xffdb,0xffdc,0xffff,0xffff,0xffff,0xffff,
    0xffff,0xffff,0xffdc,0xffdb,0xffff,0xffff,0xffdb,0xffdb,0xffdb,0xffdb,0xffff,0xffff,
    0xffff,0xffff,0xffff,0xffff,0xffff,0xffff,0xffff,0xffdb,0xffdb,0xffdb,0xffdb,0xffdb,
    0xffdb,0xffdb,0xffdb,0xffff,0xffff,0xffff,0xffff,0xffff,0xffff,0xffff,0xffff,0xffdb,
    0xffdb,0xffdb,0xffdb,0xffdb,0xffdb,0xffdb,0xffdb,0xffff,0xffff,0xffff,0xffff,0xffff,
    0xffff,0xffff,0xffff,0xffdb,0xffdb,0xffdb,0xffdb,0xffdb,0xffdb,0xffdb,0xffdb,0xffff,
    0xffff,0xffff,0xffff,0xffff,0xffff,0xffff,0xffff,0xffdb,0xffdb,0xffdb,0xffdb,0xffdb,
    0xffdb,0xffdb,0xffdb,0xffff,0xffff,0xffff,0xffff,0xffff,0xffff,0xffff,0xffff,0xffdb,
    0xffdb,0xffdb,0xffdb,0xffdb,0xffdb,0xffdb,0xffdb,0xffff,0xffff,0xffff,0xffff,0xffff,
    0xffff,0xff72,0xff72,0xff72,0xff72,0xff72,0xff72,0xff72,0xff72,0xff72,0xff72,0xff72,
    0xff72,0xff72,0xff72,0xff72,0xff72,0xff72,0xff72,0xff72,0xff72,0xff72,0xff72,0xff72,
    0xff72,0xff72,0xff72,0xff72,0xff72,0xff72,0xff72,0xff72,0xff72,0xff72,0xff72,0xff72,
    0xff72,0xff72,0xff72,0xff72,0xff72,0xff72,0xff72,0xff72,0xff72,0xff72,0xff72,0xff72,
    0xff72,0xff72,0xff72,0xff72,0xff72,0xff72,0xff72,0xff72,0xff72,0xff72,0xff72,0xff72,
    0xff72,0xff72,0xff72,0xff72,0xff72,0xff72,0xff72,0xff72,0xff72,0xff72,0xff72,0xff72,
    0xff72,0xff72,0xff72,0xff72,0xff72,0xffff,0xffff,0xffff,0xffff,0xffff,0xffff,0xffdb,
    0xffdb,0xffdb,0xffdb,0xffdb,0xffdb,0xffdb,0xffdb,0xffff,0xffff,0xffff,0xffff,0xffff,
    0xffff,0xffff,0xffff,0xffdb,0xffdb,0xffdb,0xffdb,0xffdb,0xffdb,0xffdb,0xffdb,0xffff,
    0xffff,0xffff,0xffff,0xffff,0xffff,0xffff,0xffff,0xffdb,0xffdb,0xffdb,0xffdb,0xffdb,
    0xffdb,0xffdb,0xffdb,0xffff,0xffff,0xffff,0xffff,0xffff,0xffff,0xffff,0xffff,0xffdb,
    0xffdb,0xffdb,0xffdb,0xffdb,0xffdb,0xffdb,0xffdb,0xffff,0xffff,0xffff,0xffff,0xffff,
    0xffff,0xffff,0xffff,0xffdb,0xffdb,0xffdb,0xffdb,0xffdb,0xffdb,0xffdb,0xffdb,0xffff,
    0xffff,0xffff,0xffff,0xffff,0xffff,0xffff,0xffff,0xffdb,0xffff,0xffff,0xffdb,0xffdb,
    0xffdb,0xfffe,0xffff,0xffff,0xfffd,0xffdb,0xffdb,0xffdb,0xffdb,0xfffd,0xffff,0xfffe,
    0xffdb,0xffdb,0xffdb,0xffdb,0xffdb,0xffdb,0xfffe,0xffff,0xfffd,0xffdb,0xffdb,0xffdb,
    0xffdb,0xfffd,0xffff,0xfffe,0xffdb,0xffdb,0xffdb,0xffdb,0xffdb,0xffdb,0xfffe,0xffff,
    0xfffd,0xffdb,0xffdb,0xffdb,0xffdb,0xfffd,0xffff,0xfffe,0xffdb,0xffdb,0xffdb,0xffdb,
    0xffdb,0xffdb,0xfffe,0xffff,0xfffd,0xffdb,0xffdb,0xffdb,0xffdb,0xfffd,0xffff,0xfffe,
    0xffdb,0xffdb,0xffdb,0xffdb,0xffdb,0xffdb,0xfffe,0xffff,0xfffd,0xffdb,0xffdb,0xffdb,
    0xffdb,0xfffd,0xffff,0xfffe,0xffdb,0xffdb,0xffdb,0xffdb,0xffdb,0xffdb,0xfffe,0xffff,
    0xfffd,0xffdb,0xffdb,0xffdb,0xffdb,0xff72,0xff72,0xff72,0xff72,0xff72,0xff72,0xff72,
    0xff72,0xff72,0xff72,0xff72,0xff72,0xff72,0xff72,0xff72,0xff72,0xff72,0xff72,0xff72,
    0xff72,0xff72,0xff72,0xff72,0xff72,0xff72,0xff72,0xff72,0xff72,0xff72,0xff72,0xff72,
    0xff72,0xff72,0xff72,0xff72,0xff72,0xff72,0xff72,0xff72,0xff72,0xff72,0xff72,0xff72,
    0xff72,0xff72,0xff72,0xff72,0xff72,0xff72,0xff72,0xff72,0xff72,0xff72,0xff72,0xff72,
    0xff72,0xff72,0xff72,0xff72,0xff72,0xff72,0xff72,0xff72,0xff72,0xff72,0xff72,0xff72,
    0xff72,0xff72,0xff72,0xff72,0xff72,0xff72,0xff72,0xff72,0xff72,0xffdb,0xffdb,0xffdb,
    0xffdb,0xfffd,0xffff,0xfffe,0xffdb,0xffdb,0xffdb,0xffdb,0xffdb,0xffdb,0xfffe,0xffff,
    0xfffd,0xffdb,0xffdb,0xffdb,0xffdb,0xfffd,0xffff,0xfffe,0xffdb,0xffdb,0xffdb,0xffdb,
    0xffdb,0xffdb,0xfffe,0xffff,0xfffd,0xffdb,0xffdb,0xffdb,0xffdb,0xfffd,0xffff,0xfffe,
    0xffdb,0xffdb,0xffdb,0xffdb,0xffdb,0xffdb,0xfffe,0xffff,0xfffd,0xffdb,0xffdb,0xffdb,
    0xffdb,0xfffd,0xffff,0xfffe,0xffdb,0xffdb,0xffdb,0xffdb,0xffdb,0xffdb,0xfffe,0xffff,
    0xfffd,0xffdb,0xffdb,0xffdb,0xffdb,0xfffd,0xffff,0xfffe,0xffdb,0xffdb,0xffdb,0xffdb,
    0xffdb,0xffdb,0xfffe,0xffff,0xfffd,0xffdb,0xffdb,0xffdb,0xffdb,0xfffd,0xffff,0xfffe,
    0xffff,0xffff,0xffdc,0xffdc,0xffff,0xffff,0xffff,0xffdb,0xffdb,0xffdb,0xffdb,0xffdb,
    0xffdb,0xffdb,0xffdb,0xffff,0xffff,0xffdc,0xffdb,0xffdb,0xffdc,0xffff,0xffff,0xffdb,
    0xffdb,0xffdb,0xffdb,0xffdb,0xffdb,0xffdb,0xffdb,0xffff,0xffff,0xffdc,0xffdb,0xffdb,
    0xffdc,0xffff,0xffff,0xffdb,0xffdb,0xffdb,0xffdb,0xffdb,0xffdb,0xffdb,0xffdb,0xffff,
    0xffff,0xffdc,0xffdb,0xffdb,0xffdc,0xffff,0xffff,0xffdb,0xffdb,0xffdb,0xffdb,0xffdb,
    0xffdb,0xffdb,0xffdb,0xffff,0xffff,0xffdc,0xffdb,0xffdb,0xffdc,0xffff,0xffff,0xffdb,
    0xffdb,0xffdb,0xffdb,0xffdb,0xffdb,0xffdb,0xffdb,0xffff,0xffff,0xffdc,0xffdb,0xffdb,
    0xffdc,0xffff,0xffff,0xffdb,0xffdb,0xffdb,0xffdb,0xffdb,0xffdb,0xff72,0xff72,0xff72,
    0xff72,0xff72,0xff72,0xff72,0xff72,0xff72,0xff72,0xff72,0xff72,0xff72,0xff72,0xff72,
    0xff72,0xff72,0xff72,0xff72,0xff72,0xff72,0xff72,0xff72,0xff72,0xff72,0xff72,0xff72,
    0xff72,0xff72,0xff72,0xff72,0xff72,0xff72,0xff72,0xff72,0xff72,0xff72,0xff72,0xff72,
    0xff72,0xff72,0xff72,0xff72,0xff72,0xff72,0xff72,0xff72,0xff72,0xff72,0xff72,0xff72,
    0xff72,0xff72,0xff72,0xff72,0xff72,0xff72,0xff72,0xff72,0xff72,0xff72,0xff72,0xff72,
    0xff72,0xff72,0xff72,0xff72,0xff72,0xff72,0xff72,0xff72,0xff72,0xff72,0xff72,0xff72,
    0xff72,0xffdb,0xffdb,0xffdb,0xffdb,0xffdb,0xffdb,0xffff,0xffff,0xffdc,0xffdb,0xffdb,
    0xffdc,0xffff,0xffff,0xffdb,0xffdb,0xffdb,0xffdb,0xffdb,0xffdb,0xffdb,0xffdb,0xffff,
    0xffff,0xffdc,0xffdb,0xffdb,0xffdc,0xffff,0xffff,0xffdb,0xffdb,0xffdb,0xffdb,0xffdb,
    0xffdb,0xffdb,0xffdb,0xffff,0xffff,0xffdc,0xffdb,0xffdb,0xffdc,0xffff,0xffff,0xffdb,
    0xffdb,0xffdb,0xffdb,0xffdb,0xffdb,0xffdb,0xffdb,0xffff,0xffff,0xffdc,0xffdb,0xffdb,
    0xffdc,0xffff,0xffff,0xffdb,0xffdb,0xffdb,0xffdb,0xffdb,0xffdb,0xffdb,0xffdb,0xffff,
    0xffff,0xffdc,0xffdb,0xffdb,0xffdc,0xffff,0xffff,0xffdb,0xffdb,0xffdb,0xffdb,0xffdb,
    0xffdb,0xffdb,0xffdb,0xffff,0xffff,0xffff,0xffff,0xffff,0xffff,0xffff,0xfffd,0xffdb,
    0xffdb,0xffdb,0xffdb,0xffdb,0xffdb,0xffdb,0xffdb,0xfffd,0xffff,0xffff,0xffff,0xffff,
    0xffff,0xffff,0xfffd,0xffdb,0xffdb,0xffdb,0xffdb,0xffdb,0xffdb,0xffdb,0xffdb,0xfffd,
    0xffff,0xffff,0xffff,0xffff,0xffff,0xffff,0xfffd,0xffdb,0xffdb,0xffdb,0xffdb,0xffdb,
    0xffdb,0xffdb,0xffdb,0xfffd,0xffff,0xffff,0xffff,0xffff,0xffff,0xffff,0xfffd,0xffdb,
    0xffdb,0xffdb,0xffdb,0xffdb,0xffdb,0xffdb,0xffdb,0xfffd,0xffff,0xffff,0xffff,0xffff,
    0xffff,0xffff,0xfffd,0xffdb,0xffdb,0xffdb,0xffdb,0xffdb,0xffdb,0xffdb,0xffdb,0xfffd,
    0xffff,0xffff,0xffff,0xffff,0xffff,0xffff,0xfffd,0xffdb,0xffdb,0xffdb,0xffdb,0xffdb,
    0xffdb,0xff72,0xff72,0xff72,0xff72,0xff72,0xff72,0xff72,0xff72,0xff72,0xff72,0xff72,
    0xff72,0xff72,0xff72,0xff72,0xff72,0xff72,0xff72,0xff72,0xff72,0xff72,0xff72,0xff72,
    0xff72,0xff72,0xff72,0xff72,0xff72,0xff72,0xff72,0xff72,0xff72,0xff72,0xff72,0xff72,
    0xff72,0xff72,0xff72,0xff72,0xff72,0xff72,0xff72,0xff72,0xff72,0xff72,0xff72,0xff72,
    0xff72,0xff72,0xff72,0xff72,0xff72,0xff72,0xff72,0xff72,0xff72,0xff72,0xff72,0xff72,
    0xff72,0xff72,0xff72,0xff72,0xff72,0xff72,0xff72,0xff72,0xff72,0xff72,0xff72,0xff72,
    0xff72,0xff72,0xff72,0xff72,0xff72,0xffdb,0xffdb,0xffdb,0xffdb,0xffdb,0xffdb,0xfffd,
    0xffff,0xffff,0xffff,0xffff,0xffff,0xffff,0xfffd,0xffdb,0xffdb,0xffdb,0xffdb,0xffdb,
    0xffdb,0xffdb,0xffdb,0xfffd,0xffff,0xffff,0xffff,0xffff,0xffff,0xffff,0xfffd,0xffdb,
    0xffdb,0xffdb,0xffdb,0xffdb,0xffdb,0xffdb,0xffdb,0xfffd,0xffff,0xffff,0xffff,0xffff,
    0xffff,0xffff,0xfffd,0xffdb,0xffdb,0xffdb,0xffdb,0xffdb,0xffdb,0xffdb,0xffdb,0xfffd,
    0xffff,0xffff,0xffff,0xffff,0xffff,0xffff,0xfffd,0xffdb,0xffdb,0xffdb,0xffdb,0xffdb,
    0xffdb,0xffdb,0xffdb,0xfffd,0xffff,0xffff,0xffff,0xffff,0xffff,0xffff,0xfffd,0xffdb,
    0xffdb,0xffdb,0xffdb,0xffdb,0xffdb,0xffdb,0xffdb,0xfffd,0xffff,0xffff,0xffff,0xffff,
    0xffff,0xffff,0xffdb,0xffdb,0xffdb,0xffdb,0xffdb,0xffdb,0xffdb,0xffdb,0xffdb,0xffdb,
    0xffff,0xffff,0xffff,0xffff,0xffff,0xffff,0xffdb,0xffdb,0xffdb,0xffdb,0xffdb,0xffdb,
    0xffdb,0xffdb,0xffdb,0xffdb,0xffff,0xffff,0xffff,0xffff,0xffff,0xffff,0xffdb,0xffdb,
    0xffdb,0xffdb,0xffdb,0xffdb,0xffdb,0xffdb,0xffdb,0xffdb,0xffff,0xffff,0xffff,0xffff,
    0xffff,0xffff,0xffdb,0xffdb,0xffdb,0xffdb,0xffdb,0xffdb,0xffdb,0xffdb,0xffdb,0xffdb,
    0xffff,0xffff,0xffff,0xffff,0xffff,0xffff,0xffdb,0xffdb,0xffdb,0xffdb,0xffdb,0xffdb,
    0xffdb,0xffdb,0xffdb,0xffdb,0xffff,0xffff,0xffff,0xffff,0xffff,0xffff,0xffdb,0xffdb,
    0xffdb,0xffdb,0xffdb,0xffdb,0xffdb,0xff72,0xff72,0xff72,0xff72,0xff72,0xff72,0xff72,
    0xff72,0xff72,0xff72,0xff72,0xff72,0xff72,0xff72,0xff72,0xff72,0xff72,0xff72,0xff72,
    0xff72,0xff72,0xff72,0xff72,0xff72,0xff72,0xff72,0xff72,0xff72,0xff72,0xff72,0xff72,
    0xff72,0xff72,0xff72,0xff72,0xff72,0xff72,0xff72,0xff72,0xff72,0xff72,0xff72,0xff72,
    0xff72,0xff72,0xff72,0xff72,0xff72,0xff72,0xff72,0xff72,0xff72,0xff72,0xff72,0xff72,
    0xff72,0xff72,0xff72,0xff72,0xff72,0xff72,0xff72,0xff72,0xff72,0xff72,0xff72,0xff72,
    0xff72,0xff72,0xff72,0xff72,0xff72,0xff72,0xff72,0xff72,0xff72,0xffdb,0xffdb,0xffdb,
    0xffdb,0xffdb,0xffdb,0xffdb,0xffff,0xffff,0xffff,0xffff,0xffff,0xffff,0xffdb,0xffdb,
    0xffdb,0xffdb,0xffdb,0xffdb,0xffdb,0xffdb,0xffdb,0xffdb,0xffff,0xffff,0xffff,0xffff,
    0xffff,0xffff,0xffdb,0xffdb,0xffdb,0xffdb,0xffdb,0xffdb,0xffdb,0xffdb,0xffdb,0xffdb,
    0xffff,0xffff,0xffff,0xffff,0xffff,0xffff,0xffdb,0xffdb,0xffdb,0xffdb,0xffdb,0xffdb,
    0xffdb,0xffdb,0xffdb,0xffdb,0xffff,0xffff,0xffff,0xffff,0xffff,0xffff,0xffdb,0xffdb,
    0xffdb,0xffdb,0xffdb,0xffdb,0xffdb,0xffdb,0xffdb,0xffdb,0xffff,0xffff,0xffff,0xffff,
    0xffff,0xffff,0xffdb,0xffdb,0xffdb,0xffdb,0xffdb,0xffdb,0xffdb,0xffdb,0xffdb,0xffdb,
    0xffff,0xffff,0xffff,0xffff,0xffff,0xffff,0xffdb,0xffdb,0xffdb,0xffdb,0xffdb,0xffdb,
    0xffdb,0xffdb,0xffdb,0xffdb,0xffff,0xffff,0xffff,0xffff,0xffff,0xffff,0xffdb,0xffdb,
    0xffdb,0xffdb,0xffdb,0xffdb,0xffdb,0xffdb,0xffdb,0xffdb,0xffff,0xffff,0xffff,0xffff,
    0xffff,0xffff,0xffdb,0xffdb,0xffdb,0xffdb,0xffdb,0xffdb,0xffdb,0xffdb,0xffdb,0xffdb,
    0xffff,0xffff,0xffff,0xffff,0xffff,0xffff,0xffdb,0xffdb,0xffdb,0xffdb,0xffdb,0xffdb,
    0xffdb,0xffdb,0xffdb,0xffdb,0xffff,0xffff,0xffff,0xffff,0xffff,0xffff,0xffdb,0xffdb,
    0xffdb,0xffdb,0xffdb,0xffdb,0xffdb,0xffdb,0xffdb,0xffdb,0xffff,0xffff,0xffff,0xffff,
    0xffff,0xffff,0xffdb,0xffdb,0xffdb,0xffdb,0xffdb,0xffdb,0xffdb,0xff72,0xff72,0xff72,
    0xff72,0xff72,0xff72,0xff72,0xff72,0xff72,0xff72,0xff72,0xff72,0xff72,0xff72,0xff72,
    0xff72,0xff72,0xff72,0xff72,0xff72,0xff72,0xff72,0xff72,0xff72,0xff72,0xff72,0xff72,
    0xff72,0xff72,0xff72,0xff72,0xff72,0xff72,0xff72,0xff72,0xff72,0xff72,0xff72,0xff72,
    0xff72,0xff72,0xff72,0xff72,0xff72,0xff72,0xff72,0xff72,0xff72,0xff72,0xff72,0xff72,
    0xff72,0xff72,0xff72,0xff72,0xff72,0xff72,0xff72,0xff72,0xff72,0xff72,0xff72,0xff72,
    0xff72,0xff72,0xff72,0xff72,0xff72,0xff72,0xff72,0xff72,0xff72,0xff72,0xff72,0xff72,
    0xff72,0xffdb,0xffdb,0xffdb,0xffdb,0xffdb,0xffdb,0xffdb,0xffff,0xffff,0xffff,0xffff,
    0xffff,0xffff,0xffdb,0xffdb,0xffdb,0xffdb,0xffdb,0xffdb,0xffdb,0xffdb,0xffdb,0xffdb,
    0xffff,0xffff,0xffff,0xffff,0xffff,0xffff,0xffdb,0xffdb,0xffdb,0xffdb,0xffdb,0xffdb,
    0xffdb,0xffdb,0xffdb,0xffdb,0xffff,0xffff,0xffff,0xffff,0xffff,0xffff,0xffdb,0xffdb,
    0xffdb,0xffdb,0xffdb,0xffdb,0xffdb,0xffdb,0xffdb,0xffdb,0xffff,0xffff,0xffff,0xffff,
    0xffff,0xffff,0xffdb,0xffdb,0xffdb,0xffdb,0xffdb,0xffdb,0xffdb,0xffdb,0xffdb,0xffdb,
    0xffff,0xffff,0xffff,0xffff,0xffff,0xffff,0xffdb,0xffdb,0xffdb,0xffdb,0xffdb,0xffdb,
    0xffdb,0xffdb,0xffdb,0xffdb,0xffff,0xffff,0xffff,0xffff,0xffff,0xffff,0xffdb,0xffdb,
    0xffdb,0xffdb,0xffdb,0xffdb,0xffdb,0xffdb,0xffdb,0xffdb,0xffff,0xffff,0xffff,0xffff,
    0xffff,0xffff,0xffdb,0xffdb,0xffdb,0xffdb,0xffdb,0xffdb,0xffdb,0xffdb,0xffdb,0xffdb,
    0xffff,0xffff,0xffff,0xffff,0xffff,0xffff,0xffdb,0xffdb,0xffdb,0xffdb,0xffdb,0xffdb,
    0xffdb,0xffdb,0xffdb,0xffdb,0xffff,0xffff,0xffff,0xffff,0xffff,0xffff,0xffdb,0xffdb,
    0xffdb,0xffdb,0xffdb,0xffdb,0xffdb,0xffdb,0xffdb,0xffdb,0xffff,0xffff,0xffff,0xffff,
    0xffff,0xffff,0xffdb,0xffdb,0xffdb,0xffdb,0xffdb,0xffdb,0xffdb,0xffdb,0xffdb,0xffdb,
    0xffff,0xffff,0xffff,0xffff,0xffff,0xffff,0xffdb,0xffdb,0xffdb,0xffdb,0xffdb,0xffdb,
    0xffdb,0xff72,0xff72,0xff72,0xff72,0xff72,0xff72,0xff72,0xff72,0xff72,0xff72,0xff72,
    0xff72,0xff72,0xff72,0xff72,0xff72,0xff72,0xff72,0xff72,0xff72,0xff72,0xff72,0xff72,
    0xff72,0xff72,0xff72,0xff72,0xff72,0xff72,0xff72,0xff72,0xff72,0xff72,0xff72,0xff72,
    0xff72,0xff72,0xff72,0xff72,0xff72,0xff72,0xff72,0xff72,0xff72,0xff72,0xff72,0xff72,
    0xff72,0xff72,0xff72,0xff72,0xff72,0xff72,0xff72,0xff72,0xff72,0xff72,0xff72,0xff72,
    0xff72,0xff72,0xff72,0xff72,0xff72,0xff72,0xff72,0xff72,0xff72,0xff72,0xff72,0xff72,
    0xff72,0xff72,0xff72,0xff72,0xff72,0xffdb,0xffdb,0xffdb,0xffdb,0xffdb,0xffdb,0xffdb,
    0xffff,0xffff,0xffff,0xffff,0xffff,0xffff,0xffdb,0xffdb,0xffdb,0xffdb,0xffdb,0xffdb,
    0xffdb,0xffdb,0xffdb,0xffdb,0xffff,0xffff,0xffff,0xffff,0xffff,0xffff,0xffdb,0xffdb,
    0xffdb,0xffdb,0xffdb,0xffdb,0xffdb,0xffdb,0xffdb,0xffdb,0xffff,0xffff,0xffff,0xffff,
    0xffff,0xffff,0xffdb,0xffdb,0xffdb,0xffdb,0xffdb,0xffdb,0xffdb,0xffdb,0xffdb,0xffdb,
    0xffff,0xffff,0xffff,0xffff,0xffff,0xffff,0xffdb,0xffdb,0xffdb,0xffdb,0xffdb,0xffdb,
    0xffdb,0xffdb,0xffdb,0xffdb,0xffff,0xffff,0xffff,0xffff,0xffff,0xffff,0xffdb,0xffdb,
    0xffdb,0xffdb,0xffdb,0xffdb,0xffdb,0xffdb,0xffdb,0xffdb,0xffff,0xffff,0xffff,0xffff,
    0xffff,0xffff,0xffdb,0xffdb,0xffdb,0xffdb,0xffdb,0xffdb,0xffdb,0xffdb,0xffdb,0xffdb,
    0xffff,0xffff,0xffff,0xffff,0xffff,0xffff,0xffdb,0xffdb,0xffdb,0xffdb,0xffdb,0xffdb,
    0xffdb,0xffdb,0xffdb,0xffdb,0xffff,0xffff,0xffff,0xffff,0xffff,0xffff,0xffdb,0xffdb,
    0xffdb,0xffdb,0xffdb,0xffdb,0xffdb,0xffdb,0xffdb,0xffdb,0xffff,0xffff,0xffff,0xffff,
    0xffff,0xffff,0xffdb,0xffdb,0xffdb,0xffdb,0xffdb,0xffdb,0xffdb,0xffdb,0xffdb,0xffdb,
    0xffff,0xffff,0xffff,0xffff,0xffff,0xffff,0xffdb,0xffdb,0xffdb,0xffdb,0xffdb,0xffdb,
    0xffdb,0xffdb,0xffdb,0xffdb,0xffff,0xffff,0xffff,0xffff,0xffff,0xffff,0xffdb,0xffdb,
    0xffdb,0xffdb,0xffdb,0xffdb,0xffdb,0xff72,0xff72,0xff72,0xff72,0xff72,0xff72,0xff72,
    0xff72,0xff72,0xff72,0xff72,0xff72,0xff72,0xff72,0xff72,0xff72,0xff72,0xff72,0xff72,
    0xff72,0xff72,0xff72,0xff72,0xff72,0xff72,0xff72,0xff72,0xff72,0xff72,0xff72,0xff72,
    0xff72,0xff72,0xff72,0xff72,0xff72,0xff72,0xff72,0xff72,0xff72,0xff72,0xff72,0xff72,
    0xff72,0xff72,0xff72,0xff72,0xff72,0xff72,0xff72,0xff72,0xff72,0xff72,0xff72,0xff72,
    0xff72,0xff72,0xff72,0xff72,0xff72,0xff72,0xff72,0xff72,0xff72,0xff72,0xff72,0xff72,
    0xff72,0xff72,0xff72,0xff72,0xff72,0xff72,0xff72,0xff72,0xff72,0xffdb,0xffdb,0xffdb,
    0xffdb,0xffdb,0xffdb,0xffdb,0xffff,0xffff,0xffff,0xffff,0xffff,0xffff,0xffdb,0xffdb,
    0xffdb,0xffdb,0xffdb,0xffdb,0xffdb,0xffdb,0xffdb,0xffdb,0xffff,0xffff,0xffff,0xffff,
    0xffff,0xffff,0xffdb,0xffdb,0xffdb,0xffdb,0xffdb,0xffdb,0xffdb,0xffdb,0xffdb,0xffdb,
    0xffff,0xffff,0xffff,0xffff,0xffff,0xffff,0xffdb,0xffdb,0xffdb,0xffdb,0xffdb,0xffdb,
    0xffdb,0xffdb,0xffdb,0xffdb,0xffff,0xffff,0xffff,0xffff,0xffff,0xffff,0xffdb,0xffdb,
    0xffdb,0xffdb,0xffdb,0xffdb,0xffdb,0xffdb,0xffdb,0xffdb,0xffff,0xffff,0xffff,0xffff,
    0xffff,0xffff,0xffdb,0xffdb,0xffdb,0xffdb,0xffdb,0xffdb,0xffdb,0xffdb,0xffdb,0xffdb,
    0xffff,0xffff,0xfffe,0xfffe,0xffff,0xffff,0xffdd,0xffdb,0xffdb,0xffdb,0xffdb,0xffdb,
    0xffdb,0xffdb,0xffdb,0xffdd,0xffff,0xfffe,0xfffd,0xfffd,0xfffe,0xffff,0xffdd,0xffdb,
    0xffdb,0xffdb,0xffdb,0xffdb,0xffdb,0xffdb,0xffdb,0xffdd,0xffff,0xfffe,0xfffd,0xfffd,
    0xfffe,0xffff,0xffdd,0xffdb,0xffdb,0xffdb,0xffdb,0xffdb,0xffdb,0xffdb,0xffdb,0xffdd,
    0xffff,0xfffe,0xfffd,0xfffd,0xfffe,0xffff,0xffdd,0xffdb,0xffdb,0xffdb,0xffdb,0xffdb,
    0xffdb,0xffdb,0xffdb,0xffdd,0xffff,0xfffe,0xfffd,0xfffd,0xfffe,0xffff,0xffdd,0xffdb,
    0xffdb,0xffdb,0xffdb,0xffdb,0xffdb,0xffdb,0xffdb,0xffdd,0xffff,0xfffe,0xfffd,0xfffd,
    0xfffe,0xffff,0xffdd,0xffdb,0xffdb,0xffdb,0xffdb,0xffdb,0xffdb,0xff72,0xff72,0xff72,
    0xff72,0xff72,0xff72,0xff72,0xff72,0xff72,0xff72,0xff72,0xff72,0xff72,0xff72,0xff72,
    0xff72,0xff72,0xff72,0xff72,0xff72,0xff72,0xff72,0xff72,0xff72,0xff72,0xff72,0xff72,
    0xff72,0xff72,0xff72,0xff72,0xff72,0xff72,0xff72,0xff72,0xff72,0xff72,0xff72,0xff72,
    0xff72,0xff72,0xff72,0xff72,0xff72,0xff72,0xff72,0xff72,0xff72,0xff72,0xff72,0xff72,
    0xff72,0xff72,0xff72,0xff72,0xff72,0xff72,0xff72,0xff72,0xff72,0xff72,0xff72,0xff72,
    0xff72,0xff72,0xff72,0xff72,0xff72,0xff72,0xff72,0xff72,0xff72,0xff72,0xff72,0xff72,
    0xff72,0xffdb,0xffdb,0xffdb,0xffdb,0xffdb,0xffdb,0xffdd,0xffff,0xfffe,0xfffd,0xfffd,
    0xfffe,0xffff,0xffdd,0xffdb,0xffdb,0xffdb,0xffdb,0xffdb,0xffdb,0xffdb,0xffdb,0xffdd,
    0xffff,0xfffe,0xfffd,0xfffd,0xfffe,0xffff,0xffdd,0xffdb,0xffdb,0xffdb,0xffdb,0xffdb,
    0xffdb,0xffdb,0xffdb,0xffdd,0xffff,0xfffe,0xfffd,0xfffd,0xfffe,0xffff,0xffdd,0xffdb,
    0xffdb,0xffdb,0xffdb,0xffdb,0xffdb,0xffdb,0xffdb,0xffdd,0xffff,0xfffe,0xfffd,0xfffd,
    0xfffe,0xffff,0xffdd,0xffdb,0xffdb,0xffdb,0xffdb,0xffdb,0xffdb,0xffdb,0xffdb,0xffdd,
    0xffff,0xfffe,0xfffd,0xfffd,0xfffe,0xffff,0xffdd,0xffdb,0xffdb,0xffdb,0xffdb,0xffdb,
    0xffdb,0xffdb,0xffdb,0xffdd,0xffff,0xffff,0xffdb,0xffdb,0xffdb,0xfffe,0xffff,0xffdb,
    0xffdb,0xffdb,0xffdb,0xffdb,0xffdb,0xffdb,0xffdb,0xfffe,0xffdb,0xffdb,0xffdb,0xffdb,
    0xffdb,0xffdb,0xfffe,0xffdb,0xffdb,0xffdb,0xffdb,0xffdb,0xffdb,0xffdb,0xffdb,0xfffe,
    0xffdb,0xffdb,0xffdb,0xffdb,0xffdb,0xffdb,0xfffe,0xffdb,0xffdb,0xffdb,0xffdb,0xffdb,
    0xffdb,0xffdb,0xffdb,0xfffe,0xffdb,0xffdb,0xffdb,0xffdb,0xffdb,0xffdb,0xfffe,0xffdb,
    0xffdb,0xffdb,0xffdb,0xffdb,0xffdb,0xffdb,0xffdb,0xfffe,0xffdb,0xffdb,0xffdb,0xffdb,
    0xffdb,0xffdb,0xfffe,0xffdb,0xffdb,0xffdb,0xffdb,0xffdb,0xffdb,0xffdb,0xffdb,0xfffe,
    0xffdb,0xffdb,0xffdb,0xffdb,0xffdb,0xffdb,0xfffe,0xffdb,0xffdb,0xffdb,0xffdb,0xffdb,
    0xffdb,0xff72,0xff72,0xff72,0xff72,0xff72,0xff72,0xff72,0xff72,0xff72,0xff72,0xff72,
    0xff72,0xff72,0xff72,0xff72,0xff72,0xff72,0xff72,0xff72,0xff72,0xff72,0xff72,0xff72,
    0xff72,0xff72,0xff72,0xff72,0xff72,0xff72,0xff72,0xff72,0xff72,0xff72,0xff72,0xff72,
    0xff72,0xff72,0xff72,0xff72,0xff72,0xff72,0xff72,0xff72,0xff72,0xff72,0xff72,0xff72,
    0xff72,0xff72,0xff72,0xff72,0xff72,0xff72,0xff72,0xff72,0xff72,0xff72,0xff72,0xff72,
    0xff72,0xff72,0xff72,0xff72,0xff72,0xff72,0xff72,0xff72,0xff72,0xff72,0xff72,0xff72,
    0xff72,0xff72,0xff72,0xff72,0xff72,0xffdb,0xffdb,0xffdb,0xffdb,0xffdb,0xffdb,0xfffe,
    0xffdb,0xffdb,0xffdb,0xffdb,0xffdb,0xffdb,0xfffe,0xffdb,0xffdb,0xffdb,0xffdb,0xffdb,
    0xffdb,0xffdb,0xffdb,0xfffe,0xffdb,0xffdb,0xffdb,0xffdb,0xffdb,0xffdb,0xfffe,0xffdb,
    0xffdb,0xffdb,0xffdb,0xffdb,0xffdb,0xffdb,0xffdb,0xfffe,0xffdb,0xffdb,0xffdb,0xffdb,
    0xffdb,0xffdb,0xfffe,0xffdb,0xffdb,0xffdb,0xffdb,0xffdb,0xffdb,0xffdb,0xffdb,0xfffe,
    0xffdb,0xffdb,0xffdb,0xffdb,0xffdb,0xffdb,0xfffe,0xffdb,0xffdb,0xffdb,0xffdb,0xffdb,
    0xffdb,0xffdb,0xffdb,0xfffe,0xffdb,0xffdb,0xffdb,0xffdb,0xffdb,0xffdb,0xfffe,0xffdb,
    0xffdb,0xffdb,0xffdb,0xffdb,0xffdb,0xffdb,0xffdb,0xfffe,0xffff,0xffff,0xffdb,0xffdb,
    0xffdb,0xffdb,0xfffe,0xffff,0xffdd,0xffdb,0xffdb,0xffdb,0xffdb,0xffdd,0xfffe,0xffdb,
    0xffdb,0xffdb,0xffdb,0xffdb,0xffdb,0xffdb,0xffdb,0xfffe,0xffdd,0xffdb,0xffdb,0xffdb,
    0xffdb,0xffdd,0xfffe,0xffdb,0xffdb,0xffdb,0xffdb,0xffdb,0xffdb,0xffdb,0xffdb,0xfffe,
    0xffdd,0xffdb,0xffdb,0xffdb,0xffdb,0xffdd,0xfffe,0xffdb,0xffdb,0xffdb,0xffdb,0xffdb,
    0xffdb,0xffdb,0xffdb,0xfffe,0xffdd,0xffdb,0xffdb,0xffdb,0xffdb,0xffdd,0xfffe,0xffdb,
    0xffdb,0xffdb,0xffdb,0xffdb,0xffdb,0xffdb,0xffdb,0xfffe,0xffdd,0xffdb,0xffdb,0xffdb,
    0xffdb,0xffdd,0xfffe,0xffdb,0xffdb,0xffdb,0xffdb,0xffdb,0xffdb,0xffdb,0xffdb,0xfffe,
    0xffdd,0xffdb,0xffdb,0xffdb,0xffdb,0xff72,0xff72,0xff72,0xff72,0xff72,0xff72,0xff72,
    0xff72,0xff72,0xff72,0xff72,0xff72,0xff72,0xff72,0xff72,0xff72,0xff72,0xff72,0xff72,
    0xff72,0xff72,0xff72,0xff72,0xff72,0xff72,0xff72,0xff72,0xff72,0xff72,0xff72,0xff72,
    0xff72,0xff72,0xff72,0xff72,0xff72,0xff72,0xff72,0xff72,0xff72,0xff72,0xff72,0xff72,
    0xff72,0xff72,0xff72,0xff72,0xff72,0xff72,0xff72,0xff72,0xff72,0xff72,0xff72,0xff72,
    0xff72,0xff72,0xff72,0xff72,0xff72,0xff72,0xff72,0xff72,0xff72,0xff72,0xff72,0xff72,
    0xff72,0xff72,0xff72,0xff72,0xff72,0xff72,0xff72,0xff72,0xff72,0xffdb,0xffdb,0xffdb,
    0xffdb,0xffdd,0xfffe,0xffdb,0xffdb,0xffdb,0xffdb,0xffdb,0xffdb,0xffdb,0xffdb,0xfffe,
    0xffdd,0xffdb,0xffdb,0xffdb,0xffdb,0xffdd,0xfffe,0xffdb,0xffdb,0xffdb,0xffdb,0xffdb,
    0xffdb,0xffdb,0xffdb,0xfffe,0xffdd,0xffdb,0xffdb,0xffdb,0xffdb,0xffdd,0xfffe,0xffdb,
    0xffdb,0xffdb,0xffdb,0xffdb,0xffdb,0xffdb,0xffdb,0xfffe,0xffdd,0xffdb,0xffdb,0xffdb,
    0xffdb,0xffdd,0xfffe,0xffdb,0xffdb,0xffdb,0xffdb,0xffdb,0xffdb,0xffdb,0xffdb,0xfffe,
    0xffdd,0xffdb,0xffdb,0xffdb,0xffdb,0xffdd,0xfffe,0xffdb,0xffdb,0xffdb,0xffdb,0xffdb,
    0xffdb,0xffdb,0xffdb,0xfffe,0xffdd,0xffdb,0xffdb,0xffdb,0xffdb,0xffdd,0xfffe,0xffdb,
    0xffff,0xffff,0xffdb,0xffdb,0xffdb,0xffdb,0xffdb,0xffff,0xffff,0xffff,0xffff,0xffff,
    0xffff,0xffff,0xffdb,0xffdb,0xffdb,0xffdb,0xffdb,0xffdb,0xffdb,0xffdb,0xffdb,0xffdb,
    0xffff,0xffff,0xffff,0xffff,0xffff,0xffff,0xffdb,0xffdb,0xffdb,0xffdb,0xffdb,0xffdb,
    0xffdb,0xffdb,0xffdb,0xffdb,0xffff,0xffff,0xffff,0xffff,0xffff,0xffff,0xffdb,0xffdb,
    0xffdb,0xffdb,0xffdb,0xffdb,0xffdb,0xffdb,0xffdb,0xffdb,0xffff,0xffff,0xffff,0xffff,
    0xffff,0xffff,0xffdb,0xffdb,0xffdb,0xffdb,0xffdb,0xffdb,0xffdb,0xffdb,0xffdb,0xffdb,
    0xffff,0xffff,0xffff,0xffff,0xffff,0xffff,0xffdb,0xffdb,0xffdb,0xffdb,0xffdb,0xffdb,
    0xffdb,0xffdb,0xffdb,0xffdb,0xffff,0xffff,0xffff,0xffff,0xffff,0xff72,0xff72,0xff72,
    0xff72,0xff72,0xff72,0xff72,0xff72,0xff72,0xff72,0xff72,0xff72,0xff72,0xff72,0xff72,
    0xff72,0xff72,0xff72,0xff72,0xff72,0xff72,0xff72,0xff72,0xff72,0xff72,0xff72,0xff72,
    0xff72,0xff72,0xff72,0xff72,0xff72,0xff72,0xff72,0xff72,0xff72,0xff72,0xff72,0xff72,
    0xff72,0xff72,0xff72,0xff72,0xff72,0xff72,0xff72,0xff72,0xff72,0xff72,0xff72,0xff72,
    0xff72,0xff72,0xff72,0xff72,0xff72,0xff72,0xff72,0xff72,0xff72,0xff72,0xff72,0xff72,
    0xff72,0xff72,0xff72,0xff72,0xff72,0xff72,0xff72,0xff72,0xff72,0xff72,0xff72,0xff72,
    0xff72,0xffff,0xffff,0xffff,0xffff,0xffff,0xffdb,0xffdb,0xffdb,0xffdb,0xffdb,0xffdb,
    0xffdb,0xffdb,0xffdb,0xffdb,0xffff,0xffff,0xffff,0xffff,0xffff,0xffff,0xffdb,0xffdb,
    0xffdb,0xffdb,0xffdb,0xffdb,0xffdb,0xffdb,0xffdb,0xffdb,0xffff,0xffff,0xffff,0xffff,
    0xffff,0xffff,0xffdb,0xffdb,0xffdb,0xffdb,0xffdb,0xffdb,0xffdb,0xffdb,0xffdb,0xffdb,
    0xffff,0xffff,0xffff,0xffff,0xffff,0xffff,0xffdb,0xffdb,0xffdb,0xffdb,0xffdb,0xffdb,
    0xffdb,0xffdb,0xffdb,0xffdb,0xffff,0xffff,0xffff,0xffff,0xffff,0xffff,0xffdb,0xffdb,
    0xffdb,0xffdb,0xffdb,0xffdb,0xffdb,0xffdb,0xffdb,0xffdb,0xffff,0xffff,0xffff,0xffff,
    0xffff,0xffff,0xffdb,0xffdb,0xffff,0xffff,0xffdb,0xffdb,0xffdb,0xffdb,0xffdb,0xfffe,
    0xffff,0xffff,0xffff,0xffff,0xffff,0xfffe,0xffdb,0xffdb,0xffdb,0xffdb,0xffdb,0xffdb,
    0xffdb,0xffdb,0xffdb,0xffdb,0xfffe,0xffff,0xffff,0xffff,0xffff,0xfffe,0xffdb,0xffdb,
    0xffdb,0xffdb,0xffdb,0xffdb,0xffdb,0xffdb,0xffdb,0xffdb,0xfffe,0xffff,0xffff,0xffff,
    0xffff,0xfffe,0xffdb,0xffdb,0xffdb,0xffdb,0xffdb,0xffdb,0xffdb,0xffdb,0xffdb,0xffdb,
    0xfffe,0xffff,0xffff,0xffff,0xffff,0xfffe,0xffdb,0xffdb,0xffdb,0xffdb,0xffdb,0xffdb,
    0xffdb,0xffdb,0xffdb,0xffdb,0xfffe,0xffff,0xffff,0xffff,0xffff,0xfffe,0xffdb,0xffdb,
    0xffdb,0xffdb,0xffdb,0xffdb,0xffdb,0xffdb,0xffdb,0xffdb,0xfffe,0xffff,0xffff,0xffff,
    0xffff,0xff72,0xff72,0xff72,0xff72,0xff72,0xff72,0xff72,0xff72,0xff72,0xff72,0xff72,
    0xff72,0xff72,0xff72,0xff72,0xff72,0xff72,0xff72,0xff72,0xff72,0xff72,0xff72,0xff72,
    0xff72,0xff72,0xff72,0xff72,0xff72,0xff72,0xff72,0xff72,0xff72,0xff72,0xff72,0xff72,
    0xff72,0xff72,0xff72,0xff72,0xff72,0xff72,0xff72,0xff72,0xff72,0xff72,0xff72,0xff72,
    0xff72,0xff72,0xff72,0xff72,0xff72,0xff72,0xff72,0xff72,0xff72,0xff72,0xff72,0xff72,
    0xff72,0xff72,0xff72,0xff72,0xff72,0xff72,0xff72,0xff72,0xff72,0xff72,0xff72,0xff72,
    0xff72,0xff72,0xff72,0xff72,0xff72,0xffff,0xffff,0xffff,0xffff,0xfffe,0xffdb,0xffdb,
    0xffdb,0xffdb,0xffdb,0xffdb,0xffdb,0xffdb,0xffdb,0xffdb,0xfffe,0xffff,0xffff,0xffff,
    0xffff,0xfffe,0xffdb,0xffdb,0xffdb,0xffdb,0xffdb,0xffdb,0xffdb,0xffdb,0xffdb,0xffdb,
    0xfffe,0xffff,0xffff,0xffff,0xffff,0xfffe,0xffdb,0xffdb,0xffdb,0xffdb,0xffdb,0xffdb,
    0xffdb,0xffdb,0xffdb,0xffdb,0xfffe,0xffff,0xffff,0xffff,0xffff,0xfffe,0xffdb,0xffdb,
    0xffdb,0xffdb,0xffdb,0xffdb,0xffdb,0xffdb,0xffdb,0xffdb,0xfffe,0xffff,0xffff,0xffff,
    0xffff,0xfffe,0xffdb,0xffdb,0xffdb,0xffdb,0xffdb,0xffdb,0xffdb,0xffdb,0xffdb,0xffdb,
    0xfffe,0xffff,0xffff,0xffff,0xffff,0xfffe,0xffdb,0xffdb,0xffff,0xffff,0xffdb,0xffdb,
    0xffdb,0xffdb,0xffdb,0xfffd,0xffff,0xffff,0xffff,0xffff,0xffff,0xfffd,0xffdb,0xffdb,
    0xffdb,0xffdb,0xffdb,0xffdb,0xffdb,0xffdb,0xffdb,0xffdb,0xfffd,0xffff,0xffff,0xffff,
    0xffff,0xfffd,0xffdb,0xffdb,0xffdb,0xffdb,0xffdb,0xffdb,0xffdb,0xffdb,0xffdb,0xffdb,
    0xfffd,0xffff,0xffff,0xffff,0xffff,0xfffd,0xffdb,0xffdb,0xffdb,0xffdb,0xffdb,0xffdb,
    0xffdb,0xffdb,0xffdb,0xffdb,0xfffd,0xffff,0xffff,0xffff,0xffff,0xfffd,0xffdb,0xffdb,
    0xffdb,0xffdb,0xffdb,0xffdb,0xffdb,0xffdb,0xffdb,0xffdb,0xfffd,0xffff,0xffff,0xffff,
    0xffff,0xfffd,0xffdb,0xffdb,0xffdb,0xffdb,0xffdb,0xffdb,0xffdb,0xffdb,0xffdb,0xffdb,
    0xfffd,0xffff,0xffff,0xffff,0xffff,0xff72,0xff72,0xff72,0xff72,0xff72,0xff72,0xff72,
    0xff72,0xff72,0xff72,0xff72,0xff72,0xff72,0xff72,0xff72,0xff72,0xff72,0xff72,0xff72,
    0xff72,0xff72,0xff72,0xff72,0xff72,0xff72,0xff72,0xff72,0xff72,0xff72,0xff72,0xff72,
    0xff72,0xff72,0xff72,0xff72,0xff72,0xff72,0xff72,0xff72,0xff72,0xff72,0xff72,0xff72,
    0xff72,0xff72,0xff72,0xff72,0xff72,0xff72,0xff72,0xff72,0xff72,0xff72,0xff72,0xff72,
    0xff72,0xff72,0xff72,0xff72,0xff72,0xff72,0xff72,0xff72,0xff72,0xff72,0xff72,0xff72,
    0xff72,0xff72,0xff72,0xff72,0xff72,0xff72,0xff72,0xff72,0xff72,0xffff,0xffff,0xffff,
    0xffff,0xfffd,0xffdb,0xffdb,0xffdb,0xffdb,0xffdb,0xffdb,0xffdb,0xffdb,0xffdb,0xffdb,
    0xfffd,0xffff,0xffff,0xffff,0xffff,0xfffd,0xffdb,0xffdb,0xffdb,0xffdb,0xffdb,0xffdb,
    0xffdb,0xffdb,0xffdb,0xffdb,0xfffd,0xffff,0xffff,0xffff,0xffff,0xfffd,0xffdb,0xffdb,
    0xffdb,0xffdb,0xffdb,0xffdb,0xffdb,0xffdb,0xffdb,0xffdb,0xfffd,0xffff,0xffff,0xffff,
    0xffff,0xfffd,0xffdb,0xffdb,0xffdb,0xffdb,0xffdb,0xffdb,0xffdb,0xffdb,0xffdb,0xffdb,
    0xfffd,0xffff,0xffff,0xffff,0xffff,0xfffd,0xffdb,0xffdb,0xffdb,0xffdb,0xffdb,0xffdb,
    0xffdb,0xffdb,0xffdb,0xffdb,0xfffd,0xffff,0xffff,0xffff,0xffff,0xfffd,0xffdb,0xffdb,
    0xffff,0xffff,0xffdb,0xffdb,0xffdb,0xffdb,0xffdb,0xfffd,0xffff,0xffff,0xffff,0xffff,
    0xffff,0xfffd,0xffdb,0xffdb,0xffdb,0xffdb,0xffdb,0xffdb,0xffdb,0xffdb,0xffdb,0xffdb,
    0xfffd,0xffff,0xffff,0xffff,0xffff,0xfffd,0xffdb,0xffdb,0xffdb,0xffdb,0xffdb,0xffdb,
    0xffdb,0xffdb,0xffdb,0xffdb,0xfffd,0xffff,0xffff,0xffff,0xffff,0xfffd,0xffdb,0xffdb,
    0xffdb,0xffdb,0xffdb,0xffdb,0xffdb,0xffdb,0xffdb,0xffdb,0xfffd,0xffff,0xffff,0xffff,
    0xffff,0xfffd,0xffdb,0xffdb,0xffdb,0xffdb,0xffdb,0xffdb,0xffdb,0xffdb,0xffdb,0xffdb,
    0xfffd,0xffff,0xffff,0xffff,0xffff,0xfffd,0xffdb,0xffdb,0xffdb,0xffdb,0xffdb,0xffdb,
    0xffdb,0xffdb,0xffdb,0xffdb,0xfffd,0xffff,0xffff,0xffff,0xffff,0xff72,0xff72,0xff72,
    0xff72,0xff72,0xff72,0xff72,0xff72,0xff72,0xff72,0xff72,0xff72,0xff72,0xff72,0xff72,
    0xff72,0xff72,0xff72,0xff72,0xff72,0xff72,0xff72,0xff72,0xff72,0xff72,0xff72,0xff72,
    0xff72,0xff72,0xff72,0xff72,0xff72,0xff72,0xff72,0xff72,0xff72,0xff72,0xff72,0xff72,
    0xff72,0xff72,0xff72,0xff72,0xff72,0xff72,0xff72,0xff72,0xff72,0xff72,0xff72,0xff72,
    0xff72,0xff72,0xff72,0xff72,0xff72,0xff72,0xff72,0xff72,0xff72,0xff72,0xff72,0xff72,
    0xff72,0xff72,0xff72,0xff72,0xff72,0xff72,0xff72,0xff72,0xff72,0xff72,0xff72,0xff72,
    0xff72,0xffff,0xffff,0xffff,0xffff,0xfffd,0xffdb,0xffdb,0xffdb,0xffdb,0xffdb,0xffdb,
    0xffdb,0xffdb,0xffdb,0xffdb,0xfffd,0xffff,0xffff,0xffff,0xffff,0xfffd,0xffdb,0xffdb,
    0xffdb,0xffdb,0xffdb,0xffdb,0xffdb,0xffdb,0xffdb,0xffdb,0xfffd,0xffff,0xffff,0xffff,
    0xffff,0xfffd,0xffdb,0xffdb,0xffdb,0xffdb,0xffdb,0xffdb,0xffdb,0xffdb,0xffdb,0xffdb,
    0xfffd,0xffff,0xffff,0xffff,0xffff,0xfffd,0xffdb,0xffdb,0xffdb,0xffdb,0xffdb,0xffdb,
    0xffdb,0xffdb,0xffdb,0xffdb,0xfffd,0xffff,0xffff,0xffff,0xffff,0xfffd,0xffdb,0xffdb,
    0xffdb,0xffdb,0xffdb,0xffdb,0xffdb,0xffdb,0xffdb,0xffdb,0xfffd,0xffff,0xffff,0xffff,
    0xffff,0xfffd,0xffdb,0xffdb,0xffff,0xffff,0xffdb,0xffdb,0xffdb,0xffdb,0xffdb,0xfffe,
    0xffff,0xffff,0xffff,0xffff,0xffff,0xfffe,0xffdb,0xffdb,0xffdb,0xffdb,0xffdb,0xffdb,
    0xffdb,0xffdb,0xffdb,0xffdb,0xfffe,0xffff,0xffff,0xffff,0xffff,0xfffe,0xffdb,0xffdb,
    0xffdb,0xffdb,0xffdb,0xffdb,0xffdb,0xffdb,0xffdb,0xffdb,0xfffe,0xffff,0xffff,0xffff,
    0xffff,0xfffe,0xffdb,0xffdb,0xffdb,0xffdb,0xffdb,0xffdb,0xffdb,0xffdb,0xffdb,0xffdb,
    0xfffe,0xffff,0xffff,0xffff,0xffff,0xfffe,0xffdb,0xffdb,0xffdb,0xffdb,0xffdb,0xffdb,
    0xffdb,0xffdb,0xffdb,0xffdb,0xfffe,0xffff,0xffff,0xffff,0xffff,0xfffe,0xffdb,0xffdb,
    0xffdb,0xffdb,0xffdb,0xffdb,0xffdb,0xffdb,0xffdb,0xffdb,0xfffe,0xffff,0xffff,0xffff,
    0xffff,0xff72,0xff72,0xff72,0xff72,0xff72,0xff72,0xff72,0xff72,0xff72,0xff72,0xff72,
    0xff72,0xff72,0xff72,0xff72,0xff72,0xff72,0xff72,0xff72,0xff72,0xff72,0xff72,0xff72,
    0xff72,0xff72,0xff72,0xff72,0xff72,0xff72,0xff72,0xff72,0xff72,0xff72,0xff72,0xff72,
    0xff72,0xff72,0xff72,0xff72,0xff72,0xff72,0xff72,0xff72,0xff72,0xff72,0xff72,0xff72,
    0xff72,0xff72,0xff72,0xff72,0xff72,0xff72,0xff72,0xff72,0xff72,0xff72,0xff72,0xff72,
    0xff72,0xff72,0xff72,0xff72,0xff72,0xff72,0xff72,0xff72,0xff72,0xff72,0xff72,0xff72,
    0xff72,0xff72,0xff72,0xff72,0xff72,0xffff,0xffff,0xffff,0xffff,0xfffe,0xffdb,0xffdb,
    0xffdb,0xffdb,0xffdb,0xffdb,0xffdb,0xffdb,0xffdb,0xffdb,0xfffe,0xffff,0xffff,0xffff,
    0xffff,0xfffe,0xffdb,0xffdb,0xffdb,0xffdb,0xffdb,0xffdb,0xffdb,0xffdb,0xffdb,0xffdb,
    0xfffe,0xffff,0xffff,0xffff,0xffff,0xfffe,0xffdb,0xffdb,0xffdb,0xffdb,0xffdb,0xffdb,
    0xffdb,0xffdb,0xffdb,0xffdb,0xfffe,0xffff,0xffff,0xffff,0xffff,0xfffe,0xffdb,0xffdb,
    0xffdb,0xffdb,0xffdb,0xffdb,0xffdb,0xffdb,0xffdb,0xffdb,0xfffe,0xffff,0xffff,0xffff,
    0xffff,0xfffe,0xffdb,0xffdb,0xffdb,0xffdb,0xffdb,0xffdb,0xffdb,0xffdb,0xffdb,0xffdb,
    0xfffe,0xffff,0xffff,0xffff,0xffff,0xfffe,0xffdb,0xffdb,0xffff,0xffff,0xffdb,0xffdb,
    0xffdb,0xffdb,0xffdb,0xffff,0xfffe,0xffdc,0xffdb,0xffdb,0xffdc,0xfffe,0xffdb,0xffdb,
    0xffdb,0xffdb,0xffdb,0xffdb,0xffdb,0xffdb,0xffdb,0xffdb,0xfffe,0xffdc,0xffdb,0xffdb,
    0xffdc,0xfffe,0xffdb,0xffdb,0xffdb,0xffdb,0xffdb,0xffdb,0xffdb,0xffdb,0xffdb,0xffdb,
    0xfffe,0xffdc,0xffdb,0xffdb,0xffdc,0xfffe,0xffdb,0xffdb,0xffdb,0xffdb,0xffdb,0xffdb,
    0xffdb,0xffdb,0xffdb,0xffdb,0xfffe,0xffdc,0xffdb,0xffdb,0xffdc,0xfffe,0xffdb,0xffdb,
    0xffdb,0xffdb,0xffdb,0xffdb,0xffdb,0xffdb,0xffdb,0xffdb,0xfffe,0xffdc,0xffdb,0xffdb,
    0xffdc,0xfffe,0xffdb,0xffdb,0xffdb,0xffdb,0xffdb,0xffdb,0xffdb,0xffdb,0xffdb,0xffdb,
    0xfffe,0xffdc,0xffdb,0xffdb,0xffdc,0xff72,0xff72,0xff72,0xff72,0xff72,0xff72,0xff72,
    0xff72,0xff72,0xff72,0xff72,0xff72,0xff72,0xff72,0xff72,0xff72,0xff72,0xff72,0xff72,
    0xff72,0xff72,0xff72,0xff72,0xff72,0xff72,0xff72,0xff72,0xff72,0xff72,0xff72,0xff72,
    0xff72,0xff72,0xff72,0xff72,0xff72,0xff72,0xff72,0xff72,0xff72,0xff72,0xff72,0xff72,
    0xff72,0xff72,0xff72,0xff72,0xff72,0xff72,0xff72,0xff72,0xff72,0xff72,0xff72,0xff72,
    0xff72,0xff72,0xff72,0xff72,0xff72,0xff72,0xff72,0xff72,0xff72,0xff72,0xff72,0xff72,
    0xff72,0xff72,0xff72,0xff72,0xff72,0xff72,0xff72,0xff72,0xff72,0xffdc,0xffdb,0xffdb,
    0xffdc,0xfffe,0xffdb,0xffdb,0xffdb,0xffdb,0xffdb,0xffdb,0xffdb,0xffdb,0xffdb,0xffdb,
    0xfffe,0xffdc,0xffdb,0xffdb,0xffdc,0xfffe,0xffdb,0xffdb,0xffdb,0xffdb,0xffdb,0xffdb,
    0xffdb,0xffdb,0xffdb,0xffdb,0xfffe,0xffdc,0xffdb,0xffdb,0xffdc,0xfffe,0xffdb,0xffdb,
    0xffdb,0xffdb,0xffdb,0xffdb,0xffdb,0xffdb,0xffdb,0xffdb,0xfffe,0xffdc,0xffdb,0xffdb,
    0xffdc,0xfffe,0xffdb,0xffdb,0xffdb,0xffdb,0xffdb,0xffdb,0xffdb,0xffdb,0xffdb,0xffdb,
    0xfffe,0xffdc,0xffdb,0xffdb,0xffdc,0xfffe,0xffdb,0xffdb,0xffdb,0xffdb,0xffdb,0xffdb,
    0xffdb,0xffdb,0xffdb,0xffdb,0xfffe,0xffdc,0xffdb,0xffdb,0xffdc,0xfffe,0xffdb,0xffdb,
    0xffff,0xffff,0xffdb,0xffdb,0xffdb,0xffdb,0xfffe,0xffdc,0xffdb,0xffdb,0xffdb,0xffdb,
    0xffdb,0xffdb,0xffdc,0xffdb,0xffdb,0xffdb,0xffdb,0xffdb,0xffdb,0xffdb,0xffdb,0xffdc,
    0xffdb,0xffdb,0xffdb,0xffdb,0xffdb,0xffdb,0xffdc,0xffdb,0xffdb,0xffdb,0xffdb,0xffdb,
    0xffdb,0xffdb,0xffdb,0xffdc,0xffdb,0xffdb,0xffdb,0xffdb,0xffdb,0xffdb,0xffdc,0xffdb,
    0xffdb,0xffdb,0xffdb,0xffdb,0xffdb,0xffdb,0xffdb,0xffdc,0xffdb,0xffdb,0xffdb,0xffdb,
    0xffdb,0xffdb,0xffdc,0xffdb,0xffdb,0xffdb,0xffdb,0xffdb,0xffdb,0xffdb,0xffdb,0xffdc,
    0xffdb,0xffdb,0xffdb,0xffdb,0xffdb,0xffdb,0xffdc,0xffdb,0xffdb,0xffdb,0xffdb,0xffdb,
    0xffdb,0xffdb,0xffdb,0xffdc,0xffdb,0xffdb,0xffdb,0xffdb,0xffdb,0xff72,0xff72,0xff72,
    0xff72,0xff72,0xff72,0xff72,0xff72,0xff72,0xff72,0xff72,0xff72,0xff72,0xff72,0xff72,
    0xff72,0xff72,0xff72,0xff72,0xff72,0xff72,0xff72,0xff72,0xff72,0xff72,0xff72,0xff72,
    0xff72,0xff72,0xff72,0xff72,0xff72,0xff72,0xff72,0xff72,0xff72,0xff72,0xff72,0xff72,
    0xff72,0xff72,0xff72,0xff72,0xff72,0xff72,0xff72,0xff72,0xff72,0xff72,0xff72,0xff72,
    0xff72,0xff72,0xff72,0xff72,0xff72,0xff72,0xff72,0xff72,0xff72,0xff72,0xff72,0xff72,
    0xff72,0xff72,0xff72,0xff72,0xff72,0xff72,0xff72,0xff72,0xff72,0xff72,0xff72,0xff72,
    0xff72,0xffdb,0xffdb,0xffdb,0xffdb,0xffdb,0xffdc,0xffdb,0xffdb,0xffdb,0xffdb,0xffdb,
    0xffdb,0xffdb,0xffdb,0xffdc,0xffdb,0xffdb,0xffdb,0xffdb,0xffdb,0xffdb,0xffdc,0xffdb,
    0xffdb,0xffdb,0xffdb,0xffdb,0xffdb,0xffdb,0xffdb,0xffdc,0xffdb,0xffdb,0xffdb,0xffdb,
    0xffdb,0xffdb,0xffdc,0xffdb,0xffdb,0xffdb,0xffdb,0xffdb,0xffdb,0xffdb,0xffdb,0xffdc,
    0xffdb,0xffdb,0xffdb,0xffdb,0xffdb,0xffdb,0xffdc,0xffdb,0xffdb,0xffdb,0xffdb,0xffdb,
    0xffdb,0xffdb,0xffdb,0xffdc,0xffdb,0xffdb,0xffdb,0xffdb,0xffdb,0xffdb,0xffdc,0xffdb,
    0xffdb,0xffdb,0xffdb,0xffdb,0xffdb,0xffdb,0xffdb,0xffdc,0xffdb,0xffdb,0xffdb,0xffdb,
    0xffdb,0xffdb,0xffdc,0xffdb,0xffff,0xffff,0xffdb,0xffdb,0xffdb,0xfffe,0xffdc,0xffdb,
    0xffdb,0xffdb,0xffdb,0xffdb,0xffdb,0xffdb,0xffdb,0xffdc,0xffdb,0xffdb,0xffdb,0xffdb,
    0xffdb,0xffdb,0xffdc,0xffdb,0xffdb,0xffdb,0xffdb,0xffdb,0xffdb,0xffdb,0xffdb,0xffdc,
    0xffdb,0xffdb,0xffdb,0xffdb,0xffdb,0xffdb,0xffdc,0xffdb,0xffdb,0xffdb,0xffdb,0xffdb,
    0xffdb,0xffdb,0xffdb,0xffdc,0xffdb,0xffdb,0xffdb,0xffdb,0xffdb,0xffdb,0xffdc,0xffdb,
    0xffdb,0xffdb,0xffdb,0xffdb,0xffdb,0xffdb,0xffdb,0xffdc,0xffdb,0xffdb,0xffdb,0xffdb,
    0xffdb,0xffdb,0xffdc,0xffdb,0xffdb,0xffdb,0xffdb,0xffdb,0xffdb,0xffdb,0xffdb,0xffdc,
    0xffdb,0xffdb,0xffdb,0xffdb,0xffdb,0xffdb,0xffdc,0xffdb,0xffdb,0xffdb,0xffdb,0xffdb,
    0xffdb,0xff72,0xff72,0xff72,0xff72,0xff72,0xff72,0xff72,0xff72,0xff72,0xff72,0xff72,
    0xff72,0xff72,0xff72,0xff72,0xff72,0xff72,0xff72,0xff72,0xff72,0xff72,0xff72,0xff72,
    0xff72,0xff72,0xff72,0xff72,0xff72,0xff72,0xff72,0xff72,0xff72,0xff72,0xff72,0xff72,
    0xff72,0xff72,0xff72,0xff72,0xff72,0xff72,0xff72,0xff72,0xff72,0xff72,0xff72,0xff72,
    0xff72,0xff72,0xff72,0xff72,0xff72,0xff72,0xff72,0xff72,0xff72,0xff72,0xff72,0xff72,
    0xff72,0xff72,0xff72,0xff72,0xff72,0xff72,0xff72,0xff72,0xff72,0xff72,0xff72,0xff72,
    0xff72,0xff72,0xff72,0xff72,0xff72,0xffdb,0xffdb,0xffdb,0xffdb,0xffdb,0xffdb,0xffdc,
    0xffdb,0xffdb,0xffdb,0xffdb,0xffdb,0xffdb,0xffdc,0xffdb,0xffdb,0xffdb,0xffdb,0xffdb,
    0xffdb,0xffdb,0xffdb,0xffdc,0xffdb,0xffdb,0xffdb,0xffdb,0xffdb,0xffdb,0xffdc,0xffdb,
    0xffdb,0xffdb,0xffdb,0xffdb,0xffdb,0xffdb,0xffdb,0xffdc,0xffdb,0xffdb,0xffdb,0xffdb,
    0xffdb,0xffdb,0xffdc,0xffdb,0xffdb,0xffdb,0xffdb,0xffdb,0xffdb,0xffdb,0xffdb,0xffdc,
    0xffdb,0xffdb,0xffdb,0xffdb,0xffdb,0xffdb,0xffdc,0xffdb,0xffdb,0xffdb,0xffdb,0xffdb,
    0xffdb,0xffdb,0xffdb,0xffdc,0xffdb,0xffdb,0xffdb,0xffdb,0xffdb,0xffdb,0xffdc,0xffdb,
    0xffdb,0xffdb,0xffdb,0xffdb,0xffdb,0xffdb,0xffdb,0xffdc,0xffff,0xffff,0xfffe,0xfffe,
    0xffff,0xfffe,0xffdb,0xffdb,0xffdb,0xffdb,0xffdb,0xffdb,0xffdb,0xffdb,0xffdb,0xffdb,
    0xfffe,0xfffe,0xfffd,0xfffd,0xfffe,0xfffe,0xffdb,0xffdb,0xffdb,0xffdb,0xffdb,0xffdb,
    0xffdb,0xffdb,0xffdb,0xffdb,0xfffe,0xfffe,0xfffd,0xfffd,0xfffe,0xfffe,0xffdb,0xffdb,
    0xffdb,0xffdb,0xffdb,0xffdb,0xffdb,0xffdb,0xffdb,0xffdb,0xfffe,0xfffe,0xfffd,0xfffd,
    0xfffe,0xfffe,0xffdb,0xffdb,0xffdb,0xffdb,0xffdb,0xffdb,0xffdb,0xffdb,0xffdb,0xffdb,
    0xfffe,0xfffe,0xfffd,0xfffd,0xfffe,0xfffe,0xffdb,0xffdb,0xffdb,0xffdb,0xffdb,0xffdb,
    0xffdb,0xffdb,0xffdb,0xffdb,0xfffe,0xfffe,0xfffd,0xfffd,0xfffe,0xfffe,0xffdb,0xffdb,
    0xffdb,0xffdb,0xffdb,0xffdb,0xffdb,0xff72,0xff72,0xff72,0xff72,0xff72,0xff72,0xff72,
    0xff72,0xff72,0xff72,0xff72,0xff72,0xff72,0xff72,0xff72,0xff72,0xff72,0xff72,0xff72,
    0xff72,0xff72,0xff72,0xff72,0xff72,0xff72,0xff72,0xff72,0xff72,0xff72,0xff72,0xff72,
    0xff72,0xff72,0xff72,0xff72,0xff72,0xff72,0xff72,0xff72,0xff72,0xff72,0xff72,0xff72,
    0xff72,0xff72,0xff72,0xff72,0xff72,0xff72,0xff72,0xff72,0xff72,0xff72,0xff72,0xff72,
    0xff72,0xff72,0xff72,0xff72,0xff72,0xff72,0xff72,0xff72,0xff72,0xff72,0xff72,0xff72,
    0xff72,0xff72,0xff72,0xff72,0xff72,0xff72,0xff72,0xff72,0xff72,0xffdb,0xffdb,0xffdb,
    0xffdb,0xffdb,0xffdb,0xffdb,0xfffe,0xfffe,0xfffd,0xfffd,0xfffe,0xfffe,0xffdb,0xffdb,
    0xffdb,0xffdb,0xffdb,0xffdb,0xffdb,0xffdb,0xffdb,0xffdb,0xfffe,0xfffe,0xfffd,0xfffd,
    0xfffe,0xfffe,0xffdb,0xffdb,0xffdb,0xffdb,0xffdb,0xffdb,0xffdb,0xffdb,0xffdb,0xffdb,
    0xfffe,0xfffe,0xfffd,0xfffd,0xfffe,0xfffe,0xffdb,0xffdb,0xffdb,0xffdb,0xffdb,0xffdb,
    0xffdb,0xffdb,0xffdb,0xffdb,0xfffe,0xfffe,0xfffd,0xfffd,0xfffe,0xfffe,0xffdb,0xffdb,
    0xffdb,0xffdb,0xffdb,0xffdb,0xffdb,0xffdb,0xffdb,0xffdb,0xfffe,0xfffe,0xfffd,0xfffd,
    0xfffe,0xfffe,0xffdb,0xffdb,0xffdb,0xffdb,0xffdb,0xffdb,0xffdb,0xffdb,0xffdb,0xffdb,
    0xffff,0xffff,0xffff,0xffff,0xffff,0xffdc,0xffdb,0xffdb,0xffdb,0xffdb,0xffdb,0xffdb,
    0xffdb,0xffdb,0xffdb,0xffdb,0xffdc,0xffff,0xffff,0xffff,0xffff,0xffdc,0xffdb,0xffdb,
    0xffdb,0xffdb,0xffdb,0xffdb,0xffdb,0xffdb,0xffdb,0xffdb,0xffdc,0xffff,0xffff,0xffff,
    0xffff,0xffdc,0xffdb,0xffdb,0xffdb,0xffdb,0xffdb,0xffdb,0xffdb,0xffdb,0xffdb,0xffdb,
    0xffdc,0xffff,0xffff,0xffff,0xffff,0xffdc,0xffdb,0xffdb,0xffdb,0xffdb,0xffdb,0xffdb,
    0xffdb,0xffdb,0xffdb,0xffdb,0xffdc,0xffff,0xffff,0xffff,0xffff,0xffdc,0xffdb,0xffdb,
    0xffdb,0xffdb,0xffdb,0xffdb,0xffdb,0xffdb,0xffdb,0xffdb,0xffdc,0xffff,0xffff,0xffff,
    0xffff,0xffdc,0xffdb,0xffdb,0xffdb,0xffdb,0xffdb,0xffdb,0xffdb,0xff72,0xff72,0xff72,
    0xff72,0xff72,0xff72,0xff72,0xff72,0xff72,0xff72,0xff72,0xff72,0xff72,0xff72,0xff72,
    0xff72,0xff72,0xff72,0xff72,0xff72,0xff72,0xff72,0xff72,0xff72,0xff72,0xff72,0xff72,
    0xff72,0xff72,0xff72,0xff72,0xff72,0xff72,0xff72,0xff72,0xff72,0xff72,0xff72,0xff72,
    0xff72,0xff72,0xff72,0xff72,0xff72,0xff72,0xff72,0xff72,0xff72,0xff72,0xff72,0xff72,
    0xff72,0xff72,0xff72,0xff72,0xff72,0xff72,0xff72,0xff72,0xff72,0xff72,0xff72,0xff72,
    0xff72,0xff72,0xff72,0xff72,0xff72,0xff72,0xff72,0xff72,0xff72,0xff72,0xff72,0xff72,
    0xff72,0xffdb,0xffdb,0xffdb,0xffdb,0xffdb,0xffdb,0xffdb,0xffdc,0xffff,0xffff,0xffff,
    0xffff,0xffdc,0xffdb,0xffdb,0xffdb,0xffdb,0xffdb,0xffdb,0xffdb,0xffdb,0xffdb,0xffdb,
    0xffdc,0xffff,0xffff,0xffff,0xffff,0xffdc,0xffdb,0xffdb,0xffdb,0xffdb,0xffdb,0xffdb,
    0xffdb,0xffdb,0xffdb,0xffdb,0xffdc,0xffff,0xffff,0xffff,0xffff,0xffdc,0xffdb,0xffdb,
    0xffdb,0xffdb,0xffdb,0xffdb,0xffdb,0xffdb,0xffdb,0xffdb,0xffdc,0xffff,0xffff,0xffff,
    0xffff,0xffdc,0xffdb,0xffdb,0xffdb,0xffdb,0xffdb,0xffdb,0xffdb,0xffdb,0xffdb,0xffdb,
    0xffdc,0xffff,0xffff,0xffff,0xffff,0xffdc,0xffdb,0xffdb,0xffdb,0xffdb,0xffdb,0xffdb,
    0xffdb,0xffdb,0xffdb,0xffdb,0xffff,0xffff,0xffff,0xffff,0xffff,0xffdb,0xffdb,0xffdb,
    0xffdb,0xffdb,0xffdb,0xffdb,0xffdb,0xffdb,0xffdb,0xffdb,0xffdb,0xffff,0xffff,0xffff,
    0xffff,0xffdb,0xffdb,0xffdb,0xffdb,0xffdb,0xffdb,0xffdb,0xffdb,0xffdb,0xffdb,0xffdb,
    0xffdb,0xffff,0xffff,0xffff,0xffff,0xffdb,0xffdb,0xffdb,0xffdb,0xffdb,0xffdb,0xffdb,
    0xffdb,0xffdb,0xffdb,0xffdb,0xffdb,0xffff,0xffff,0xffff,0xffff,0xffdb,0xffdb,0xffdb,
    0xffdb,0xffdb,0xffdb,0xffdb,0xffdb,0xffdb,0xffdb,0xffdb,0xffdb,0xffff,0xffff,0xffff,
    0xffff,0xffdb,0xffdb,0xffdb,0xffdb,0xffdb,0xffdb,0xffdb,0xffdb,0xffdb,0xffdb,0xffdb,
    0xffdb,0xffff,0xffff,0xffff,0xffff,0xffdb,0xffdb,0xffdb,0xffdb,0xffdb,0xffdb,0xffdb,
    0xffdb,0xff72,0xff72,0xff72,0xff72,0xff72,0xff72,0xff72,0xff72,0xff72,0xff72,0xff72,
    0xff72,0xff72,0xff72,0xff72,0xff72,0xff72,0xff72,0xff72,0xff72,0xff72,0xff72,0xff72,
    0xff72,0xff72,0xff72,0xff72,0xff72,0xff72,0xff72,0xff72,0xff72,0xff72,0xff72,0xff72,
    0xff72,0xff72,0xff72,0xff72,0xff72,0xff72,0xff72,0xff72,0xff72,0xff72,0xff72,0xff72,
    0xff72,0xff72,0xff72,0xff72,0xff72,0xff72,0xff72,0xff72,0xff72,0xff72,0xff72,0xff72,
    0xff72,0xff72,0xff72,0xff72,0xff72,0xff72,0xff72,0xff72,0xff72,0xff72,0xff72,0xff72,
    0xff72,0xff72,0xff72,0xff72,0xff72,0xffdb,0xffdb,0xffdb,0xffdb,0xffdb,0xffdb,0xffdb,
    0xffdb,0xffff,0xffff,0xffff,0xffff,0xffdb,0xffdb,0xffdb,0xffdb,0xffdb,0xffdb,0xffdb,
    0xffdb,0xffdb,0xffdb,0xffdb,0xffdb,0xffff,0xffff,0xffff,0xffff,0xffdb,0xffdb,0xffdb,
    0xffdb,0xffdb,0xffdb,0xffdb,0xffdb,0xffdb,0xffdb,0xffdb,0xffdb,0xffff,0xffff,0xffff,
    0xffff,0xffdb,0xffdb,0xffdb,0xffdb,0xffdb,0xffdb,0xffdb,0xffdb,0xffdb,0xffdb,0xffdb,
    0xffdb,0xffff,0xffff,0xffff,0xffff,0xffdb,0xffdb,0xffdb,0xffdb,0xffdb,0xffdb,0xffdb,
    0xffdb,0xffdb,0xffdb,0xffdb,0xffdb,0xffff,0xffff,0xffff,0xffff,0xffdb,0xffdb,0xffdb,
    0xffdb,0xffdb,0xffdb,0xffdb,0xffdb,0xffdb,0xffdb,0xffdb,0xffff,0xffff,0xffff,0xffff,
    0xffff,0xffdb,0xffdb,0xffdb,0xffdb,0xffdb,0xffdb,0xffdb,0xffdb,0xffdb,0xffdb,0xffdb,
    0xffdb,0xffff,0xffff,0xffff,0xffff,0xffdb,0xffdb,0xffdb,0xffdb,0xffdb,0xffdb,0xffdb,
    0xffdb,0xffdb,0xffdb,0xffdb,0xffdb,0xffff,0xffff,0xffff,0xffff,0xffdb,0xffdb,0xffdb,
    0xffdb,0xffdb,0xffdb,0xffdb,0xffdb,0xffdb,0xffdb,0xffdb,0xffdb,0xffff,0xffff,0xffff,
    0xffff,0xffdb,0xffdb,0xffdb,0xffdb,0xffdb,0xffdb,0xffdb,0xffdb,0xffdb,0xffdb,0xffdb,
    0xffdb,0xffff,0xffff,0xffff,0xffff,0xffdb,0xffdb,0xffdb,0xffdb,0xffdb,0xffdb,0xffdb,
    0xffdb,0xffdb,0xffdb,0xffdb,0xffdb,0xffff,0xffff,0xffff,0xffff,0xffdb,0xffdb,0xffdb,
    0xffdb,0xffdb,0xffdb,0xffdb,0xffdb,0xff72,0xff72,0xff72,0xff72,0xff72,0xff72,0xff72,
    0xff72,0xff72,0xff72,0xff72,0xff72,0xff72,0xff72,0xff72,0xff72,0xff72,0xff72,0xff72,
    0xff72,0xff72,0xff72,0xff72,0xff72,0xff72,0xff72,0xff72,0xff72,0xff72,0xff72,0xff72,
    0xff72,0xff72,0xff72,0xff72,0xff72,0xff72,0xff72,0xff72,0xff72,0xff72,0xff72,0xff72,
    0xff72,0xff72,0xff72,0xff72,0xff72,0xff72,0xff72,0xff72,0xff72,0xff72,0xff72,0xff72,
    0xff72,0xff72,0xff72,0xff72,0xff72,0xff72,0xff72,0xff72,0xff72,0xff72,0xff72,0xff72,
    0xff72,0xff72,0xff72,0xff72,0xff72,0xff72,0xff72,0xff72,0xff72,0xffdb,0xffdb,0xffdb,
    0xffdb,0xffdb,0xffdb,0xffdb,0xffdb,0xffff,0xffff,0xffff,0xffff,0xffdb,0xffdb,0xffdb,
    0xffdb,0xffdb,0xffdb,0xffdb,0xffdb,0xffdb,0xffdb,0xffdb,0xffdb,0xffff,0xffff,0xffff,
    0xffff,0xffdb,0xffdb,0xffdb,0xffdb,0xffdb,0xffdb,0xffdb,0xffdb,0xffdb,0xffdb,0xffdb,
    0xffdb,0xffff,0xffff,0xffff,0xffff,0xffdb,0xffdb,0xffdb,0xffdb,0xffdb,0xffdb,0xffdb,
    0xffdb,0xffdb,0xffdb,0xffdb,0xffdb,0xffff,0xffff,0xffff,0xffff,0xffdb,0xffdb,0xffdb,
    0xffdb,0xffdb,0xffdb,0xffdb,0xffdb,0xffdb,0xffdb,0xffdb,0xffdb,0xffff,0xffff,0xffff,
    0xffff,0xffdb,0xffdb,0xffdb,0xffdb,0xffdb,0xffdb,0xffdb,0xffdb,0xffdb,0xffdb,0xffdb,
    0xffff,0xffff,0xffff,0xffff,0xffff,0xffdc,0xffdb,0xffdb,0xffdb,0xffdb,0xffdb,0xffdb,
    0xffdb,0xffdb,0xffdb,0xffdb,0xffdc,0xffff,0xffff,0xffff,0xffff,0xffdc,0xffdb,0xffdb,
    0xffdb,0xffdb,0xffdb,0xffdb,0xffdb,0xffdb,0xffdb,0xffdb,0xffdc,0xffff,0xffff,0xffff,
    0xffff,0xffdc,0xffdb,0xffdb,0xffdb,0xffdb,0xffdb,0xffdb,0xffdb,0xffdb,0xffdb,0xffdb,
    0xffdc,0xffff,0xffff,0xffff,0xffff,0xffdc,0xffdb,0xffdb,0xffdb,0xffdb,0xffdb,0xffdb,
    0xffdb,0xffdb,0xffdb,0xffdb,0xffdc,0xffff,0xffff,0xffff,0xffff,0xffdc,0xffdb,0xffdb,
    0xffdb,0xffdb,0xffdb,0xffdb,0xffdb,0xffdb,0xffdb,0xffdb,0xffdc,0xffff,0xffff,0xffff,
    0xffff,0xffdc,0xffdb,0xffdb,0xffdb,0xffdb,0xffdb,0xffdb,0xffdb,0xff72,0xff72,0xff72,
    0xff72,0xff72,0xff72,0xff72,0xff72,0xff72,0xff72,0xff72,0xff72,0xff72,0xff72,0xff72,
    0xff72,0xff72,0xff72,0xff72,0xff72,0xff72,0xff72,0xff72,0xff72,0xff72,0xff72,0xff72,
    0xff72,0xff72,0xff72,0xff72,0xff72,0xff72,0xff72,0xff72,0xff72,0xff72,0xff72,0xff72,
    0xff72,0xff72,0xff72,0xff72,0xff72,0xff72,0xff72,0xff72,0xff72,0xff72,0xff72,0xff72,
    0xff72,0xff72,0xff72,0xff72,0xff72,0xff72,0xff72,0xff72,0xff72,0xff72,0xff72,0xff72,
    0xff72,0xff72,0xff72,0xff72,0xff72,0xff72,0xff72,0xff72,0xff72,0xff72,0xff72,0xff72,
    0xff72,0xffdb,0xffdb,0xffdb,0xffdb,0xffdb,0xffdb,0xffdb,0xffdc,0xffff,0xffff,0xffff,
    0xffff,0xffdc,0xffdb,0xffdb,0xffdb,0xffdb,0xffdb,0xffdb,0xffdb,0xffdb,0xffdb,0xffdb,
    0xffdc,0xffff,0xffff,0xffff,0xffff,0xffdc,0xffdb,0xffdb,0xffdb,0xffdb,0xffdb,0xffdb,
    0xffdb,0xffdb,0xffdb,0xffdb,0xffdc,0xffff,0xffff,0xffff,0xffff,0xffdc,0xffdb,0xffdb,
    0xffdb,0xffdb,0xffdb,0xffdb,0xffdb,0xffdb,0xffdb,0xffdb,0xffdc,0xffff,0xffff,0xffff,
    0xffff,0xffdc,0xffdb,0xffdb,0xffdb,0xffdb,0xffdb,0xffdb,0xffdb,0xffdb,0xffdb,0xffdb,
    0xffdc,0xffff,0xffff,0xffff,0xffff,0xffdc,0xffdb,0xffdb,0xffdb,0xffdb,0xffdb,0xffdb,
    0xffdb,0xffdb,0xffdb,0xffdb,0xffff,0xffff,0xffdb,0xffdb,0xffdc,0xfffe,0xffdb,0xffdb,
    0xffdb,0xffdb,0xffdb,0xffdb,0xffdb,0xffdb,0xffdb,0xffdb,0xffdc,0xffdb,0xffdb,0xffdb,
    0xffdb,0xffdc,0xffdb,0xffdb,0xffdb,0xffdb,0xffdb,0xffdb,0xffdb,0xffdb,0xffdb,0xffdb,
    0xffdc,0xffdb,0xffdb,0xffdb,0xffdb,0xffdc,0xffdb,0xffdb,0xffdb,0xffdb,0xffdb,0xffdb,
    0xffdb,0xffdb,0xffdb,0xffdb,0xffdc,0xffdb,0xffdb,0xffdb,0xffdb,0xffdc,0xffdb,0xffdb,
    0xffdb,0xffdb,0xffdb,0xffdb,0xffdb,0xffdb,0xffdb,0xffdb,0xffdc,0xffdb,0xffdb,0xffdb,
    0xffdb,0xffdc,0xffdb,0xffdb,0xffdb,0xffdb,0xffdb,0xffdb,0xffdb,0xffdb,0xffdb,0xffdb,
    0xffdc,0xffdb,0xffdb,0xffdb,0xffdb,0xffdc,0xffdb,0xffdb,0xffdb,0xffdb,0xffdb,0xffdb,
    0xffdb,0xff72,0xff72,0xff72,0xff72,0xff72,0xff72,0xff72,0xff72,0xff72,0xff72,0xff72,
    0xff72,0xff72,0xff72,0xff72,0xff72,0xff72,0xff72,0xff72,0xff72,0xff72,0xff72,0xff72,
    0xff72,0xff72,0xff72,0xff72,0xff72,0xff72,0xff72,0xff72,0xff72,0xff72,0xff72,0xff72,
    0xff72,0xff72,0xff72,0xff72,0xff72,0xff72,0xff72,0xff72,0xff72,0xff72,0xff72,0xff72,
    0xff72,0xff72,0xff72,0xff72,0xff72,0xff72,0xff72,0xff72,0xff72,0xff72,0xff72,0xff72,
    0xff72,0xff72,0xff72,0xff72,0xff72,0xff72,0xff72,0xff72,0xff72,0xff72,0xff72,0xff72,
    0xff72,0xff72,0xff72,0xff72,0xff72,0xffdb,0xffdb,0xffdb,0xffdb,0xffdb,0xffdb,0xffdb,
    0xffdc,0xffdb,0xffdb,0xffdb,0xffdb,0xffdc,0xffdb,0xffdb,0xffdb,0xffdb,0xffdb,0xffdb,
    0xffdb,0xffdb,0xffdb,0xffdb,0xffdc,0xffdb,0xffdb,0xffdb,0xffdb,0xffdc,0xffdb,0xffdb,
    0xffdb,0xffdb,0xffdb,0xffdb,0xffdb,0xffdb,0xffdb,0xffdb,0xffdc,0xffdb,0xffdb,0xffdb,
    0xffdb,0xffdc,0xffdb,0xffdb,0xffdb,0xffdb,0xffdb,0xffdb,0xffdb,0xffdb,0xffdb,0xffdb,
    0xffdc,0xffdb,0xffdb,0xffdb,0xffdb,0xffdc,0xffdb,0xffdb,0xffdb,0xffdb,0xffdb,0xffdb,
    0xffdb,0xffdb,0xffdb,0xffdb,0xffdc,0xffdb,0xffdb,0xffdb,0xffdb,0xffdc,0xffdb,0xffdb,
    0xffdb,0xffdb,0xffdb,0xffdb,0xffdb,0xffdb,0xffdb,0xffdb,0xffff,0xffff,0xffdb,0xffdb,
    0xffdb,0xffdb,0xffdc,0xffdb,0xffdb,0xffdb,0xffdb,0xffdb,0xffdb,0xffdb,0xffdb,0xffdb,
    0xffdb,0xffdb,0xffdb,0xffdb,0xffdb,0xffdb,0xffdb,0xffdb,0xffdb,0xffdb,0xffdb,0xffdb,
    0xffdb,0xffdb,0xffdb,0xffdb,0xffdb,0xffdb,0xffdb,0xffdb,0xffdb,0xffdb,0xffdb,0xffdb,
    0xffdb,0xffdb,0xffdb,0xffdb,0xffdb,0xffdb,0xffdb,0xffdb,0xffdb,0xffdb,0xffdb,0xffdb,
    0xffdb,0xffdb,0xffdb,0xffdb,0xffdb,0xffdb,0xffdb,0xffdb,0xffdb,0xffdb,0xffdb,0xffdb,
    0xffdb,0xffdb,0xffdb,0xffdb,0xffdb,0xffdb,0xffdb,0xffdb,0xffdb,0xffdb,0xffdb,0xffdb,
    0xffdb,0xffdb,0xffdb,0xffdb,0xffdb,0xffdb,0xffdb,0xffdb,0xffdb,0xffdb,0xffdb,0xffdb,
    0xffdb,0xffdb,0xffdb,0xffdb,0xffdb,0xff72,0xff72,0xff72,0xff72,0xff72,0xff72,0xff72,
    0xff72,0xff72,0xff72,0xff72,0xff72,0xff72,0xff72,0xff72,0xff72,0xff72,0xff72,0xff72,
    0xff72,0xff72,0xff72,0xff72,0xff72,0xff72,0xff72,0xff72,0xff72,0xff72,0xff72,0xff72,
    0xff72,0xff72,0xff72,0xff72,0xff72,0xff72,0xff72,0xff72,0xff72,0xff72,0xff72,0xff72,
    0xff72,0xff72,0xff72,0xff72,0xff72,0xff72,0xff72,0xff72,0xff72,0xff72,0xff72,0xff72,
    0xff72,0xff72,0xff72,0xff72,0xff72,0xff72,0xff72,0xff72,0xff72,0xff72,0xff72,0xff72,
    0xff72,0xff72,0xff72,0xff72,0xff72,0xff72,0xff72,0xff72,0xff72,0xffdb,0xffdb,0xffdb,
    0xffdb,0xffdb,0xffdb,0xffdb,0xffdb,0xffdb,0xffdb,0xffdb,0xffdb,0xffdb,0xffdb,0xffdb,
    0xffdb,0xffdb,0xffdb,0xffdb,0xffdb,0xffdb,0xffdb,0xffdb,0xffdb,0xffdb,0xffdb,0xffdb,
    0xffdb,0xffdb,0xffdb,0xffdb,0xffdb,0xffdb,0xffdb,0xffdb,0xffdb,0xffdb,0xffdb,0xffdb,
    0xffdb,0xffdb,0xffdb,0xffdb,0xffdb,0xffdb,0xffdb,0xffdb,0xffdb,0xffdb,0xffdb,0xffdb,
    0xffdb,0xffdb,0xffdb,0xffdb,0xffdb,0xffdb,0xffdb,0xffdb,0xffdb,0xffdb,0xffdb,0xffdb,
    0xffdb,0xffdb,0xffdb,0xffdb,0xffdb,0xffdb,0xffdb,0xffdb,0xffdb,0xffdb,0xffdb,0xffdb,
    0xffdb,0xffdb,0xffdb,0xffdb,0xffdb,0xffdb,0xffdb,0xffdb,0xffdb,0xffdb,0xffdb,0xffdb,
    0xffff,0xffff,0xffdb,0xffdb,0xffdb,0xffdb,0xffdb,0xffdc,0xffdb,0xffdb,0xffdb,0xffdb,
    0xffdb,0xffdb,0xffdb,0xffdb,0xffdb,0xffdb,0xffdb,0xffdb,0xffdb,0xffdb,0xffdb,0xffdb,
    0xffdb,0xffdb,0xffdb,0xffdb,0xffdb,0xffdb,0xffdb,0xffdb,0xffdb,0xffdb,0xffdb,0xffdb,
    0xffdb,0xffdb,0xffdb,0xffdb,0xffdb,0xffdb,0xffdb,0xffdb,0xffdb,0xffdb,0xffdb,0xffdb,
    0xffdb,0xffdb,0xffdb,0xffdb,0xffdb,0xffdb,0xffdb,0xffdb,0xffdb,0xffdb,0xffdb,0xffdb,
    0xffdb,0xffdb,0xffdb,0xffdb,0xffdb,0xffdb,0xffdb,0xffdb,0xffdb,0xffdb,0xffdb,0xffdb,
    0xffdb,0xffdb,0xffdb,0xffdb,0xffdb,0xffdb,0xffdb,0xffdb,0xffdb,0xffdb,0xffdb,0xffdb,
    0xffdb,0xffdb,0xffdb,0xffdb,0xffdb,0xffdb,0xffdb,0xffdb,0xffdb,0xff72,0xff72,0xff72,
    0xff72,0xff72,0xff72,0xff72,0xff72,0xff72,0xff72,0xff72,0xff72,0xff72,0xff72,0xff72,
    0xff72,0xff72,0xff72,0xff72,0xff72,0xff72,0xff72,0xff72,0xff72,0xff72,0xff72,0xff72,
    0xff72,0xff72,0xff72,0xff72,0xff72,0xff72,0xff72,0xff72,0xff72,0xff72,0xff72,0xff72,
    0xff72,0xff72,0xff72,0xff72,0xff72,0xff72,0xff72,0xff72,0xff72,0xff72,0xff72,0xff72,
    0xff72,0xff72,0xff72,0xff72,0xff72,0xff72,0xff72,0xff72,0xff72,0xff72,0xff72,0xff72,
    0xff72,0xff72,0xff72,0xff72,0xff72,0xff72,0xff72,0xff72,0xff72,0xff72,0xff72,0xff72,
    0xff72,0xffdb,0xffdb,0xffdb,0xffdb,0xffdb,0xffdb,0xffdb,0xffdb,0xffdb,0xffdb,0xffdb,
    0xffdb,0xffdb,0xffdb,0xffdb,0xffdb,0xffdb,0xffdb,0xffdb,0xffdb,0xffdb,0xffdb,0xffdb,
    0xffdb,0xffdb,0xffdb,0xffdb,0xffdb,0xffdb,0xffdb,0xffdb,0xffdb,0xffdb,0xffdb,0xffdb,
    0xffdb,0xffdb,0xffdb,0xffdb,0xffdb,0xffdb,0xffdb,0xffdb,0xffdb,0xffdb,0xffdb,0xffdb,
    0xffdb,0xffdb,0xffdb,0xffdb,0xffdb,0xffdb,0xffdb,0xffdb,0xffdb,0xffdb,0xffdb,0xffdb,
    0xffdb,0xffdb,0xffdb,0xffdb,0xffdb,0xffdb,0xffdb,0xffdb,0xffdb,0xffdb,0xffdb,0xffdb,
    0xffdb,0xffdb,0xffdb,0xffdb,0xffdb,0xffdb,0xffdb,0xffdb,0xffdb,0xffdb,0xffdb,0xffdb,
    0xffdb,0xffdb,0xffdb,0xffdb,0xffff,0xffff,0xffdb,0xffdb,0xffdb,0xffdb,0xffdb,0xffdc,
    0xfffe,0xffdc,0xffdb,0xffdb,0xffdc,0xffdc,0xffdb,0xffdb,0xffdb,0xffdb,0xffdb,0xffdb,
    0xffdb,0xffdb,0xffdb,0xffdb,0xffdc,0xffdc,0xffdb,0xffdb,0xffdc,0xffdc,0xffdb,0xffdb,
    0xffdb,0xffdb,0xffdb,0xffdb,0xffdb,0xffdb,0xffdb,0xffdb,0xffdc,0xffdc,0xffdb,0xffdb,
    0xffdc,0xffdc,0xffdb,0xffdb,0xffdb,0xffdb,0xffdb,0xffdb,0xffdb,0xffdb,0xffdb,0xffdb,
    0xffdc,0xffdc,0xffdb,0xffdb,0xffdc,0xffdc,0xffdb,0xffdb,0xffdb,0xffdb,0xffdb,0xffdb,
    0xffdb,0xffdb,0xffdb,0xffdb,0xffdc,0xffdc,0xffdb,0xffdb,0xffdc,0xffdc,0xffdb,0xffdb,
    0xffdb,0xffdb,0xffdb,0xffdb,0xffdb,0xffdb,0xffdb,0xffdb,0xffdc,0xffdc,0xffdb,0xffdb,
    0xffdc,0xff72,0xff72,0xff72,0xff72,0xff72,0xff72,0xff72,0xff72,0xff72,0xff72,0xff72,
    0xff72,0xff72,0xff72,0xff72,0xff72,0xff72,0xff72,0xff72,0xff72,0xff72,0xff72,0xff72,
    0xff72,0xff72,0xff72,0xff72,0xff72,0xff72,0xff72,0xff72,0xff72,0xff72,0xff72,0xff72,
    0xff72,0xff72,0xff72,0xff72,0xff72,0xff72,0xff72,0xff72,0xff72,0xff72,0xff72,0xff72,
    0xff72,0xff72,0xff72,0xff72,0xff72,0xff72,0xff72,0xff72,0xff72,0xff72,0xff72,0xff72,
    0xff72,0xff72,0xff72,0xff72,0xff72,0xff72,0xff72,0xff72,0xff72,0xff72,0xff72,0xff72,
    0xff72,0xff72,0xff72,0xff72,0xff72,0xffdc,0xffdb,0xffdb,0xffdc,0xffdc,0xffdb,0xffdb,
    0xffdb,0xffdb,0xffdb,0xffdb,0xffdb,0xffdb,0xffdb,0xffdb,0xffdc,0xffdc,0xffdb,0xffdb,
    0xffdc,0xffdc,0xffdb,0xffdb,0xffdb,0xffdb,0xffdb,0xffdb,0xffdb,0xffdb,0xffdb,0xffdb,
    0xffdc,0xffdc,0xffdb,0xffdb,0xffdc,0xffdc,0xffdb,0xffdb,0xffdb,0xffdb,0xffdb,0xffdb,
    0xffdb,0xffdb,0xffdb,0xffdb,0xffdc,0xffdc,0xffdb,0xffdb,0xffdc,0xffdc,0xffdb,0xffdb,
    0xffdb,0xffdb,0xffdb,0xffdb,0xffdb,0xffdb,0xffdb,0xffdb,0xffdc,0xffdc,0xffdb,0xffdb,
    0xffdc,0xffdc,0xffdb,0xffdb,0xffdb,0xffdb,0xffdb,0xffdb,0xffdb,0xffdb,0xffdb,0xffdb,
    0xffdc,0xffdc,0xffdb,0xffdb,0xffdc,0xffdc,0xffdb,0xffdb,0xffff,0xffff,0xffdb,0xffdb,
    0xffdb,0xffdb,0xffdb,0xffdb,0xffff,0xffff,0xffff,0xffff,0xffff,0xffdb,0xffdb,0xffdb,
    0xffdb,0xffdb,0xffdb,0xffdb,0xffdb,0xffdb,0xffdb,0xffdb,0xffdb,0xffff,0xffff,0xffff,
    0xffff,0xffdb,0xffdb,0xffdb,0xffdb,0xffdb,0xffdb,0xffdb,0xffdb,0xffdb,0xffdb,0xffdb,
    0xffdb,0xffff,0xffff,0xffff,0xffff,0xffdb,0xffdb,0xffdb,0xffdb,0xffdb,0xffdb,0xffdb,
    0xffdb,0xffdb,0xffdb,0xffdb,0xffdb,0xffff,0xffff,0xffff,0xffff,0xffdb,0xffdb,0xffdb,
    0xffdb,0xffdb,0xffdb,0xffdb,0xffdb,0xffdb,0xffdb,0xffdb,0xffdb,0xffff,0xffff,0xffff,
    0xffff,0xffdb,0xffdb,0xffdb,0xffdb,0xffdb,0xffdb,0xffdb,0xffdb,0xffdb,0xffdb,0xffdb,
    0xffdb,0xffff,0xffff,0xffff,0xffff,0xff72,0xff72,0xff72,0xff72,0xff72,0xff72,0xff72,
    0xff72,0xff72,0xff72,0xff72,0xff72,0xff72,0xff72,0xff72,0xff72,0xff72,0xff72,0xff72,
    0xff72,0xff72,0xff72,0xff72,0xff72,0xff72,0xff72,0xff72,0xff72,0xff72,0xff72,0xff72,
    0xff72,0xff72,0xff72,0xff72,0xff72,0xff72,0xff72,0xff72,0xff72,0xff72,0xff72,0xff72,
    0xff72,0xff72,0xff72,0xff72,0xff72,0xff72,0xff72,0xff72,0xff72,0xff72,0xff72,0xff72,
    0xff72,0xff72,0xff72,0xff72,0xff72,0xff72,0xff72,0xff72,0xff72,0xff72,0xff72,0xff72,
    0xff72,0xff72,0xff72,0xff72,0xff72,0xff72,0xff72,0xff72,0xff72,0xffff,0xffff,0xffff,
    0xffff,0xffdb,0xffdb,0xffdb,0xffdb,0xffdb,0xffdb,0xffdb,0xffdb,0xffdb,0xffdb,0xffdb,
    0xffdb,0xffff,0xffff,0xffff,0xffff,0xffdb,0xffdb,0xffdb,0xffdb,0xffdb,0xffdb,0xffdb,
    0xffdb,0xffdb,0xffdb,0xffdb,0xffdb,0xffff,0xffff,0xffff,0xffff,0xffdb,0xffdb,0xffdb,
    0xffdb,0xffdb,0xffdb,0xffdb,0xffdb,0xffdb,0xffdb,0xffdb,0xffdb,0xffff,0xffff,0xffff,
    0xffff,0xffdb,0xffdb,0xffdb,0xffdb,0xffdb,0xffdb,0xffdb,0xffdb,0xffdb,0xffdb,0xffdb,
    0xffdb,0xffff,0xffff,0xffff,0xffff,0xffdb,0xffdb,0xffdb,0xffdb,0xffdb,0xffdb,0xffdb,
    0xffdb,0xffdb,0xffdb,0xffdb,0xffdb,0xffff,0xffff,0xffff,0xffff,0xffdb,0xffdb,0xffdb,
    0xffff,0xffff,0xffdb,0xffdb,0xffdb,0xffdb,0xffdb,0xffdb,0xffff,0xffff,0xffff,0xffff,
    0xffff,0xffdb,0xffdb,0xffdb,0xffdb,0xffdb,0xffdb,0xffdb,0xffdb,0xffdb,0xffdb,0xffdb,
    0xffdb,0xffff,0xffff,0xffff,0xffff,0xffdb,0xffdb,0xffdb,0xffdb,0xffdb,0xffdb,0xffdb,
    0xffdb,0xffdb,0xffdb,0xffdb,0xffdb,0xffff,0xffff,0xffff,0xffff,0xffdb,0xffdb,0xffdb,
    0xffdb,0xffdb,0xffdb,0xffdb,0xffdb,0xffdb,0xffdb,0xffdb,0xffdb,0xffff,0xffff,0xffff,
    0xffff,0xffdb,0xffdb,0xffdb,0xffdb,0xffdb,0xffdb,0xffdb,0xffdb,0xffdb,0xffdb,0xffdb,
    0xffdb,0xffff,0xffff,0xffff,0xffff,0xffdb,0xffdb,0xffdb,0xffdb,0xffdb,0xffdb,0xffdb,
    0xffdb,0xffdb,0xffdb,0xffdb,0xffdb,0xffff,0xffff,0xffff,0xffff,0xff94,0xff72,0xff72,
    0xff72,0xff72,0xff72,0xff72,0xff72,0xff72,0xff72,0xff72,0xff72,0xff72,0xff72,0xff72,
    0xff72,0xff72,0xff72,0xff72,0xff72,0xff72,0xff72,0xff72,0xff72,0xff72,0xff72,0xff72,
    0xff72,0xff72,0xff72,0xff72,0xff72,0xff72,0xff72,0xff72,0xff72,0xff72,0xff72,0xff72,
    0xff72,0xff72,0xff72,0xff72,0xff72,0xff72,0xff72,0xff72,0xff72,0xff72,0xff72,0xff72,
    0xff72,0xff72,0xff72,0xff72,0xff72,0xff72,0xff72,0xff72,0xff72,0xff72,0xff72,0xff72,
    0xff72,0xff72,0xff72,0xff72,0xff72,0xff72,0xff72,0xff72,0xff72,0xff72,0xff72,0xff72,
    0xff94,0xffff,0xffff,0xffff,0xffff,0xffdb,0xffdb,0xffdb,0xffdb,0xffdb,0xffdb,0xffdb,
    0xffdb,0xffdb,0xffdb,0xffdb,0xffdb,0xffff,0xffff,0xffff,0xffff,0xffdb,0xffdb,0xffdb,
    0xffdb,0xffdb,0xffdb,0xffdb,0xffdb,0xffdb,0xffdb,0xffdb,0xffdb,0xffff,0xffff,0xffff,
    0xffff,0xffdb,0xffdb,0xffdb,0xffdb,0xffdb,0xffdb,0xffdb,0xffdb,0xffdb,0xffdb,0xffdb,
    0xffdb,0xffff,0xffff,0xffff,0xffff,0xffdb,0xffdb,0xffdb,0xffdb,0xffdb,0xffdb,0xffdb,
    0xffdb,0xffdb,0xffdb,0xffdb,0xffdb,0xffff,0xffff,0xffff,0xffff,0xffdb,0xffdb,0xffdb,
    0xffdb,0xffdb,0xffdb,0xffdb,0xffdb,0xffdb,0xffdb,0xffdb,0xffdb,0xffff,0xffff,0xffff,
    0xffff,0xffdb,0xffdb,0xffdb,0xffff,0xffff,0xffdb,0xffdb,0xffdb,0xffdb,0xffdb,0xffdb,
    0xffff,0xffff,0xffff,0xffff,0xffff,0xffdb,0xffdb,0xffdb,0xffdb,0xffdb,0xffdb,0xffdb,
    0xffdb,0xffdb,0xffdb,0xffdb,0xffdb,0xffff,0xffff,0xffff,0xffff,0xffdb,0xffdb,0xffdb,
    0xffdb,0xffdb,0xffdb,0xffdb,0xffdb,0xffdb,0xffdb,0xffdb,0xffdb,0xffff,0xffff,0xffff,
    0xffff,0xffdb,0xffdb,0xffdb,0xffdb,0xffdb,0xffdb,0xffdb,0xffdb,0xffdb,0xffdb,0xffdb,
    0xffdb,0xffff,0xffff,0xffff,0xffff,0xffdb,0xffdb,0xffdb,0xffdb,0xffdb,0xffdb,0xffdb,
    0xffdb,0xffdb,0xffdb,0xffdb,0xffdb,0xffff,0xffff,0xffff,0xffff,0xffdb,0xffdb,0xffdb,
    0xffdb,0xffdb,0xffdb,0xffdb,0xffdb,0xffdb,0xffdb,0xffdb,0xffdb,0xffff,0xffff,0xffff,
    0xffff,0xffb6,0xff72,0xff72,0xff72,0xff72,0xff72,0xff72,0xff72,0xff72,0xff72,0xff72,
    0xff72,0xff72,0xff72,0xff72,0xff72,0xff72,0xff72,0xff72,0xff72,0xff72,0xff72,0xff72,
    0xff72,0xff72,0xff72,0xff72,0xff72,0xff72,0xff72,0xff72,0xff72,0xff72,0xff72,0xff72,
    0xff72,0xff72,0xff72,0xff72,0xff72,0xff72,0xff72,0xff72,0xff72,0xff72,0xff72,0xff72,
    0xff72,0xff72,0xff72,0xff72,0xff72,0xff72,0xff72,0xff72,0xff72,0xff72,0xff72,0xff72,
    0xff72,0xff72,0xff72,0xff72,0xff72,0xff72,0xff72,0xff72,0xff72,0xff72,0xff72,0xff72,
    0xff72,0xff72,0xff72,0xff72,0xffb8,0xffff,0xffff,0xffff,0xffff,0xffdb,0xffdb,0xffdb,
    0xffdb,0xffdb,0xffdb,0xffdb,0xffdb,0xffdb,0xffdb,0xffdb,0xffdb,0xffff,0xffff,0xffff,
    0xffff,0xffdb,0xffdb,0xffdb,0xffdb,0xffdb,0xffdb,0xffdb,0xffdb,0xffdb,0xffdb,0xffdb,
    0xffdb,0xffff,0xffff,0xffff,0xffff,0xffdb,0xffdb,0xffdb,0xffdb,0xffdb,0xffdb,0xffdb,
    0xffdb,0xffdb,0xffdb,0xffdb,0xffdb,0xffff,0xffff,0xffff,0xffff,0xffdb,0xffdb,0xffdb,
    0xffdb,0xffdb,0xffdb,0xffdb,0xffdb,0xffdb,0xffdb,0xffdb,0xffdb,0xffff,0xffff,0xffff,
    0xffff,0xffdb,0xffdb,0xffdb,0xffdb,0xffdb,0xffdb,0xffdb,0xffdb,0xffdb,0xffdb,0xffdb,
    0xffdb,0xffff,0xffff,0xffff,0xffff,0xffdb,0xffdb,0xffdb,0xffff,0xffff,0xffdb,0xffdb,
    0xffdb,0xffdb,0xffdb,0xffdb,0xfffe,0xfffd,0xffdc,0xffdc,0xfffd,0xffdb,0xffdb,0xffdb,
    0xffdb,0xffdb,0xffdb,0xffdb,0xffdb,0xffdb,0xffdb,0xffdb,0xffdb,0xfffd,0xffdc,0xffdc,
    0xfffd,0xffdb,0xffdb,0xffdb,0xffdb,0xffdb,0xffdb,0xffdb,0xffdb,0xffdb,0xffdb,0xffdb,
    0xffdb,0xfffd,0xffdc,0xffdc,0xfffd,0xffdb,0xffdb,0xffdb,0xffdb,0xffdb,0xffdb,0xffdb,
    0xffdb,0xffdb,0xffdb,0xffdb,0xffdb,0xfffd,0xffdc,0xffdc,0xfffd,0xffdb,0xffdb,0xffdb,
    0xffdb,0xffdb,0xffdb,0xffdb,0xffdb,0xffdb,0xffdb,0xffdb,0xffdb,0xfffd,0xffdc,0xffdc,
    0xfffd,0xffdb,0xffdb,0xffdb,0xffdb,0xffdb,0xffdb,0xffdb,0xffdb,0xffdb,0xffdb,0xffdb,
    0xffdb,0xfffd,0xffdc,0xffdc,0xfffd,0xffdb,0xff94,0xff72,0xff72,0xff72,0xff72,0xff72,
    0xff72,0xff72,0xff72,0xff72,0xff72,0xff72,0xff72,0xff72,0xff72,0xff72,0xff72,0xff72,
    0xff72,0xff72,0xff72,0xff72,0xff72,0xff72,0xff72,0xff72,0xff72,0xff72,0xff72,0xff72,
    0xff72,0xff72,0xff72,0xff72,0xff72,0xff72,0xff72,0xff72,0xff72,0xff72,0xff72,0xff72,
    0xff72,0xff72,0xff72,0xff72,0xff72,0xff72,0xff72,0xff72,0xff72,0xff72,0xff72,0xff72,
    0xff72,0xff72,0xff72,0xff72,0xff72,0xff72,0xff72,0xff72,0xff72,0xff72,0xff72,0xff72,
    0xff72,0xff72,0xff72,0xff72,0xff72,0xff72,0xff72,0xffb6,0xffdb,0xfffd,0xffdc,0xffdc,
    0xfffd,0xffdb,0xffdb,0xffdb,0xffdb,0xffdb,0xffdb,0xffdb,0xffdb,0xffdb,0xffdb,0xffdb,
    0xffdb,0xfffd,0xffdc,0xffdc,0xfffd,0xffdb,0xffdb,0xffdb,0xffdb,0xffdb,0xffdb,0xffdb,
    0xffdb,0xffdb,0xffdb,0xffdb,0xffdb,0xfffd,0xffdc,0xffdc,0xfffd,0xffdb,0xffdb,0xffdb,
    0xffdb,0xffdb,0xffdb,0xffdb,0xffdb,0xffdb,0xffdb,0xffdb,0xffdb,0xfffd,0xffdc,0xffdc,
    0xfffd,0xffdb,0xffdb,0xffdb,0xffdb,0xffdb,0xffdb,0xffdb,0xffdb,0xffdb,0xffdb,0xffdb,
    0xffdb,0xfffd,0xffdc,0xffdc,0xfffd,0xffdb,0xffdb,0xffdb,0xffdb,0xffdb,0xffdb,0xffdb,
    0xffdb,0xffdb,0xffdb,0xffdb,0xffdb,0xfffd,0xffdc,0xffdc,0xfffd,0xffdb,0xffdb,0xffdb,
    0xffff,0xffff,0xffdb,0xffdb,0xffdb,0xffdb,0xffdb,0xffdb,0xffdb,0xffdb,0xffdb,0xffdb,
    0xffdb,0xffdb,0xffdb,0xffdb,0xffdb,0xffdb,0xffdb,0xffdb,0xffdb,0xffdb,0xffdb,0xffdb,
    0xffdb,0xffdb,0xffdb,0xffdb,0xffdb,0xffdb,0xffdb,0xffdb,0xffdb,0xffdb,0xffdb,0xffdb,
    0xffdb,0xffdb,0xffdb,0xffdb,0xffdb,0xffdb,0xffdb,0xffdb,0xffdb,0xffdb,0xffdb,0xffdb,
    0xffdb,0xffdb,0xffdb,0xffdb,0xffdb,0xffdb,0xffdb,0xffdb,0xffdb,0xffdb,0xffdb,0xffdb,
    0xffdb,0xffdb,0xffdb,0xffdb,0xffdb,0xffdb,0xffdb,0xffdb,0xffdb,0xffdb,0xffdb,0xffdb,
    0xffdb,0xffdb,0xffdb,0xffdb,0xffdb,0xffdb,0xffdb,0xffdb,0xffdb,0xffdb,0xffdb,0xffdb,
    0xffdb,0xffdb,0xffdb,0xffdb,0xffdb,0xffdb,0xffdb,0xffdb,0xffdb,0xffdb,0xffdb,0xffb6,
    0xff94,0xff72,0xff72,0xff72,0xff72,0xff72,0xff72,0xff72,0xff72,0xff72,0xff72,0xff72,
    0xff72,0xff72,0xff72,0xff72,0xff72,0xff72,0xff72,0xff72,0xff72,0xff72,0xff72,0xff72,
    0xff72,0xff72,0xff72,0xff72,0xff72,0xff72,0xff72,0xff72,0xff72,0xff72,0xff72,0xff72,
    0xff72,0xff72,0xff72,0xff72,0xff72,0xff72,0xff72,0xff72,0xff72,0xff72,0xff72,0xff72,
    0xff72,0xff72,0xff72,0xff72,0xff72,0xff72,0xff72,0xff72,0xff72,0xff72,0xff72,0xff72,
    0xff72,0xff72,0xff72,0xff72,0xff72,0xff72,0xff72,0xff72,0xff72,0xff94,0xffb6,0xffdb,
    0xffdb,0xffdb,0xffdb,0xffdb,0xffdb,0xffdb,0xffdb,0xffdb,0xffdb,0xffdb,0xffdb,0xffdb,
    0xffdb,0xffdb,0xffdb,0xffdb,0xffdb,0xffdb,0xffdb,0xffdb,0xffdb,0xffdb,0xffdb,0xffdb,
    0xffdb,0xffdb,0xffdb,0xffdb,0xffdb,0xffdb,0xffdb,0xffdb,0xffdb,0xffdb,0xffdb,0xffdb,
    0xffdb,0xffdb,0xffdb,0xffdb,0xffdb,0xffdb,0xffdb,0xffdb,0xffdb,0xffdb,0xffdb,0xffdb,
    0xffdb,0xffdb,0xffdb,0xffdb,0xffdb,0xffdb,0xffdb,0xffdb,0xffdb,0xffdb,0xffdb,0xffdb,
    0xffdb,0xffdb,0xffdb,0xffdb,0xffdb,0xffdb,0xffdb,0xffdb,0xffdb,0xffdb,0xffdb,0xffdb,
    0xffdb,0xffdb,0xffdb,0xffdb,0xffdb,0xffdb,0xffdb,0xffdb,0xffdb,0xffdb,0xffdb,0xffdb,
    0xffdb,0xffdb,0xffdb,0xffdb,0xffff,0xffff,0xffdb,0xffdb,0xffdb,0xffdb,0xffdb,0xffdb,
    0xffdb,0xffdb,0xffdb,0xffdb,0xffdb,0xffdb,0xffdb,0xffdb,0xffdb,0xffdb,0xffdb,0xffdb,
    0xffdb,0xffdb,0xffdb,0xffdb,0xffdb,0xffdb,0xffdb,0xffdb,0xffdb,0xffdb,0xffdb,0xffdb,
    0xffdb,0xffdb,0xffdb,0xffdb,0xffdb,0xffdb,0xffdb,0xffdb,0xffdb,0xffdb,0xffdb,0xffdb,
    0xffdb,0xffdb,0xffdb,0xffdb,0xffdb,0xffdb,0xffdb,0xffdb,0xffdb,0xffdb,0xffdb,0xffdb,
    0xffdb,0xffdb,0xffdb,0xffdb,0xffdb,0xffdb,0xffdb,0xffdb,0xffdb,0xffdb,0xffdb,0xffdb,
    0xffdb,0xffdb,0xffdb,0xffdb,0xffdb,0xffdb,0xffdb,0xffdb,0xffdb,0xffdb,0xffdb,0xffdb,
    0xffdb,0xffdb,0xffdb,0xffdb,0xffdb,0xffdb,0xffdb,0xffdb,0xffdb,0xffdb,0xffdb,0xffdb,
    0xffdb,0xffdb,0xffdb,0xffdb,0xffb6,0xff94,0xff94,0xff94,0xff94,0xff94,0xff94,0xff94,
    0xff94,0xff94,0xff94,0xff94,0xff94,0xff94,0xff94,0xff94,0xff94,0xff94,0xff94,0xff94,
    0xff94,0xff94,0xff94,0xff94,0xff94,0xff94,0xff94,0xff94,0xff94,0xff94,0xff94,0xff94,
    0xff94,0xff94,0xff94,0xff94,0xff94,0xff94,0xff94,0xff94,0xff94,0xff94,0xff94,0xff94,
    0xff94,0xff94,0xff94,0xff94,0xff94,0xff94,0xff94,0xff94,0xff94,0xff94,0xff94,0xff94,
    0xff94,0xff94,0xff94,0xff94,0xff94,0xff94,0xff94,0xff94,0xff94,0xff94,0xff94,0xff94,
    0xff94,0xffb8,0xffdb,0xffdb,0xffdb,0xffdb,0xffdb,0xffdb,0xffdb,0xffdb,0xffdb,0xffdb,
    0xffdb,0xffdb,0xffdb,0xffdb,0xffdb,0xffdb,0xffdb,0xffdb,0xffdb,0xffdb,0xffdb,0xffdb,
    0xffdb,0xffdb,0xffdb,0xffdb,0xffdb,0xffdb,0xffdb,0xffdb,0xffdb,0xffdb,0xffdb,0xffdb,
    0xffdb,0xffdb,0xffdb,0xffdb,0xffdb,0xffdb,0xffdb,0xffdb,0xffdb,0xffdb,0xffdb,0xffdb,
    0xffdb,0xffdb,0xffdb,0xffdb,0xffdb,0xffdb,0xffdb,0xffdb,0xffdb,0xffdb,0xffdb,0xffdb,
    0xffdb,0xffdb,0xffdb,0xffdb,0xffdb,0xffdb,0xffdb,0xffdb,0xffdb,0xffdb,0xffdb,0xffdb,
    0xffdb,0xffdb,0xffdb,0xffdb,0xffdb,0xffdb,0xffdb,0xffdb,0xffdb,0xffdb,0xffdb,0xffdb,
    0xffdb,0xffdb,0xffdb,0xffdb,0xffdb,0xffdb,0xffdb,0xffdb,0xffff,0xffff,0xffdb,0xffdb,
    0xffdb,0xffdb,0xffdb,0xffdb,0xffdb,0xffdb,0xffdb,0xffdb,0xffdb,0xffdb,0xffdb,0xffdb,
    0xffdb,0xffdb,0xffdb,0xffdb,0xffdb,0xffdb,0xffdb,0xffdb,0xffdb,0xffdb,0xffdb,0xffdb,
    0xffdb,0xffdb,0xffdb,0xffdb,0xffdb,0xffdb,0xffdb,0xffdb,0xffdb,0xffdb,0xffdb,0xffdb,
    0xffdb,0xffdb,0xffdb,0xffdb,0xffdb,0xffdb,0xffdb,0xffdb,0xffdb,0xffdb,0xffdb,0xffdb,
    0xffdb,0xffdb,0xffdb,0xffdb,0xffdb,0xffdb,0xffdb,0xffdb,0xffdb,0xffdb,0xffdb,0xffdb,
    0xffdb,0xffdb,0xffdb,0xffdb,0xffdb,0xffdb,0xffdb,0xffdb,0xffdb,0xffdb,0xffdb,0xffdb,
    0xffdb,0xffdb,0xffdb,0xffdb,0xffdb,0xffdb,0xffdb,0xffdb,0xffdb,0xffdb,0xffdb,0xffdb,
    0xffdb,0xffdb,0xffdb,0xffdb,0xffdb,0xffdb,0xffdb,0xffdb,0xffdb,0xffdb,0xffdb,0xffdb,
    0xffdb,0xffdb,0xffdb,0xffdb,0xffdb,0xffdb,0xffdb,0xffdb,0xffdb,0xffdb,0xffdb,0xffdb,
    0xffdb,0xffdb,0xffdb,0xffdb,0xffdb,0xffdb,0xffdb,0xffdb,0xffdb,0xffdb,0xffdb,0xffdb,
    0xffdb,0xffdb,0xffdb,0xffdb,0xffdb,0xffdb,0xffdb,0xffdb,0xffdb,0xffdb,0xffdb,0xffdb,
    0xffdb,0xffdb,0xffdb,0xffdb,0xffdb,0xffdb,0xffdb,0xffdb,0xffdb,0xffdb,0xffdb,0xffdb,
    0xffdb,0xffdb,0xffdb,0xffdb,0xffdb,0xffdb,0xffdb,0xffdb,0xffdb,0xffdb,0xffdb,0xffdb,
    0xffdb,0xffdb,0xffdb,0xffdb,0xffdb,0xffdb,0xffdb,0xffdb,0xffdb,0xffdb,0xffdb,0xffdb,
    0xffdb,0xffdb,0xffdb,0xffdb,0xffdb,0xffdb,0xffdb,0xffdb,0xffdb,0xffdb,0xffdb,0xffdb,
    0xffdb,0xffdb,0xffdb,0xffdb,0xffdb,0xffdb,0xffdb,0xffdb,0xffdb,0xffdb,0xffdb,0xffdb,
    0xffdb,0xffdb,0xffdb,0xffdb,0xffdb,0xffdb,0xffdb,0xffdb,0xffdb,0xffdb,0xffdb,0xffdb,
    0xffdb,0xffdb,0xffdb,0xffdb,0xffdb,0xffdb,0xffdb,0xffdb,0xffdb,0xffdb,0xffdb,0xffdb,
    0xffdb,0xffdb,0xffdb,0xffdb,0xffdb,0xffdb,0xffdb,0xffdb,0xffdb,0xffdb,0xffdb,0xffdb,
    0xffdb,0xffdb,0xffdb,0xffdb,0xffdb,0xffdb,0xffdb,0xffdb,0xffdb,0xffdb,0xffdb,0xffdb,
    0xffdb,0xffdb,0xffdb,0xffdb,0xffdb,0xffdb,0xffdb,0xffdb,0xffdb,0xffdb,0xffdb,0xffdb,
    0xffff,0xffff,0xffdb,0xffdb,0xffdc,0xffdb,0xffdb,0xffdb,0xffdb,0xffdb,0xffdb,0xffdb,
    0xffdb,0xffdb,0xffdb,0xffdb,0xffdb,0xffdb,0xffdb,0xffdb,0xffdb,0xffdb,0xffdb,0xffdb,
    0xffdb,0xffdb,0xffdb,0xffdb,0xffdb,0xffdb,0xffdb,0xffdb,0xffdb,0xffdb,0xffdb,0xffdb,
    0xffdb,0xffdb,0xffdb,0xffdb,0xffdb,0xffdb,0xffdb,0xffdb,0xffdb,0xffdb,0xffdb,0xffdb,
    0xffdb,0xffdb,0xffdb,0xffdb,0xffdb,0xffdb,0xffdb,0xffdb,0xffdb,0xffdb,0xffdb,0xffdb,
    0xffdb,0xffdb,0xffdb,0xffdb,0xffdb,0xffdb,0xffdb,0xffdb,0xffdb,0xffdb,0xffdb,0xffdb,
    0xffdb,0xffdb,0xffdb,0xffdb,0xffdb,0xffdb,0xffdb,0xffdb,0xffdb,0xffdb,0xffdb,0xffdb,
    0xffdb,0xffdb,0xffdb,0xffdb,0xffdb,0xffdb,0xffdb,0xffdb,0xffdb,0xffdb,0xffdb,0xffdb,
    0xffdb,0xffdb,0xffdb,0xffdb,0xffdb,0xffdb,0xffdb,0xffdb,0xffdb,0xffdb,0xffdb,0xffdb,
    0xffdb,0xffdb,0xffdb,0xffdb,0xffdb,0xffdb,0xffdb,0xffdb,0xffdb,0xffdb,0xffdb,0xffdb,
    0xffdb,0xffdb,0xffdb,0xffdb,0xffdb,0xffdb,0xffdb,0xffdb,0xffdb,0xffdb,0xffdb,0xffdb,
    0xffdb,0xffdb,0xffdb,0xffdb,0xffdb,0xffdb,0xffdb,0xffdb,0xffdb,0xffdb,0xffdb,0xffdb,
    0xffdb,0xffdb,0xffdb,0xffdb,0xffdb,0xffdb,0xffdb,0xffdb,0xffdb,0xffdb,0xffdb,0xffdb,
    0xffdb,0xffdb,0xffdb,0xffdb,0xffdb,0xffdb,0xffdb,0xffdb,0xffdb,0xffdb,0xffdb,0xffdb,
    0xffdb,0xffdb,0xffdb,0xffdb,0xffdb,0xffdb,0xffdb,0xffdb,0xffdb,0xffdb,0xffdb,0xffdb,
    0xffdb,0xffdb,0xffdb,0xffdb,0xffdb,0xffdb,0xffdb,0xffdb,0xffdb,0xffdb,0xffdb,0xffdb,
    0xffdb,0xffdb,0xffdb,0xffdb,0xffdb,0xffdb,0xffdb,0xffdb,0xffdb,0xffdb,0xffdb,0xffdb,
    0xffdb,0xffdb,0xffdb,0xffdb,0xffdb,0xffdb,0xffdb,0xffdb,0xffdb,0xffdb,0xffdb,0xffdb,
    0xffdb,0xffdb,0xffdb,0xffdb,0xffdb,0xffdb,0xffdb,0xffdb,0xffdb,0xffdb,0xffdb,0xffdb,
    0xffdb,0xffdb,0xffdb,0xffdb,0xffdb,0xffdb,0xffdb,0xffdb,0xffdb,0xffdb,0xffdb,0xffdb,
    0xffdb,0xffdb,0xffdb,0xffdb,0xffdb,0xffdb,0xffdb,0xffdb,0xffdb,0xffdb,0xffdb,0xffdb,
    0xffdb,0xffdb,0xffdb,0xffdb,0xffff,0xffff,0xffff,0xffff,0xfffd,0xffdb,0xffdb,0xffdb,
    0xffdb,0xffdb,0xffdb,0xffdb,0xffdb,0xffdb,0xffdb,0xffdb,0xffdb,0xfffd,0xffff,0xffff,
    0xfffd,0xffdb,0xffdb,0xffdb,0xffdb,0xffdb,0xffdb,0xffdb,0xffdb,0xffdb,0xffdb,0xffdb,
    0xffdb,0xfffd,0xffff,0xffff,0xfffd,0xffdb,0xffdb,0xffdb,0xffdb,0xffdb,0xffdb,0xffdb,
    0xffdb,0xffdb,0xffdb,0xffdb,0xffdb,0xfffd,0xffff,0xffff,0xfffd,0xffdb,0xffdb,0xffdb,
    0xffdb,0xffdb,0xffdb,0xffdb,0xffdb,0xffdb,0xffdb,0xffdb,0xffdb,0xfffd,0xffff,0xffff,
    0xfffd,0xffdb,0xffdb,0xffdb,0xffdb,0xffdb,0xffdb,0xffdb,0xffdb,0xffdb,0xffdb,0xffdb,
    0xffdb,0xfffd,0xffff,0xffff,0xfffd,0xffdb,0xffdb,0xffdb,0xffdb,0xffdb,0xffdb,0xffdb,
    0xffdb,0xffdb,0xffdb,0xffdb,0xffdb,0xfffd,0xffff,0xffff,0xfffd,0xffdb,0xffdb,0xffdb,
    0xffdb,0xffdb,0xffdb,0xffdb,0xffdb,0xffdb,0xffdb,0xffdb,0xffdb,0xfffd,0xfffe,0xffff,
    0xfffd,0xffdb,0xffdb,0xffdb,0xffdb,0xffdb,0xffdb,0xffdb,0xffdb,0xffdb,0xffdb,0xffdb,
    0xffdb,0xfffd,0xffff,0xffff,0xfffd,0xffdb,0xffdb,0xffdb,0xffdb,0xffdb,0xffdb,0xffdb,
    0xffdb,0xffdb,0xffdb,0xffdb,0xffdb,0xffdd,0xfffe,0xfffe,0xffdd,0xffdb,0xffdb,0xffdb,
    0xffdb,0xffdb,0xffdb,0xffdb,0xffdb,0xffdb,0xffdb,0xffdb,0xffdb,0xfffd,0xffff,0xffff,
    0xfffd,0xffdb,0xffdb,0xffdb,0xffdb,0xffdb,0xffdb,0xffdb,0xffdb,0xffdb,0xffdb,0xffdb,
    0xffdb,0xfffd,0xffff,0xffff,0xfffd,0xffdb,0xffdb,0xffdb,0xffdb,0xffdb,0xffdb,0xffdb,
    0xffdb,0xffdb,0xffdb,0xffdb,0xffdb,0xfffd,0xffff,0xffff,0xfffd,0xffdb,0xffdb,0xffdb,
    0xffdb,0xffdb,0xffdb,0xffdb,0xffdb,0xffdb,0xffdb,0xffdb,0xffdb,0xfffd,0xffff,0xffff,
    0xfffd,0xffdb,0xffdb,0xffdb,0xffdb,0xffdb,0xffdb,0xffdb,0xffdb,0xffdb,0xffdb,0xffdb,
    0xffdb,0xfffd,0xffff,0xffff,0xfffd,0xffdb,0xffdb,0xffdb,0xffdb,0xffdb,0xffdb,0xffdb,
    0xffdb,0xffdb,0xffdb,0xffdb,0xffdb,0xfffd,0xffff,0xffff,0xfffd,0xffdb,0xffdb,0xffdb,
    0xffdb,0xffdb,0xffdb,0xffdb,0xffdb,0xffdb,0xffdb,0xffdb,0xffff,0xffff,0xffff,0xffff,
    0xffdc,0xffdb,0xffdb,0xffdb,0xffdb,0xffdb,0xffdb,0xffdb,0xffdb,0xffdb,0xffdb,0xffdb,
    0xffdb,0xffdc,0xffff,0xffff,0xffdc,0xffdb,0xffdb,0xffdb,0xffdb,0xffdb,0xffdb,0xffdb,
    0xffdb,0xffdb,0xffdb,0xffdb,0xffdb,0xffdc,0xffff,0xffff,0xffdc,0xffdb,0xffdb,0xffdb,
    0xffdb,0xffdb,0xffdb,0xffdb,0xffdb,0xffdb,0xffdb,0xffdb,0xffdb,0xffdc,0xffff,0xffff,
    0xffdc,0xffdb,0xffdb,0xffdb,0xffdb,0xffdb,0xffdb,0xffdb,0xffdb,0xffdb,0xffdb,0xffdb,
    0xffdb,0xffdc,0xffff,0xffff,0xffdc,0xffdb,0xffdb,0xffdb,0xffdb,0xffdb,0xffdb,0xffdb,
    0xffdb,0xffdb,0xffdb,0xffdb,0xffdb,0xffdc,0xffff,0xffff,0xffdc,0xffdb,0xffdb,0xffdb,
    0xffdb,0xffdb,0xffdb,0xffdb,0xffdb,0xffdb,0xffdb,0xffdb,0xffdb,0xffdc,0xffff,0xffff,
    0xffdc,0xffdb,0xffdb,0xffdb,0xffdb,0xffdb,0xffdb,0xffdb,0xffdb,0xffdb,0xffdb,0xffdb,
    0xffdb,0xffdc,0xffff,0xffff,0xffdc,0xffdb,0xffdb,0xffdb,0xffdb,0xffdb,0xffdb,0xffdb,
    0xffdb,0xffdb,0xffdb,0xffdb,0xffdb,0xffdc,0xffff,0xffff,0xffdc,0xffdb,0xffdb,0xffdb,
    0xffdb,0xffdb,0xffdb,0xffdb,0xffdb,0xffdb,0xffdb,0xffdb,0xffdb,0xffdc,0xffff,0xffff,
    0xffdc,0xffdb,0xffdb,0xffdb,0xffdb,0xffdb,0xffdb,0xffdb,0xffdb,0xffdb,0xffdb,0xffdb,
    0xffdb,0xffdc,0xffff,0xffff,0xffdc,0xffdb,0xffdb,0xffdb,0xffdb,0xffdb,0xffdb,0xffdb,
    0xffdb,0xffdb,0xffdb,0xffdb,0xffdb,0xffdc,0xffff,0xffff,0xffdc,0xffdb,0xffdb,0xffdb,
    0xffdb,0xffdb,0xffdb,0xffdb,0xffdb,0xffdb,0xffdb,0xffdb,0xffdb,0xffdc,0xffff,0xffff,
    0xffdc,0xffdb,0xffdb,0xffdb,0xffdb,0xffdb,0xffdb,0xffdb,0xffdb,0xffdb,0xffdb,0xffdb,
    0xffdb,0xffdc,0xffff,0xffff,0xffdc,0xffdb,0xffdb,0xffdb,0xffdb,0xffdb,0xffdb,0xffdb,
    0xffdb,0xffdb,0xffdb,0xffdb,0xffdb,0xffdc,0xffff,0xffff,0xffdc,0xffdb,0xffdb,0xffdb,
    0xffdb,0xffdb,0xffdb,0xffdb,0xffdb,0xffdb,0xffdb,0xffdb,0xffdb,0xffdc,0xffff,0xffff,
    0xffdc,0xffdb,0xffdb,0xffdb,0xffdb,0xffdb,0xffdb,0xffdb,0xffdb,0xffdb,0xffdb,0xffdb,
    0xffff,0xffff,0xffff,0xffff,0xffdc,0xffdb,0xffdb,0xffdb,0xffdb,0xffdb,0xffdb,0xffdb,
    0xffdb,0xffdb,0xffdb,0xffdb,0xffdb,0xffdc,0xfffe,0xfffe,0xffdc,0xffdb,0xffdb,0xffdb,
    0xffdb,0xffdb,0xffdb,0xffdb,0xffdb,0xffdb,0xffdb,0xffdb,0xffdb,0xffdc,0xfffe,0xfffe,
    0xffdc,0xffdb,0xffdb,0xffdb,0xffdb,0xffdb,0xffdb,0xffdb,0xffdb,0xffdb,0xffdb,0xffdb,
    0xffdb,0xffdc,0xfffe,0xfffe,0xffdc,0xffdb,0xffdb,0xffdb,0xffdb,0xffdb,0xffdb,0xffdb,
    0xffdb,0xffdb,0xffdb,0xffdb,0xffdb,0xffdc,0xfffe,0xfffe,0xffdc,0xffdb,0xffdb,0xffdb,
    0xffdb,0xffdb,0xffdb,0xffdb,0xffdb,0xffdb,0xffdb,0xffdb,0xffdb,0xffdc,0xfffe,0xfffe,
    0xffdc,0xffdb,0xffdb,0xffdb,0xffdb,0xffdb,0xffdb,0xffdb,0xffdb,0xffdb,0xffdb,0xffdb,
    0xffdb,0xffdc,0xfffe,0xfffe,0xffdc,0xffdb,0xffdb,0xffdb,0xffdb,0xffdb,0xffdb,0xffdb,
    0xffdb,0xffdb,0xffdb,0xffdb,0xffdb,0xffdc,0xfffe,0xfffe,0xffdc,0xffdb,0xffdb,0xffdb,
    0xffdb,0xffdb,0xffdb,0xffdb,0xffdb,0xffdb,0xffdb,0xffdb,0xffdb,0xffdc,0xfffe,0xfffe,
    0xffdc,0xffdb,0xffdb,0xffdb,0xffdb,0xffdb,0xffdb,0xffdb,0xffdb,0xffdb,0xffdb,0xffdb,
    0xffdb,0xffdc,0xfffe,0xfffe,0xffdb,0xffdb,0xffdb,0xffdb,0xffdb,0xffdb,0xffdb,0xffdb,
    0xffdb,0xffdb,0xffdb,0xffdb,0xffdb,0xffdc,0xfffe,0xfffe,0xffdc,0xffdb,0xffdb,0xffdb,
    0xffdb,0xffdb,0xffdb,0xffdb,0xffdb,0xffdb,0xffdb,0xffdb,0xffdb,0xffdc,0xfffe,0xfffe,
    0xffdc,0xffdb,0xffdb,0xffdb,0xffdb,0xffdb,0xffdb,0xffdb,0xffdb,0xffdb,0xffdb,0xffdb,
    0xffdb,0xffdc,0xfffe,0xfffe,0xffdc,0xffdb,0xffdb,0xffdb,0xffdb,0xffdb,0xffdb,0xffdb,
    0xffdb,0xffdb,0xffdb,0xffdb,0xffdb,0xffdc,0xfffe,0xfffe,0xffdc,0xffdb,0xffdb,0xffdb,
    0xffdb,0xffdb,0xffdb,0xffdb,0xffdb,0xffdb,0xffdb,0xffdb,0xffdb,0xffdc,0xfffe,0xfffe,
    0xffdc,0xffdb,0xffdb,0xffdb,0xffdb,0xffdb,0xffdb,0xffdb,0xffdb,0xffdb,0xffdb,0xffdb,
    0xffdb,0xffdc,0xfffe,0xfffe,0xffdc,0xffdb,0xffdb,0xffdb,0xffdb,0xffdb,0xffdb,0xffdb,
    0xffdb,0xffdb,0xffdb,0xffdb,0xffff,0xffff,0xffdb,0xffdb,0xffdb,0xffdb,0xffdb,0xffdb,
    0xffdb,0xffdb,0xffdb,0xffdb,0xffdb,0xffdb,0xffdb,0xffdb,0xffdb,0xffdb,0xffdb,0xffdb,
    0xffdb,0xffdb,0xffdb,0xffdb,0xffdb,0xffdb,0xffdb,0xffdb,0xffdb,0xffdb,0xffdb,0xffdb,
    0xffdb,0xffdb,0xffdb,0xffdb,0xffdb,0xffdb,0xffdb,0xffdb,0xffdb,0xffdb,0xffdb,0xffdb,
    0xffdb,0xffdb,0xffdb,0xffdb,0xffdb,0xffdb,0xffdb,0xffdb,0xffdb,0xffdb,0xffdb,0xffdb,
    0xffdb,0xffdb,0xffdb,0xffdb,0xffdb,0xffdb,0xffdb,0xffdb,0xffdb,0xffdb,0xffdb,0xffdb,
    0xffdb,0xffdb,0xffdb,0xffdb,0xffdb,0xffdb,0xffdb,0xffdb,0xffdb,0xffdb,0xffdb,0xffdb,
    0xffdb,0xffdb,0xffdb,0xffdb,0xffdb,0xffdb,0xffdb,0xffdb,0xffdb,0xffdb,0xffdb,0xffdb,
    0xffdb,0xffdb,0xffdb,0xffdb,0xffdb,0xffdb,0xffdb,0xffdb,0xffdb,0xffdb,0xffdb,0xffdb,
    0xffdb,0xffdb,0xffdb,0xffdb,0xffdb,0xffdb,0xffdb,0xffdb,0xffdb,0xffdb,0xffdb,0xffdb,
    0xffdb,0xffdb,0xffdb,0xffdb,0xffdb,0xffdb,0xffdb,0xffdb,0xffdb,0xffdb,0xffdb,0xffdb,
    0xffdb,0xffdb,0xffdb,0xffdb,0xffdb,0xffdb,0xffdb,0xffdb,0xffdb,0xffdb,0xffdb,0xffdb,
    0xffdb,0xffdb,0xffdb,0xffdb,0xffdb,0xffdb,0xffdb,0xffdb,0xffdb,0xffdb,0xffdb,0xffdb,
    0xffdb,0xffdb,0xffdb,0xffdb,0xffdb,0xffdb,0xffdb,0xffdb,0xffdb,0xffdb,0xffdb,0xffdb,
    0xffdb,0xffdb,0xffdb,0xffdb,0xffdb,0xffdb,0xffdb,0xffdb,0xffdb,0xffdb,0xffdb,0xffdb,
    0xffdb,0xffdb,0xffdb,0xffdb,0xffdb,0xffdb,0xffdb,0xffdb,0xffdb,0xffdb,0xffdb,0xffdb,
    0xffdb,0xffdb,0xffdb,0xffdb,0xffdb,0xffdb,0xffdb,0xffdb,0xffdb,0xffdb,0xffdb,0xffdb,
    0xffdb,0xffdb,0xffdb,0xffdb,0xffdb,0xffdb,0xffdb,0xffdb,0xffdb,0xffdb,0xffdb,0xffdb,
    0xffdb,0xffdb,0xffdb,0xffdb,0xffdb,0xffdb,0xffdb,0xffdb,0xffdb,0xffdb,0xffdb,0xffdb,
    0xffdb,0xffdb,0xffdb,0xffdb,0xffdb,0xffdb,0xffdb,0xffdb,0xffdb,0xffdb,0xffdb,0xffdb,
    0xffdb,0xffdb,0xffdb,0xffdb,0xffdb,0xffdb,0xffdb,0xffdb,0xffdb,0xffdb,0xffdb,0xffdb,
    0xffdb,0xffdb,0xffdb,0xffdb,0xffdb,0xffdb,0xffdb,0xffdb,0xffff,0xffff,0xffdb,0xffdb,
    0xffdb,0xffdb,0xffdb,0xffdb,0xffdb,0xffdb,0xffdb,0xffdb,0xffdb,0xffdb,0xffdb,0xffdb,
    0xffdb,0xffdb,0xffdb,0xffdb,0xffdb,0xffdb,0xffdb,0xffdb,0xffdb,0xffdb,0xffdb,0xffdb,
    0xffdb,0xffdb,0xffdb,0xffdb,0xffdb,0xffdb,0xffdb,0xffdb,0xffdb,0xffdb,0xffdb,0xffdb,
    0xffdb,0xffdb,0xffdb,0xffdb,0xffdb,0xffdb,0xffdb,0xffdb,0xffdb,0xffdb,0xffdb,0xffdb,
    0xffdb,0xffdb,0xffdb,0xffdb,0xffdb,0xffdb,0xffdb,0xffdb,0xffdb,0xffdb,0xffdb,0xffdb,
    0xffdb,0xffdb,0xffdb,0xffdb,0xffdb,0xffdb,0xffdb,0xffdb,0xffdb,0xffdb,0xffdb,0xffdb,
    0xffdb,0xffdb,0xffdb,0xffdb,0xffdb,0xffdb,0xffdb,0xffdb,0xffdb,0xffdb,0xffdb,0xffdb,
    0xffdb,0xffdb,0xffdb,0xffdb,0xffdb,0xffdb,0xffdb,0xffdb,0xffdb,0xffdb,0xffdb,0xffdb,
    0xffdb,0xffdb,0xffdb,0xffdb,0xffdb,0xffdb,0xffdb,0xffdb,0xffdb,0xffdb,0xffdb,0xffdb,
    0xffdb,0xffdb,0xffdb,0xffdb,0xffdb,0xffdb,0xffdb,0xffdb,0xffdb,0xffdb,0xffdb,0xffdb,
    0xffdb,0xffdb,0xffdb,0xffdb,0xffdb,0xffdb,0xffdb,0xffdb,0xffdb,0xffdb,0xffdb,0xffdb,
    0xffdb,0xffdb,0xffdb,0xffdb,0xffdb,0xffdb,0xffdb,0xffdb,0xffdb,0xffdb,0xffdb,0xffdb,
    0xffdb,0xffdb,0xffdb,0xffdb,0xffdb,0xffdb,0xffdb,0xffdb,0xffdb,0xffdb,0xffdb,0xffdb,
    0xffdb,0xffdb,0xffdb,0xffdb,0xffdb,0xffdb,0xffdb,0xffdb,0xffdb,0xffdb,0xffdb,0xffdb,
    0xffdb,0xffdb,0xffdb,0xffdb,0xffdb,0xffdb,0xffdb,0xffdb,0xffdb,0xffdb,0xffdb,0xffdb,
    0xffdb,0xffdb,0xffdb,0xffdb,0xffdb,0xffdb,0xffdb,0xffdb,0xffdb,0xffdb,0xffdb,0xffdb,
    0xffdb,0xffdb,0xffdb,0xffdb,0xffdb,0xffdb,0xffdb,0xffdb,0xffdb,0xffdb,0xffdb,0xffdb,
    0xffdb,0xffdb,0xffdb,0xffdb,0xffdb,0xffdb,0xffdb,0xffdb,0xffdb,0xffdb,0xffdb,0xffdb,
    0xffdb,0xffdb,0xffdb,0xffdb,0xffdb,0xffdb,0xffdb,0xffdb,0xffdb,0xffdb,0xffdb,0xffdb,
    0xffdb,0xffdb,0xffdb,0xffdb,0xffdb,0xffdb,0xffdb,0xffdb,0xffdb,0xffdb,0xffdb,0xffdb,
    0xffdb,0xffdb,0xffdb,0xffdb,0xffdb,0xffdb,0xffdb,0xffdb,0xffdb,0xffdb,0xffdb,0xffdb,
    0xffff,0xffff,0xffdb,0xffdb,0xffdb,0xffdb,0xffdb,0xffdb,0xffdb,0xffdb,0xffdb,0xffdb,
    0xffdb,0xffdb,0xffdb,0xffdb,0xffdb,0xffdb,0xffdb,0xffdb,0xffdb,0xffdb,0xffdb,0xffdb,
    0xffdb,0xffdb,0xffdb,0xffdb,0xffdb,0xffdb,0xffdb,0xffdb,0xffdb,0xffdb,0xffdb,0xffdb,
    0xffdb,0xffdb,0xffdb,0xffdb,0xffdb,0xffdb,0xffdb,0xffdb,0xffdb,0xffdb,0xffdb,0xffdb,
    0xffdb,0xffdb,0xffdb,0xffdb,0xffdb,0xffdb,0xffdb,0xffdb,0xffdb,0xffdb,0xffdb,0xffdb,
    0xffdb,0xffdb,0xffdb,0xffdb,0xffdb,0xffdb,0xffdb,0xffdb,0xffdb,0xffdb,0xffdb,0xffdb,
    0xffdb,0xffdb,0xffdb,0xffdb,0xffdb,0xffdb,0xffdb,0xffdb,0xffdb,0xffdb,0xffdb,0xffdb,
    0xffdb,0xffdb,0xffdb,0xffdb,0xffdb,0xffdb,0xffdb,0xffdb,0xffdb,0xffdb,0xffdb,0xffdb,
    0xffdb,0xffdb,0xffdb,0xffdb,0xffdb,0xffdb,0xffdb,0xffdb,0xffdb,0xffdb,0xffdb,0xffdb,
    0xffdb,0xffdb,0xffdb,0xffdb,0xffdb,0xffdb,0xffdb,0xffdb,0xffdb,0xffdb,0xffdb,0xffdb,
    0xffdb,0xffdb,0xffdb,0xffdb,0xffdb,0xffdb,0xffdb,0xffdb,0xffdb,0xffdb,0xffdb,0xffdb,
    0xffdb,0xffdb,0xffdb,0xffdb,0xffdb,0xffdb,0xffdb,0xffdb,0xffdb,0xffdb,0xffdb,0xffdb,
    0xffdb,0xffdb,0xffdb,0xffdb,0xffdb,0xffdb,0xffdb,0xffdb,0xffdb,0xffdb,0xffdb,0xffdb,
    0xffdb,0xffdb,0xffdb,0xffdb,0xffdb,0xffdb,0xffdb,0xffdb,0xffdb,0xffdb,0xffdb,0xffdb,
    0xffdb,0xffdb,0xffdb,0xffdb,0xffdb,0xffdb,0xffdb,0xffdb,0xffdb,0xffdb,0xffdb,0xffdb,
    0xffdb,0xffdb,0xffdb,0xffdb,0xffdb,0xffdb,0xffdb,0xffdb,0xffdb,0xffdb,0xffdb,0xffdb,
    0xffdb,0xffdb,0xffdb,0xffdb,0xffdb,0xffdb,0xffdb,0xffdb,0xffdb,0xffdb,0xffdb,0xffdb,
    0xffdb,0xffdb,0xffdb,0xffdb,0xffdb,0xffdb,0xffdb,0xffdb,0xffdb,0xffdb,0xffdb,0xffdb,
    0xffdb,0xffdb,0xffdb,0xffdb,0xffdb,0xffdb,0xffdb,0xffdb,0xffdb,0xffdb,0xffdb,0xffdb,
    0xffdb,0xffdb,0xffdb,0xffdb,0xffdb,0xffdb,0xffdb,0xffdb,0xffdb,0xffdb,0xffdb,0xffdb,
    0xffdb,0xffdb,0xffdb,0xffdb,0xffdb,0xffdb,0xffdb,0xffdb,0xffdb,0xffdb,0xffdb,0xffdb,
    0xffdb,0xffdb,0xffdb,0xffdb,0xffff,0xffff,0xffdb,0xffdb,0xffdb,0xffdb,0xffdb,0xffdb,
    0xffdb,0xffdb,0xffdb,0xffdb,0xffdb,0xffdb,0xffdb,0xffdb,0xffdb,0xffdb,0xffdb,0xffdb,
    0xffdb,0xffdb,0xffdb,0xffdb,0xffdb,0xffdb,0xffdb,0xffdb,0xffdb,0xffdb,0xffdb,0xffdb,
    0xffdb,0xffdb,0xffdb,0xffdb,0xffdb,0xffdb,0xffdb,0xffdb,0xffdb,0xffdb,0xffdb,0xffdb,
    0xffdb,0xffdb,0xffdb,0xffdb,0xffdb,0xffdb,0xffdb,0xffdb,0xffdb,0xffdb,0xffdb,0xffdb,
    0xffdb,0xffdb,0xffdb,0xffdb,0xffdb,0xffdb,0xffdb,0xffdb,0xffdb,0xffdb,0xffdb,0xffdb,
    0xffdb,0xffdb,0xffdb,0xffdb,0xffdb,0xffdb,0xffdb,0xffdb,0xffdb,0xffdb,0xffdb,0xffdb,
    0xffdb,0xffdb,0xffdb,0xffdb,0xffdb,0xffdb,0xffdb,0xffdb,0xffdb,0xffdb,0xffdb,0xffdb,
    0xffdb,0xffdb,0xffdb,0xffdb,0xffdb,0xffdb,0xffdb,0xffdb,0xffdb,0xffdb,0xffdb,0xffdb,
    0xffdb,0xffdb,0xffdb,0xffdb,0xffdb,0xffdb,0xffdb,0xffdb,0xffdb,0xffdb,0xffdb,0xffdb,
    0xffdb,0xffdb,0xffdb,0xffdb,0xffdb,0xffdb,0xffdb,0xffdb,0xffdb,0xffdb,0xffdb,0xffdb,
    0xffdb,0xffdb,0xffdb,0xffdb,0xffdb,0xffdb,0xffdb,0xffdb,0xffdb,0xffdb,0xffdb,0xffdb,
    0xffdb,0xffdb,0xffdb,0xffdb,0xffdb,0xffdb,0xffdb,0xffdb,0xffdb,0xffdb,0xffdb,0xffdb,
    0xffdb,0xffdb,0xffdb,0xffdb,0xffdb,0xffdb,0xffdb,0xffdb,0xffdb,0xffdb,0xffdb,0xffdb,
    0xffdb,0xffdb,0xffdb,0xffdb,0xffdb,0xffdb,0xffdb,0xffdb,0xffdb,0xffdb,0xffdb,0xffdb,
    0xffdb,0xffdb,0xffdb,0xffdb,0xffdb,0xffdb,0xffdb,0xffdb,0xffdb,0xffdb,0xffdb,0xffdb,
    0xffdb,0xffdb,0xffdb,0xffdb,0xffdb,0xffdb,0xffdb,0xffdb,0xffdb,0xffdb,0xffdb,0xffdb,
    0xffdb,0xffdb,0xffdb,0xffdb,0xffdb,0xffdb,0xffdb,0xffdb,0xffdb,0xffdb,0xffdb,0xffdb,
    0xffdb,0xffdb,0xffdb,0xffdb,0xffdb,0xffdb,0xffdb,0xffdb,0xffdb,0xffdb,0xffdb,0xffdb,
    0xffdb,0xffdb,0xffdb,0xffdb,0xffdb,0xffdb,0xffdb,0xffdb,0xffdb,0xffdb,0xffdb,0xffdb,
    0xffdb,0xffdb,0xffdb,0xffdb,0xffdb,0xffdb,0xffdb,0xffdb,0xffdb,0xffdb,0xffdb,0xffdb,
    0xffdb,0xffdb,0xffdb,0xffdb,0xffdb,0xffdb,0xffdb,0xffdb,0xffff,0xffff,0xffdb,0xffdb,
    0xffdb,0xffdb,0xffdb,0xffdb,0xffdb,0xffdb,0xffdb,0xffdb,0xffdb,0xffdb,0xffdb,0xffdb,
    0xffdb,0xffdb,0xffdb,0xffdb,0xffdb,0xffdb,0xffdb,0xffdb,0xffdb,0xffdb,0xffdb,0xffdb,
    0xffdb,0xffdb,0xffdb,0xffdb,0xffdb,0xffdb,0xffdb,0xffdb,0xffdb,0xffdb,0xffdb,0xffdb,
    0xffdb,0xffdb,0xffdb,0xffdb,0xffdb,0xffdb,0xffdb,0xffdb,0xffdb,0xffdb,0xffdb,0xffdb,
    0xffdb,0xffdb,0xffdb,0xffdb,0xffdb,0xffdb,0xffdb,0xffdb,0xffdb,0xffdb,0xffdb,0xffdb,
    0xffdb,0xffdb,0xffdb,0xffdb,0xffdb,0xffdb,0xffdb,0xffdb,0xffdb,0xffdb,0xffdb,0xffdb,
    0xffdb,0xffdb,0xffdb,0xffdb,0xffdb,0xffdb,0xffdb,0xffdb,0xffdb,0xffdb,0xffdb,0xffdb,
    0xffdb,0xffdb,0xffdb,0xffdb,0xffdb,0xffdb,0xffdb,0xffdb,0xffdb,0xffdb,0xffdb,0xffdb,
    0xffdb,0xffdb,0xffdb,0xffdb,0xffdb,0xffdb,0xffdb,0xffdb,0xffdb,0xffdb,0xffdb,0xffdb,
    0xffdb,0xffdb,0xffdb,0xffdb,0xffdb,0xffdb,0xffdb,0xffdb,0xffdb,0xffdb,0xffdb,0xffdb,
    0xffdb,0xffdb,0xffdb,0xffdb,0xffdb,0xffdb,0xffdb,0xffdb,0xffdb,0xffdb,0xffdb,0xffdb,
    0xffdb,0xffdb,0xffdb,0xffdb,0xffdb,0xffdb,0xffdb,0xffdb,0xffdb,0xffdb,0xffdb,0xffdb,
    0xffdb,0xffdb,0xffdb,0xffdb,0xffdb,0xffdb,0xffdb,0xffdb,0xffdb,0xffdb,0xffdb,0xffdb,
    0xffdb,0xffdb,0xffdb,0xffdb,0xffdb,0xffdb,0xffdb,0xffdb,0xffdb,0xffdb,0xffdb,0xffdb,
    0xffdb,0xffdb,0xffdb,0xffdb,0xffdb,0xffdb,0xffdb,0xffdb,0xffdb,0xffdb,0xffdb,0xffdb,
    0xffdb,0xffdb,0xffdb,0xffdb,0xffdb,0xffdb,0xffdb,0xffdb,0xffdb,0xffdb,0xffdb,0xffdb,
    0xffdb,0xffdb,0xffdb,0xffdb,0xffdb,0xffdb,0xffdb,0xffdb,0xffdb,0xffdb,0xffdb,0xffdb,
    0xffdb,0xffdb,0xffdb,0xffdb,0xffdb,0xffdb,0xffdb,0xffdb,0xffdb,0xffdb,0xffdb,0xffdb,
    0xffdb,0xffdb,0xffdb,0xffdb,0xffdb,0xffdb,0xffdb,0xffdb,0xffdb,0xffdb,0xffdb,0xffdb,
    0xffdb,0xffdb,0xffdb,0xffdb,0xffdb,0xffdb,0xffdb,0xffdb,0xffdb,0xffdb,0xffdb,0xffdb,
    0xffdb,0xffdb,0xffdb,0xffdb,0xffdb,0xffdb,0xffdb,0xffdb,0xffdb,0xffdb,0xffdb,0xffdb,
    0xffff,0xffff,0xffdb,0xffdb,0xffdb,0xffdb,0xffdb,0xffdb,0xffdb,0xfffd,0xffdc,0xffdc,
    0xffdb,0xffdb,0xffdb,0xffdb,0xffdb,0xffdb,0xffdb,0xffdb,0xffdb,0xffdb,0xffdb,0xffdb,
    0xffdb,0xffdb,0xffdc,0xffdc,0xffdb,0xffdb,0xffdb,0xffdb,0xffdb,0xffdb,0xffdb,0xffdb,
    0xffdb,0xffdb,0xffdb,0xffdb,0xffdb,0xffdb,0xffdc,0xffdc,0xffdb,0xffdb,0xffdb,0xffdb,
    0xffdb,0xffdb,0xffdb,0xffdb,0xffdb,0xffdb,0xffdb,0xffdb,0xffdb,0xffdb,0xffdc,0xffdc,
    0xffdb,0xffdb,0xffdb,0xffdb,0xffdb,0xffdb,0xffdb,0xffdb,0xffdb,0xffdb,0xffdb,0xffdb,
    0xffdb,0xffdb,0xffdc,0xffdc,0xffdb,0xffdb,0xffdb,0xffdb,0xffdb,0xffdb,0xffdb,0xffdb,
    0xffdb,0xffdb,0xffdb,0xffdb,0xffdb,0xffdb,0xffdc,0xffdc,0xffdb,0xffdb,0xffdb,0xffdb,
    0xffdb,0xffdb,0xffdb,0xffdb,0xffdb,0xffdb,0xffdb,0xffdb,0xffdb,0xffdb,0xffdc,0xffdc,
    0xffdb,0xffdb,0xffdb,0xffdb,0xffdb,0xffdb,0xffdb,0xffdb,0xffdb,0xffdb,0xffdb,0xffdb,
    0xffdb,0xffdb,0xffdc,0xffdc,0xffdb,0xffdb,0xffdb,0xffdb,0xffdb,0xffdb,0xffdb,0xffdb,
    0xffdb,0xffdb,0xffdb,0xffdb,0xffdb,0xffdb,0xffdc,0xffdc,0xffdb,0xffdb,0xffdb,0xffdb,
    0xffdb,0xffdb,0xffdb,0xffdb,0xffdb,0xffdb,0xffdb,0xffdb,0xffdb,0xffdb,0xffdc,0xffdc,
    0xffdb,0xffdb,0xffdb,0xffdb,0xffdb,0xffdb,0xffdb,0xffdb,0xffdb,0xffdb,0xffdb,0xffdb,
    0xffdb,0xffdb,0xffdc,0xffdc,0xffdb,0xffdb,0xffdb,0xffdb,0xffdb,0xffdb,0xffdb,0xffdb,
    0xffdb,0xffdb,0xffdb,0xffdb,0xffdb,0xffdb,0xffdc,0xffdc,0xffdb,0xffdb,0xffdb,0xffdb,
    0xffdb,0xffdb,0xffdb,0xffdb,0xffdb,0xffdb,0xffdb,0xffdb,0xffdb,0xffdb,0xffdc,0xffdc,
    0xffdb,0xffdb,0xffdb,0xffdb,0xffdb,0xffdb,0xffdb,0xffdb,0xffdb,0xffdb,0xffdb,0xffdb,
    0xffdb,0xffdb,0xffdc,0xffdc,0xffdb,0xffdb,0xffdb,0xffdb,0xffdb,0xffdb,0xffdb,0xffdb,
    0xffdb,0xffdb,0xffdb,0xffdb,0xffdb,0xffdb,0xffdc,0xffdc,0xffdb,0xffdb,0xffdb,0xffdb,
    0xffdb,0xffdb,0xffdb,0xffdb,0xffdb,0xffdb,0xffdb,0xffdb,0xffdb,0xffdb,0xffdc,0xffdc,
    0xffdb,0xffdb,0xffdb,0xffdb,0xffff,0xffff,0xffdb,0xffdb,0xffdb,0xffdb,0xffdb,0xffdb,
    0xffdb,0xfffe,0xffff,0xfffe,0xffdb,0xffdb,0xffdb,0xffdb,0xffdb,0xffdb,0xffdb,0xffdb,
    0xffdb,0xffdb,0xffdb,0xffdb,0xffdb,0xffdb,0xfffe,0xfffe,0xffdb,0xffdb,0xffdb,0xffdb,
    0xffdb,0xffdb,0xffdb,0xffdb,0xffdb,0xffdb,0xffdb,0xffdb,0xffdb,0xffdb,0xfffe,0xfffe,
    0xffdb,0xffdb,0xffdb,0xffdb,0xffdb,0xffdb,0xffdb,0xffdb,0xffdb,0xffdb,0xffdb,0xffdb,
    0xffdb,0xffdb,0xfffe,0xfffe,0xffdb,0xffdb,0xffdb,0xffdb,0xffdb,0xffdb,0xffdb,0xffdb,
    0xffdb,0xffdb,0xffdb,0xffdb,0xffdb,0xffdb,0xfffe,0xfffe,0xffdb,0xffdb,0xffdb,0xffdb,
    0xffdb,0xffdb,0xffdb,0xffdb,0xffdb,0xffdb,0xffdb,0xffdb,0xffdb,0xffdb,0xfffe,0xfffe,
    0xffdb,0xffdb,0xffdb,0xffdb,0xffdb,0xffdb,0xffdb,0xffdb,0xffdb,0xffdb,0xffdb,0xffdb,
    0xffdb,0xffdb,0xfffe,0xfffe,0xffdb,0xffdb,0xffdb,0xffdb,0xffdb,0xffdb,0xffdb,0xffdb,
    0xffdb,0xffdb,0xffdb,0xffdb,0xffdb,0xffdb,0xfffe,0xfffe,0xffdb,0xffdb,0xffdb,0xffdb,
    0xffdb,0xffdb,0xffdb,0xffdb,0xffdb,0xffdb,0xffdb,0xffdb,0xffdb,0xffdb,0xfffe,0xfffe,
    0xffdb,0xffdb,0xffdb,0xffdb,0xffdb,0xffdb,0xffdb,0xffdb,0xffdb,0xffdb,0xffdb,0xffdb,
    0xffdb,0xffdb,0xfffe,0xfffe,0xffdb,0xffdb,0xffdb,0xffdb,0xffdb,0xffdb,0xffdb,0xffdb,
    0xffdb,0xffdb,0xffdb,0xffdb,0xffdb,0xffdb,0xfffe,0xfffe,0xffdb,0xffdb,0xffdb,0xffdb,
    0xffdb,0xffdb,0xffdb,0xffdb,0xffdb,0xffdb,0xffdb,0xffdb,0xffdb,0xffdb,0xfffe,0xfffe,
    0xffdb,0xffdb,0xffdb,0xffdb,0xffdb,0xffdb,0xffdb,0xffdb,0xffdb,0xffdb,0xffdb,0xffdb,
    0xffdb,0xffdb,0xfffe,0xfffe,0xffdb,0xffdb,0xffdb,0xffdb,0xffdb,0xffdb,0xffdb,0xffdb,
    0xffdb,0xffdb,0xffdb,0xffdb,0xffdb,0xffdb,0xfffe,0xfffe,0xffdb,0xffdb,0xffdb,0xffdb,
    0xffdb,0xffdb,0xffdb,0xffdb,0xffdb,0xffdb,0xffdb,0xffdb,0xffdb,0xffdb,0xfffe,0xfffe,
    0xffdb,0xffdb,0xffdb,0xffdb,0xffdb,0xffdb,0xffdb,0xffdb,0xffdb,0xffdb,0xffdb,0xffdb,
    0xffdb,0xffdb,0xfffe,0xfffe,0xffdb,0xffdb,0xffdb,0xffdb,0xffff,0xffff,0xffdb,0xffdb,
    0xffdb,0xffdb,0xffdb,0xffdb,0xffdb,0xffdb,0xffdb,0xffdb,0xffdb,0xffdb,0xffdb,0xffdb,
    0xffdb,0xffdb,0xffdb,0xffdb,0xffdb,0xffdb,0xffdb,0xffdb,0xffdb,0xffdb,0xffdb,0xffdb,
    0xffdb,0xffdb,0xffdb,0xffdb,0xffdb,0xffdb,0xffdb,0xffdb,0xffdb,0xffdb,0xffdb,0xffdb,
    0xffdb,0xffdb,0xffdb,0xffdb,0xffdb,0xffdb,0xffdb,0xffdb,0xffdb,0xffdb,0xffdb,0xffdb,
    0xffdb,0xffdb,0xffdb,0xffdb,0xffdb,0xffdb,0xffdb,0xffdb,0xffdb,0xffdb,0xffdb,0xffdb,
    0xffdb,0xffdb,0xffdb,0xffdb,0xffdb,0xffdb,0xffdb,0xffdb,0xffdb,0xffdb,0xffdb,0xffdb,
    0xffdb,0xffdb,0xffdb,0xffdb,0xffdb,0xffdb,0xffdb,0xffdb,0xffdb,0xffdb,0xffdb,0xffdb,
    0xffdb,0xffdb,0xffdb,0xffdb,0xffdb,0xffdb,0xffdb,0xffdb,0xffdb,0xffdb,0xffdb,0xffdb,
    0xffdb,0xffdb,0xffdb,0xffdb,0xffdb,0xffdb,0xffdb,0xffdb,0xffdb,0xffdb,0xffdb,0xffdb,
    0xffdb,0xffdb,0xffdb,0xffdb,0xffdb,0xffdb,0xffdb,0xffdb,0xffdb,0xffdb,0xffdb,0xffdb,
    0xffdb,0xffdb,0xffdb,0xffdb,0xffdb,0xffdb,0xffdb,0xffdb,0xffdb,0xffdb,0xffdb,0xffdb,
    0xffdb,0xffdb,0xffdb,0xffdb,0xffdb,0xffdb,0xffdb,0xffdb,0xffdb,0xffdb,0xffdb,0xffdb,
    0xffdb,0xffdb,0xffdb,0xffdb,0xffdb,0xffdb,0xffdb,0xffdb,0xffdb,0xffdb,0xffdb,0xffdb,
    0xffdb,0xffdb,0xffdb,0xffdb,0xffdb,0xffdb,0xffdb,0xffdb,0xffdb,0xffdb,0xffdb,0xffdb,
    0xffdb,0xffdb,0xffdb,0xffdb,0xffdb,0xffdb,0xffdb,0xffdb,0xffdb,0xffdb,0xffdb,0xffdb,
    0xffdb,0xffdb,0xffdb,0xffdb,0xffdb,0xffdb,0xffdb,0xffdb,0xffdb,0xffdb,0xffdb,0xffdb,
    0xffdb,0xffdb,0xffdb,0xffdb,0xffdb,0xffdb,0xffdb,0xffdb,0xffdb,0xffdb,0xffdb,0xffdb,
    0xffdb,0xffdb,0xffdb,0xffdb,0xffdb,0xffdb,0xffdb,0xffdb,0xffdb,0xffdb,0xffdb,0xffdb,
    0xffdb,0xffdb,0xffdb,0xffdb,0xffdb,0xffdb,0xffdb,0xffdb,0xffdb,0xffdb,0xffdb,0xffdb,
    0xffdb,0xffdb,0xffdb,0xffdb,0xffdb,0xffdb,0xffdb,0xffdb,0xffdb,0xffdb,0xffdb,0xffdb,
    0xffdb,0xffdb,0xffdb,0xffdb,0xffdb,0xffdb,0xffdb,0xffdb,0xffdb,0xffdb,0xffdb,0xffdb,
    0xffff,0xffff,0xffdb,0xffdb,0xffdb,0xffdb,0xffdb,0xffdb,0xffdb,0xffdb,0xffdb,0xffdb,
    0xffdb,0xffdb,0xffdb,0xffdb,0xffdb,0xffdb,0xffdb,0xffdb,0xffdb,0xffdb,0xffdb,0xffdb,
    0xffdb,0xffdb,0xffdb,0xffdb,0xffdb,0xffdb,0xffdb,0xffdb,0xffdb,0xffdb,0xffdb,0xffdb,
    0xffdb,0xffdb,0xffdb,0xffdb,0xffdb,0xffdb,0xffdb,0xffdb,0xffdb,0xffdb,0xffdb,0xffdb,
    0xffdb,0xffdb,0xffdb,0xffdb,0xffdb,0xffdb,0xffdb,0xffdb,0xffdb,0xffdb,0xffdb,0xffdb,
    0xffdb,0xffdb,0xffdb,0xffdb,0xffdb,0xffdb,0xffdb,0xffdb,0xffdb,0xffdb,0xffdb,0xffdb,
    0xffdb,0xffdb,0xffdb,0xffdb,0xffdb,0xffdb,0xffdb,0xffdb,0xffdb,0xffdb,0xffdb,0xffdb,
    0xffdb,0xffdb,0xffdb,0xffdb,0xffdb,0xffdb,0xffdb,0xffdb,0xffdb,0xffdb,0xffdb,0xffdb,
    0xffdb,0xffdb,0xffdb,0xffdb,0xffdb,0xffdb,0xffdb,0xffdb,0xffdb,0xffdb,0xffdb,0xffdb,
    0xffdb,0xffdb,0xffdb,0xffdb,0xffdb,0xffdb,0xffdb,0xffdb,0xffdb,0xffdb,0xffdb,0xffdb,
    0xffdb,0xffdb,0xffdb,0xffdb,0xffdb,0xffdb,0xffdb,0xffdb,0xffdb,0xffdb,0xffdb,0xffdb,
    0xffdb,0xffdb,0xffdb,0xffdb,0xffdb,0xffdb,0xffdb,0xffdb,0xffdb,0xffdb,0xffdb,0xffdb,
    0xffdb,0xffdb,0xffdb,0xffdb,0xffdb,0xffdb,0xffdb,0xffdb,0xffdb,0xffdb,0xffdb,0xffdb,
    0xffdb,0xffdb,0xffdb,0xffdb,0xffdb,0xffdb,0xffdb,0xffdb,0xffdb,0xffdb,0xffdb,0xffdb,
    0xffdb,0xffdb,0xffdb,0xffdb,0xffdb,0xffdb,0xffdb,0xffdb,0xffdb,0xffdb,0xffdb,0xffdb,
    0xffdb,0xffdb,0xffdb,0xffdb,0xffdb,0xffdb,0xffdb,0xffdb,0xffdb,0xffdb,0xffdb,0xffdb,
    0xffdb,0xffdb,0xffdb,0xffdb,0xffdb,0xffdb,0xffdb,0xffdb,0xffdb,0xffdb,0xffdb,0xffdb,
    0xffdb,0xffdb,0xffdb,0xffdb,0xffdb,0xffdb,0xffdb,0xffdb,0xffdb,0xffdb,0xffdb,0xffdb,
    0xffdb,0xffdb,0xffdb,0xffdb,0xffdb,0xffdb,0xffdb,0xffdb,0xffdb,0xffdb,0xffdb,0xffdb,
    0xffdb,0xffdb,0xffdb,0xffdb,0xffdb,0xffdb,0xffdb,0xffdb,0xffdb,0xffdb,0xffdb,0xffdb,
    0xffdb,0xffdb,0xffdb,0xffdb,0xffdb,0xffdb,0xffdb,0xffdb,0xffdb,0xffdb,0xffdb,0xffdb,
    0xffdb,0xffdb,0xffdb,0xffdb,0xffff,0xffff,0xffdb,0xffdb,0xffdb,0xffdb,0xffdb,0xffdb,
    0xffdb,0xffdb,0xffdb,0xffdb,0xffdb,0xffdb,0xffdb,0xffdb,0xffdb,0xffdb,0xffdb,0xffdb,
    0xffdb,0xffdb,0xffdb,0xffdb,0xffdb,0xffdb,0xffdb,0xffdb,0xffdb,0xffdb,0xffdb,0xffdb,
    0xffdb,0xffdb,0xffdb,0xffdb,0xffdb,0xffdb,0xffdb,0xffdb,0xffdb,0xffdb,0xffdb,0xffdb,
    0xffdb,0xffdb,0xffdb,0xffdb,0xffdb,0xffdb,0xffdb,0xffdb,0xffdb,0xffdb,0xffdb,0xffdb,
    0xffdb,0xffdb,0xffdb,0xffdb,0xffdb,0xffdb,0xffdb,0xffdb,0xffdb,0xffdb,0xffdb,0xffdb,
    0xffdb,0xffdb,0xffdb,0xffdb,0xffdb,0xffdb,0xffdb,0xffdb,0xffdb,0xffdb,0xffdb,0xffdb,
    0xffdb,0xffdb,0xffdb,0xffdb,0xffdb,0xffdb,0xffdb,0xffdb,0xffdb,0xffdb,0xffdb,0xffdb,
    0xffdb,0xffdb,0xffdb,0xffdb,0xffdb,0xffdb,0xffdb,0xffdb,0xffdb,0xffdb,0xffdb,0xffdb,
    0xffdb,0xffdb,0xffdb,0xffdb,0xffdb,0xffdb,0xffdb,0xffdb,0xffdb,0xffdb,0xffdb,0xffdb,
    0xffdb,0xffdb,0xffdb,0xffdb,0xffdb,0xffdb,0xffdb,0xffdb,0xffdb,0xffdb,0xffdb,0xffdb,
    0xffdb,0xffdb,0xffdb,0xffdb,0xffdb,0xffdb,0xffdb,0xffdb,0xffdb,0xffdb,0xffdb,0xffdb,
    0xffdb,0xffdb,0xffdb,0xffdb,0xffdb,0xffdb,0xffdb,0xffdb,0xffdb,0xffdb,0xffdb,0xffdb,
    0xffdb,0xffdb,0xffdb,0xffdb,0xffdb,0xffdb,0xffdb,0xffdb,0xffdb,0xffdb,0xffdb,0xffdb,
    0xffdb,0xffdb,0xffdb,0xffdb,0xffdb,0xffdb,0xffdb,0xffdb,0xffdb,0xffdb,0xffdb,0xffdb,
    0xffdb,0xffdb,0xffdb,0xffdb,0xffdb,0xffdb,0xffdb,0xffdb,0xffdb,0xffdb,0xffdb,0xffdb,
    0xffdb,0xffdb,0xffdb,0xffdb,0xffdb,0xffdb,0xffdb,0xffdb,0xffdb,0xffdb,0xffdb,0xffdb,
    0xffdb,0xffdb,0xffdb,0xffdb,0xffdb,0xffdb,0xffdb,0xffdb,0xffdb,0xffdb,0xffdb,0xffdb,
    0xffdb,0xffdb,0xffdb,0xffdb,0xffdb,0xffdb,0xffdb,0xffdb,0xffdb,0xffdb,0xffdb,0xffdb,
    0xffdb,0xffdb,0xffdb,0xffdb,0xffdb,0xffdb,0xffdb,0xffdb,0xffdb,0xffdb,0xffdb,0xffdb,
    0xffdb,0xffdb,0xffdb,0xffdb,0xffdb,0xffdb,0xffdb,0xffdb,0xffdb,0xffdb,0xffdb,0xffdb,
    0xffdb,0xffdb,0xffdb,0xffdb,0xffdb,0xffdb,0xffdb,0xffdb,0xffff,0xffff,0xffdb,0xffdb,
    0xffdb,0xffdb,0xffdb,0xffdb,0xffdb,0xffdb,0xffdb,0xffdb,0xffdb,0xffdb,0xffdb,0xffdb,
    0xffdb,0xffdb,0xffdb,0xffdb,0xffdb,0xffdb,0xffdb,0xffdb,0xffdb,0xffdb,0xffdb,0xffdb,
    0xffdb,0xffdb,0xffdb,0xffdb,0xffdb,0xffdb,0xffdb,0xffdb,0xffdb,0xffdb,0xffdb,0xffdb,
    0xffdb,0xffdb,0xffdb,0xffdb,0xffdb,0xffdb,0xffdb,0xffdb,0xffdb,0xffdb,0xffdb,0xffdb,
    0xffdb,0xffdb,0xffdb,0xffdb,0xffdb,0xffdb,0xffdb,0xffdb,0xffdb,0xffdb,0xffdb,0xffdb,
    0xffdb,0xffdb,0xffdb,0xffdb,0xffdb,0xffdb,0xffdb,0xffdb,0xffdb,0xffdb,0xffdb,0xffdb,
    0xffdb,0xffdb,0xffdb,0xffdb,0xffdb,0xffdb,0xffdb,0xffdb,0xffdb,0xffdb,0xffdb,0xffdb,
    0xffdb,0xffdb,0xffdb,0xffdb,0xffdb,0xffdb,0xffdb,0xffdb,0xffdb,0xffdb,0xffdb,0xffdb,
    0xffdb,0xffdb,0xffdb,0xffdb,0xffdb,0xffdb,0xffdb,0xffdb,0xffdb,0xffdb,0xffdb,0xffdb,
    0xffdb,0xffdb,0xffdb,0xffdb,0xffdb,0xffdb,0xffdb,0xffdb,0xffdb,0xffdb,0xffdb,0xffdb,
    0xffdb,0xffdb,0xffdb,0xffdb,0xffdb,0xffdb,0xffdb,0xffdb,0xffdb,0xffdb,0xffdb,0xffdb,
    0xffdb,0xffdb,0xffdb,0xffdb,0xffdb,0xffdb,0xffdb,0xffdb,0xffdb,0xffdb,0xffdb,0xffdb,
    0xffdb,0xffdb,0xffdb,0xffdb,0xffdb,0xffdb,0xffdb,0xffdb,0xffdb,0xffdb,0xffdb,0xffdb,
    0xffdb,0xffdb,0xffdb,0xffdb,0xffdb,0xffdb,0xffdb,0xffdb,0xffdb,0xffdb,0xffdb,0xffdb,
    0xffdb,0xffdb,0xffdb,0xffdb,0xffdb,0xffdb,0xffdb,0xffdb,0xffdb,0xffdb,0xffdb,0xffdb,
    0xffdb,0xffdb,0xffdb,0xffdb,0xffdb,0xffdb,0xffdb,0xffdb,0xffdb,0xffdb,0xffdb,0xffdb,
    0xffdb,0xffdb,0xffdb,0xffdb,0xffdb,0xffdb,0xffdb,0xffdb,0xffdb,0xffdb,0xffdb,0xffdb,
    0xffdb,0xffdb,0xffdb,0xffdb,0xffdb,0xffdb,0xffdb,0xffdb,0xffdb,0xffdb,0xffdb,0xffdb,
    0xffdb,0xffdb,0xffdb,0xffdb,0xffdb,0xffdb,0xffdb,0xffdb,0xffdb,0xffdb,0xffdb,0xffdb,
    0xffdb,0xffdb,0xffdb,0xffdb,0xffdb,0xffdb,0xffdb,0xffdb,0xffdb,0xffdb,0xffdb,0xffdb,
    0xffdb,0xffdb,0xffdb,0xffdb,0xffdb,0xffdb,0xffdb,0xffdb,0xffdb,0xffdb,0xffdb,0xffdb,
    0xffff,0xffff,0xffdb,0xffdb,0xffdb,0xffdb,0xffdb,0xffdb,0xffdb,0xffdb,0xffdb,0xffdb,
    0xffdb,0xffdb,0xffdb,0xffdb,0xffdb,0xffdb,0xffdb,0xffdb,0xffdb,0xffdb,0xffdb,0xffdb,
    0xffdb,0xffdb,0xffdb,0xffdb,0xffdb,0xffdb,0xffdb,0xffdb,0xffdb,0xffdb,0xffdb,0xffdb,
    0xffdb,0xffdb,0xffdb,0xffdb,0xffdb,0xffdb,0xffdb,0xffdb,0xffdb,0xffdb,0xffdb,0xffdb,
    0xffdb,0xffdb,0xffdb,0xffdb,0xffdb,0xffdb,0xffdb,0xffdb,0xffdb,0xffdb,0xffdb,0xffdb,
    0xffdb,0xffdb,0xffdb,0xffdb,0xffdb,0xffdb,0xffdb,0xffdb,0xffdb,0xffdb,0xffdb,0xffdb,
    0xffdb,0xffdb,0xffdb,0xffdb,0xffdb,0xffdb,0xffdb,0xffdb,0xffdb,0xffdb,0xffdb,0xffdb,
    0xffdb,0xffdb,0xffdb,0xffdb,0xffdb,0xffdb,0xffdb,0xffdb,0xffdb,0xffdb,0xffdb,0xffdb,
    0xffdb,0xffdb,0xffdb,0xffdb,0xffdb,0xffdb,0xffdb,0xffdb,0xffdb,0xffdb,0xffdb,0xffdb,
    0xffdb,0xffdb,0xffdb,0xffdb,0xffdb,0xffdb,0xffdb,0xffdb,0xffdb,0xffdb,0xffdb,0xffdb,
    0xffdb,0xffdb,0xffdb,0xffdb,0xffdb,0xffdb,0xffdb,0xffdb,0xffdb,0xffdb,0xffdb,0xffdb,
    0xffdb,0xffdb,0xffdb,0xffdb,0xffdb,0xffdb,0xffdb,0xffdb,0xffdb,0xffdb,0xffdb,0xffdb,
    0xffdb,0xffdb,0xffdb,0xffdb,0xffdb,0xffdb,0xffdb,0xffdb,0xffdb,0xffdb,0xffdb,0xffdb,
    0xffdb,0xffdb,0xffdb,0xffdb,0xffdb,0xffdb,0xffdb,0xffdb,0xffdb,0xffdb,0xffdb,0xffdb,
    0xffdb,0xffdb,0xffdb,0xffdb,0xffdb,0xffdb,0xffdb,0xffdb,0xffdb,0xffdb,0xffdb,0xffdb,
    0xffdb,0xffdb,0xffdb,0xffdb,0xffdb,0xffdb,0xffdb,0xffdb,0xffdb,0xffdb,0xffdb,0xffdb,
    0xffdb,0xffdb,0xffdb,0xffdb,0xffdb,0xffdb,0xffdb,0xffdb,0xffdb,0xffdb,0xffdb,0xffdb,
    0xffdb,0xffdb,0xffdb,0xffdb,0xffdb,0xffdb,0xffdb,0xffdb,0xffdb,0xffdb,0xffdb,0xffdb,
    0xffdb,0xffdb,0xffdb,0xffdb,0xffdb,0xffdb,0xffdb,0xffdb,0xffdb,0xffdb,0xffdb,0xffdb,
    0xffdb,0xffdb,0xffdb,0xffdb,0xffdb,0xffdb,0xffdb,0xffdb,0xffdb,0xffdb,0xffdb,0xffdb,
    0xffdb,0xffdb,0xffdb,0xffdb,0xffdb,0xffdb,0xffdb,0xffdb,0xffdb,0xffdb,0xffdb,0xffdb,
    0xffdb,0xffdb,0xffdb,0xffdb,0xffff,0xffff,0xffdb,0xffdb,0xffdb,0xffdb,0xffdb,0xffdb,
    0xffdb,0xffdb,0xffdb,0xffdb,0xffdb,0xffdb,0xffdb,0xffdb,0xffdb,0xffdb,0xffdb,0xffdb,
    0xffdb,0xffdb,0xffdb,0xffdb,0xffdb,0xffdb,0xffdb,0xffdb,0xffdb,0xffdb,0xffdb,0xffdb,
    0xffdb,0xffdb,0xffdb,0xffdb,0xffdb,0xffdb,0xffdb,0xffdb,0xffdb,0xffdb,0xffdb,0xffdb,
    0xffdb,0xffdb,0xffdb,0xffdb,0xffdb,0xffdb,0xffdb,0xffdb,0xffdb,0xffdb,0xffdb,0xffdb,
    0xffdb,0xffdb,0xffdb,0xffdb,0xffdb,0xffdb,0xffdb,0xffdb,0xffdb,0xffdb,0xffdb,0xffdb,
    0xffdb,0xffdb,0xffdb,0xffdb,0xffdb,0xffdb,0xffdb,0xffdb,0xffdb,0xffdb,0xffdb,0xffdb,
    0xffdb,0xffdb,0xffdb,0xffdb,0xffdb,0xffdb,0xffdb,0xffdb,0xffdb,0xffdb,0xffdb,0xffdb,
    0xffdb,0xffdb,0xffdb,0xffdb,0xffdb,0xffdb,0xffdb,0xffdb,0xffdb,0xffdb,0xffdb,0xffdb,
    0xffdb,0xffdb,0xffdb,0xffdb,0xffdb,0xffdb,0xffdb,0xffdb,0xffdb,0xffdb,0xffdb,0xffdb,
    0xffdb,0xffdb,0xffdb,0xffdb,0xffdb,0xffdb,0xffdb,0xffdb,0xffdb,0xffdb,0xffdb,0xffdb,
    0xffdb,0xffdb,0xffdb,0xffdb,0xffdb,0xffdb,0xffdb,0xffdb,0xffdb,0xffdb,0xffdb,0xffdb,
    0xffdb,0xffdb,0xffdb,0xffdb,0xffdb,0xffdb,0xffdb,0xffdb,0xffdb,0xffdb,0xffdb,0xffdb,
    0xffdb,0xffdb,0xffdb,0xffdb,0xffdb,0xffdb,0xffdb,0xffdb,0xffdb,0xffdb,0xffdb,0xffdb,
    0xffdb,0xffdb,0xffdb,0xffdb,0xffdb,0xffdb,0xffdb,0xffdb,0xffdb,0xffdb,0xffdb,0xffdb,
    0xffdb,0xffdb,0xffdb,0xffdb,0xffdb,0xffdb,0xffdb,0xffdb,0xffdb,0xffdb,0xffdb,0xffdb,
    0xffdb,0xffdb,0xffdb,0xffdb,0xffdb,0xffdb,0xffdb,0xffdb,0xffdb,0xffdb,0xffdb,0xffdb,
    0xffdb,0xffdb,0xffdb,0xffdb,0xffdb,0xffdb,0xffdb,0xffdb,0xffdb,0xffdb,0xffdb,0xffdb,
    0xffdb,0xffdb,0xffdb,0xffdb,0xffdb,0xffdb,0xffdb,0xffdb,0xffdb,0xffdb,0xffdb,0xffdb,
    0xffdb,0xffdb,0xffdb,0xffdb,0xffdb,0xffdb,0xffdb,0xffdb,0xffdb,0xffdb,0xffdb,0xffdb,
    0xffdb,0xffdb,0xffdb,0xffdb,0xffdb,0xffdb,0xffdb,0xffdb,0xffdb,0xffdb,0xffdb,0xffdb,
    0xffdb,0xffdb,0xffdb,0xffdb,0xffdb,0xffdb,0xffdb,0xffdb,0xffff,0xffff,0xffdb,0xffdb,
    0xffdb,0xffdb,0xffdb,0xffdb,0xffdb,0xffdb,0xffdb,0xffdb,0xffdb,0xffdb,0xffdb,0xffdb,
    0xffdb,0xffdb,0xffdb,0xffdb,0xffdb,0xffdb,0xffdb,0xffdb,0xffdb,0xffdb,0xffdb,0xffdb,
    0xffdb,0xffdb,0xffdb,0xffdb,0xffdb,0xffdb,0xffdb,0xffdb,0xffdb,0xffdb,0xffdb,0xffdb,
    0xffdb,0xffdb,0xffdb,0xffdb,0xffdb,0xffdb,0xffdb,0xffdb,0xffdb,0xffdb,0xffdb,0xffdb,
    0xffdb,0xffdb,0xffdb,0xffdb,0xffdb,0xffdb,0xffdb,0xffdb,0xffdb,0xffdb,0xffdb,0xffdb,
    0xffdb,0xffdb,0xffdb,0xffdb,0xffdb,0xffdb,0xffdb,0xffdb,0xffdb,0xffdb,0xffdb,0xffdb,
    0xffdb,0xffdb,0xffdb,0xffdb,0xffdb,0xffdb,0xffdb,0xffdb,0xffdb,0xffdb,0xffdb,0xffdb,
    0xffdb,0xffdb,0xffdb,0xffdb,0xffdb,0xffdb,0xffdb,0xffdb,0xffdb,0xffdb,0xffdb,0xffdb,
    0xffdb,0xffdb,0xffdb,0xffdb,0xffdb,0xffdb,0xffdb,0xffdb,0xffdb,0xffdb,0xffdb,0xffdb,
    0xffdb,0xffdb,0xffdb,0xffdb,0xffdb,0xffdb,0xffdb,0xffdb,0xffdb,0xffdb,0xffdb,0xffdb,
    0xffdb,0xffdb,0xffdb,0xffdb,0xffdb,0xffdb,0xffdb,0xffdb,0xffdb,0xffdb,0xffdb,0xffdb,
    0xffdb,0xffdb,0xffdb,0xffdb,0xffdb,0xffdb,0xffdb,0xffdb,0xffdb,0xffdb,0xffdb,0xffdb,
    0xffdb,0xffdb,0xffdb,0xffdb,0xffdb,0xffdb,0xffdb,0xffdb,0xffdb,0xffdb,0xffdb,0xffdb,
    0xffdb,0xffdb,0xffdb,0xffdb,0xffdb,0xffdb,0xffdb,0xffdb,0xffdb,0xffdb,0xffdb,0xffdb,
    0xffdb,0xffdb,0xffdb,0xffdb,0xffdb,0xffdb,0xffdb,0xffdb,0xffdb,0xffdb,0xffdb,0xffdb,
    0xffdb,0xffdb,0xffdb,0xffdb,0xffdb,0xffdb,0xffdb,0xffdb,0xffdb,0xffdb,0xffdb,0xffdb,
    0xffdb,0xffdb,0xffdb,0xffdb,0xffdb,0xffdb,0xffdb,0xffdb,0xffdb,0xffdb,0xffdb,0xffdb,
    0xffdb,0xffdb,0xffdb,0xffdb,0xffdb,0xffdb,0xffdb,0xffdb,0xffdb,0xffdb,0xffdb,0xffdb,
    0xffdb,0xffdb,0xffdb,0xffdb,0xffdb,0xffdb,0xffdb,0xffdb,0xffdb,0xffdb,0xffdb,0xffdb,
    0xffdb,0xffdb,0xffdb,0xffdb,0xffdb,0xffdb,0xffdb,0xffdb,0xffdb,0xffdb,0xffdb,0xffdb,
    0xffdb,0xffdb,0xffdb,0xffdb,0xffdb,0xffdb,0xffdb,0xffdb,0xffdb,0xffdb,0xffdb,0xffdb,
    0xffff,0xffff,0xffdb,0xffdb,0xffdb,0xffdb,0xffdb,0xffdb,0xffdb,0xffdb,0xffdb,0xffdb,
    0xffdb,0xffdb,0xffdb,0xffdb,0xffdb,0xffdb,0xffdb,0xffdb,0xffdb,0xffdb,0xffdb,0xffdb,
    0xffdb,0xffdb,0xffdb,0xffdb,0xffdb,0xffdb,0xffdb,0xffdb,0xffdb,0xffdb,0xffdb,0xffdb,
    0xffdb,0xffdb,0xffdb,0xffdb,0xffdb,0xffdb,0xffdb,0xffdb,0xffdb,0xffdb,0xffdb,0xffdb,
    0xffdb,0xffdb,0xffdb,0xffdb,0xffdb,0xffdb,0xffdb,0xffdb,0xffdb,0xffdb,0xffdb,0xffdb,
    0xffdb,0xffdb,0xffdb,0xffdb,0xffdb,0xffdb,0xffdb,0xffdb,0xffdb,0xffdb,0xffdb,0xffdb,
    0xffdb,0xffdb,0xffdb,0xffdb,0xffdb,0xffdb,0xffdb,0xffdb,0xffdb,0xffdb,0xffdb,0xffdb,
    0xffdb,0xffdb,0xffdb,0xffdb,0xffdb,0xffdb,0xffdb,0xffdb,0xffdb,0xffdb,0xffdb,0xffdb,
    0xffdb,0xffdb,0xffdb,0xffdb,0xffdb,0xffdb,0xffdb,0xffdb,0xffdb,0xffdb,0xffdb,0xffdb,
    0xffdb,0xffdb,0xffdb,0xffdb,0xffdb,0xffdb,0xffdb,0xffdb,0xffdb,0xffdb,0xffdb,0xffdb,
    0xffdb,0xffdb,0xffdb,0xffdb,0xffdb,0xffdb,0xffdb,0xffdb,0xffdb,0xffdb,0xffdb,0xffdb,
    0xffdb,0xffdb,0xffdb,0xffdb,0xffdb,0xffdb,0xffdb,0xffdb,0xffdb,0xffdb,0xffdb,0xffdb,
    0xffdb,0xffdb,0xffdb,0xffdb,0xffdb,0xffdb,0xffdb,0xffdb,0xffdb,0xffdb,0xffdb,0xffdb,
    0xffdb,0xffdb,0xffdb,0xffdb,0xffdb,0xffdb,0xffdb,0xffdb,0xffdb,0xffdb,0xffdb,0xffdb,
    0xffdb,0xffdb,0xffdb,0xffdb,0xffdb,0xffdb,0xffdb,0xffdb,0xffdb,0xffdb,0xffdb,0xffdb,
    0xffdb,0xffdb,0xffdb,0xffdb,0xffdb,0xffdb,0xffdb,0xffdb,0xffdb,0xffdb,0xffdb,0xffdb,
    0xffdb,0xffdb,0xffdb,0xffdb,0xffdb,0xffdb,0xffdb,0xffdb,0xffdb,0xffdb,0xffdb,0xffdb,
    0xffdb,0xffdb,0xffdb,0xffdb,0xffdb,0xffdb,0xffdb,0xffdb,0xffdb,0xffdb,0xffdb,0xffdb,
    0xffdb,0xffdb,0xffdb,0xffdb,0xffdb,0xffdb,0xffdb,0xffdb,0xffdb,0xffdb,0xffdb,0xffdb,
    0xffdb,0xffdb,0xffdb,0xffdb,0xffdb,0xffdb,0xffdb,0xffdb,0xffdb,0xffdb,0xffdb,0xffdb,
    0xffdb,0xffdb,0xffdb,0xffdb,0xffdb,0xffdb,0xffdb,0xffdb,0xffdb,0xffdb,0xffdb,0xffdb,
    0xffdb,0xffdb,0xffdb,0xffdb,0xffff,0xffff,0xffdb,0xffdb,0xffdb,0xffdb,0xffdb,0xffdb,
    0xffdb,0xffdb,0xffdb,0xffdb,0xffdb,0xffdb,0xffdb,0xffdb,0xffdb,0xffdb,0xffdb,0xffdb,
    0xffdb,0xffdb,0xffdb,0xffdb,0xffdb,0xffdb,0xffdb,0xffdb,0xffdb,0xffdb,0xffdb,0xffdb,
    0xffdb,0xffdb,0xffdb,0xffdb,0xffdb,0xffdb,0xffdb,0xffdb,0xffdb,0xffdb,0xffdb,0xffdb,
    0xffdb,0xffdb,0xffdb,0xffdb,0xffdb,0xffdb,0xffdb,0xffdb,0xffdb,0xffdb,0xffdb,0xffdb,
    0xffdb,0xffdb,0xffdb,0xffdb,0xffdb,0xffdb,0xffdb,0xffdb,0xffdb,0xffdb,0xffdb,0xffdb,
    0xffdb,0xffdb,0xffdb,0xffdb,0xffdb,0xffdb,0xffdb,0xffdb,0xffdb,0xffdb,0xffdb,0xffdb,
    0xffdb,0xffdb,0xffdb,0xffdb,0xffdb,0xffdb,0xffdb,0xffdb,0xffdb,0xffdb,0xffdb,0xffdb,
    0xffdb,0xffdb,0xffdb,0xffdb,0xffdb,0xffdb,0xffdb,0xffdb,0xffdb,0xffdb,0xffdb,0xffdb,
    0xffdb,0xffdb,0xffdb,0xffdb,0xffdb,0xffdb,0xffdb,0xffdb,0xffdb,0xffdb,0xffdb,0xffdb,
    0xffdb,0xffdb,0xffdb,0xffdb,0xffdb,0xffdb,0xffdb,0xffdb,0xffdb,0xffdb,0xffdb,0xffdb,
    0xffdb,0xffdb,0xffdb,0xffdb,0xffdb,0xffdb,0xffdb,0xffdb,0xffdb,0xffdb,0xffdb,0xffdb,
    0xffdb,0xffdb,0xffdb,0xffdb,0xffdb,0xffdb,0xffdb,0xffdb,0xffdb,0xffdb,0xffdb,0xffdb,
    0xffdb,0xffdb,0xffdb,0xffdb,0xffdb,0xffdb,0xffdb,0xffdb,0xffdb,0xffdb,0xffdb,0xffdb,
    0xffdb,0xffdb,0xffdb,0xffdb,0xffdb,0xffdb,0xffdb,0xffdb,0xffdb,0xffdb,0xffdb,0xffdb,
    0xffdb,0xffdb,0xffdb,0xffdb,0xffdb,0xffdb,0xffdb,0xffdb,0xffdb,0xffdb,0xffdb,0xffdb,
    0xffdb,0xffdb,0xffdb,0xffdb,0xffdb,0xffdb,0xffdb,0xffdb,0xffdb,0xffdb,0xffdb,0xffdb,
    0xffdb,0xffdb,0xffdb,0xffdb,0xffdb,0xffdb,0xffdb,0xffdb,0xffdb,0xffdb,0xffdb,0xffdb,
    0xffdb,0xffdb,0xffdb,0xffdb,0xffdb,0xffdb,0xffdb,0xffdb,0xffdb,0xffdb,0xffdb,0xffdb,
    0xffdb,0xffdb,0xffdb,0xffdb,0xffdb,0xffdb,0xffdb,0xffdb,0xffdb,0xffdb,0xffdb,0xffdb,
    0xffdb,0xffdb,0xffdb,0xffdb,0xffdb,0xffdb,0xffdb,0xffdb,0xffdb,0xffdb,0xffdb,0xffdb,
    0xffdb,0xffdb,0xffdb,0xffdb,0xffdb,0xffdb,0xffdb,0xffdb,0xffff,0xffff,0xffdb,0xffdb,
    0xffdb,0xffdb,0xffdb,0xffdb,0xffdb,0xffdb,0xffdb,0xffdb,0xffdb,0xffdb,0xffdb,0xffdb,
    0xffdb,0xffdb,0xffdb,0xffdb,0xffdb,0xffdb,0xffdb,0xffdb,0xffdb,0xffdb,0xffdb,0xffdb,
    0xffdb,0xffdb,0xffdb,0xffdb,0xffdb,0xffdb,0xffdb,0xffdb,0xffdb,0xffdb,0xffdb,0xffdb,
    0xffdb,0xffdb,0xffdb,0xffdb,0xffdb,0xffdb,0xffdb,0xffdb,0xffdb,0xffdb,0xffdb,0xffdb,
    0xffdb,0xffdb,0xffdb,0xffdb,0xffdb,0xffdb,0xffdb,0xffdb,0xffdb,0xffdb,0xffdb,0xffdb,
    0xffdb,0xffdb,0xffdb,0xffdb,0xffdb,0xffdb,0xffdb,0xffdb,0xffdb,0xffdb,0xffdb,0xffdb,
    0xffdb,0xffdb,0xffdb,0xffdb,0xffdb,0xffdb,0xffdb,0xffdb,0xffdb,0xffdb,0xffdb,0xffdb,
    0xffdb,0xffdb,0xffdb,0xffdb,0xffdb,0xffdb,0xffdb,0xffdb,0xffdb,0xffdb,0xffdb,0xffdb,
    0xffdb,0xffdb,0xffdb,0xffdb,0xffdb,0xffdb,0xffdb,0xffdb,0xffdb,0xffdb,0xffdb,0xffdb,
    0xffdb,0xffdb,0xffdb,0xffdb,0xffdb,0xffdb,0xffdb,0xffdb,0xffdb,0xffdb,0xffdb,0xffdb,
    0xffdb,0xffdb,0xffdb,0xffdb,0xffdb,0xffdb,0xffdb,0xffdb,0xffdb,0xffdb,0xffdb,0xffdb,
    0xffdb,0xffdb,0xffdb,0xffdb,0xffdb,0xffdb,0xffdb,0xffdb,0xffdb,0xffdb,0xffdb,0xffdb,
    0xffdb,0xffdb,0xffdb,0xffdb,0xffdb,0xffdb,0xffdb,0xffdb,0xffdb,0xffdb,0xffdb,0xffdb,
    0xffdb,0xffdb,0xffdb,0xffdb,0xffdb,0xffdb,0xffdb,0xffdb,0xffdb,0xffdb,0xffdb,0xffdb,
    0xffdb,0xffdb,0xffdb,0xffdb,0xffdb,0xffdb,0xffdb,0xffdb,0xffdb,0xffdb,0xffdb,0xffdb,
    0xffdb,0xffdb,0xffdb,0xffdb,0xffdb,0xffdb,0xffdb,0xffdb,0xffdb,0xffdb,0xffdb,0xffdb,
    0xffdb,0xffdb,0xffdb,0xffdb,0xffdb,0xffdb,0xffdb,0xffdb,0xffdb,0xffdb,0xffdb,0xffdb,
    0xffdb,0xffdb,0xffdb,0xffdb,0xffdb,0xffdb,0xffdb,0xffdb,0xffdb,0xffdb,0xffdb,0xffdb,
    0xffdb,0xffdb,0xffdb,0xffdb,0xffdb,0xffdb,0xffdb,0xffdb,0xffdb,0xffdb,0xffdb,0xffdb,
    0xffdb,0xffdb,0xffdb,0xffdb,0xffdb,0xffdb,0xffdb,0xffdb,0xffdb,0xffdb,0xffdb,0xffdb,
    0xffdb,0xffdb,0xffdb,0xffdb,0xffdb,0xffdb,0xffdb,0xffdb,0xffdb,0xffdb,0xffdb,0xffdb,
    0xffff,0xffff,0xffdb,0xffdb,0xffdb,0xffdb,0xffdb,0xffdb,0xffdb,0xffdb,0xffdb,0xffdb,
    0xffdb,0xffdb,0xffdb,0xffdb,0xffdb,0xffdb,0xffdb,0xffdb,0xffdb,0xffdb,0xffdb,0xffdb,
    0xffdb,0xffdb,0xffdb,0xffdb,0xffdb,0xffdb,0xffdb,0xffdb,0xffdb,0xffdb,0xffdb,0xffdb,
    0xffdb,0xffdb,0xffdb,0xffdb,0xffdb,0xffdb,0xffdb,0xffdb,0xffdb,0xffdb,0xffdb,0xffdb,
    0xffdb,0xffdb,0xffdb,0xffdb,0xffdb,0xffdb,0xffdb,0xffdb,0xffdb,0xffdb,0xffdb,0xffdb,
    0xffdb,0xffdb,0xffdb,0xffdb,0xffdb,0xffdb,0xffdb,0xffdb,0xffdb,0xffdb,0xffdb,0xffdb,
    0xffdb,0xffdb,0xffdb,0xffdb,0xffdb,0xffdb,0xffdb,0xffdb,0xffdb,0xffdb,0xffdb,0xffdb,
    0xffdb,0xffdb,0xffdb,0xffdb,0xffdb,0xffdb,0xffdb,0xffdb,0xffdb,0xffdb,0xffdb,0xffdb,
    0xffdb,0xffdb,0xffdb,0xffdb,0xffdb,0xffdb,0xffdb,0xffdb,0xffdb,0xffdb,0xffdb,0xffdb,
    0xffdb,0xffdb,0xffdb,0xffdb,0xffdb,0xffdb,0xffdb,0xffdb,0xffdb,0xffdb,0xffdb,0xffdb,
    0xffdb,0xffdb,0xffdb,0xffdb,0xffdb,0xffdb,0xffdb,0xffdb,0xffdb,0xffdb,0xffdb,0xffdb,
    0xffdb,0xffdb,0xffdb,0xffdb,0xffdb,0xffdb,0xffdb,0xffdb,0xffdb,0xffdb,0xffdb,0xffdb,
    0xffdb,0xffdb,0xffdb,0xffdb,0xffdb,0xffdb,0xffdb,0xffdb,0xffdb,0xffdb,0xffdb,0xffdb,
    0xffdb,0xffdb,0xffdb,0xffdb,0xffdb,0xffdb,0xffdb,0xffdb,0xffdb,0xffdb,0xffdb,0xffdb,
    0xffdb,0xffdb,0xffdb,0xffdb,0xffdb,0xffdb,0xffdb,0xffdb,0xffdb,0xffdb,0xffdb,0xffdb,
    0xffdb,0xffdb,0xffdb,0xffdb,0xffdb,0xffdb,0xffdb,0xffdb,0xffdb,0xffdb,0xffdb,0xffdb,
    0xffdb,0xffdb,0xffdb,0xffdb,0xffdb,0xffdb,0xffdb,0xffdb,0xffdb,0xffdb,0xffdb,0xffdb,
    0xffdb,0xffdb,0xffdb,0xffdb,0xffdb,0xffdb,0xffdb,0xffdb,0xffdb,0xffdb,0xffdb,0xffdb,
    0xffdb,0xffdb,0xffdb,0xffdb,0xffdb,0xffdb,0xffdb,0xffdb,0xffdb,0xffdb,0xffdb,0xffdb,
    0xffdb,0xffdb,0xffdb,0xffdb,0xffdb,0xffdb,0xffdb,0xffdb,0xffdb,0xffdb,0xffdb,0xffdb,
    0xffdb,0xffdb,0xffdb,0xffdb,0xffdb,0xffdb,0xffdb,0xffdb,0xffdb,0xffdb,0xffdb,0xffdb,
    0xffdb,0xffdb,0xffdb,0xffdb,0xffff,0xffff,0xffdb,0xffdb,0xffdb,0xffdb,0xffdb,0xffdb,
    0xffdb,0xffdb,0xffdb,0xffdb,0xffdb,0xffdb,0xffdb,0xffdb,0xffdb,0xffdb,0xffdb,0xffdb,
    0xffdb,0xffdb,0xffdb,0xffdb,0xffdb,0xffdb,0xffdb,0xffdb,0xffdb,0xffdb,0xffdb,0xffdb,
    0xffdb,0xffdb,0xffdb,0xffdb,0xffdb,0xffdb,0xffdb,0xffdb,0xffdb,0xffdb,0xffdb,0xffdb,
    0xffdb,0xffdb,0xffdb,0xffdb,0xffdb,0xffdb,0xffdb,0xffdb,0xffdb,0xffdb,0xffdb,0xffdb,
    0xffdb,0xffdb,0xffdb,0xffdb,0xffdb,0xffdb,0xffdb,0xffdb,0xffdb,0xffdb,0xffdb,0xffdb,
    0xffdb,0xffdb,0xffdb,0xffdb,0xffdb,0xffdb,0xffdb,0xffdb,0xffdb,0xffdb,0xffdb,0xffdb,
    0xffdb,0xffdb,0xffdb,0xffdb,0xffdb,0xffdb,0xffdb,0xffdb,0xffdb,0xffdb,0xffdb,0xffdb,
    0xffdb,0xffdb,0xffdb,0xffdb,0xffdb,0xffdb,0xffdb,0xffdb,0xffdb,0xffdb,0xffdb,0xffdb,
    0xffdb,0xffdb,0xffdb,0xffdb,0xffdb,0xffdb,0xffdb,0xffdb,0xffdb,0xffdb,0xffdb,0xffdb,
    0xffdb,0xffdb,0xffdb,0xffdb,0xffdb,0xffdb,0xffdb,0xffdb,0xffdb,0xffdb,0xffdb,0xffdb,
    0xffdb,0xffdb,0xffdb,0xffdb,0xffdb,0xffdb,0xffdb,0xffdb,0xffdb,0xffdb,0xffdb,0xffdb,
    0xffdb,0xffdb,0xffdb,0xffdb,0xffdb,0xffdb,0xffdb,0xffdb,0xffdb,0xffdb,0xffdb,0xffdb,
    0xffdb,0xffdb,0xffdb,0xffdb,0xffdb,0xffdb,0xffdb,0xffdb,0xffdb,0xffdb,0xffdb,0xffdb,
    0xffdb,0xffdb,0xffdb,0xffdb,0xffdb,0xffdb,0xffdb,0xffdb,0xffdb,0xffdb,0xffdb,0xffdb,
    0xffdb,0xffdb,0xffdb,0xffdb,0xffdb,0xffdb,0xffdb,0xffdb,0xffdb,0xffdb,0xffdb,0xffdb,
    0xffdb,0xffdb,0xffdb,0xffdb,0xffdb,0xffdb,0xffdb,0xffdb,0xffdb,0xffdb,0xffdb,0xffdb,
    0xffdb,0xffdb,0xffdb,0xffdb,0xffdb,0xffdb,0xffdb,0xffdb,0xffdb,0xffdb,0xffdb,0xffdb,
    0xffdb,0xffdb,0xffdb,0xffdb,0xffdb,0xffdb,0xffdb,0xffdb,0xffdb,0xffdb,0xffdb,0xffdb,
    0xffdb,0xffdb,0xffdb,0xffdb,0xffdb,0xffdb,0xffdb,0xffdb,0xffdb,0xffdb,0xffdb,0xffdb,
    0xffdb,0xffdb,0xffdb,0xffdb,0xffdb,0xffdb,0xffdb,0xffdb,0xffdb,0xffdb,0xffdb,0xffdb,
    0xffdb,0xffdb,0xffdb,0xffdb,0xffdb,0xffdb,0xffdb,0xffdb,0xffff,0xffff,0xffdb,0xffdb,
    0xffdb,0xffdb,0xffdb,0xffdb,0xffdb,0xffdb,0xffdb,0xffdb,0xffdb,0xffdb,0xffdb,0xffdb,
    0xffdb,0xffdb,0xffdb,0xffdb,0xffdb,0xffdb,0xffdb,0xffdb,0xffdb,0xffdb,0xffdb,0xffdb,
    0xffdb,0xffdb,0xffdb,0xffdb,0xffdb,0xffdb,0xffdb,0xffdb,0xffdb,0xffdb,0xffdb,0xffdb,
    0xffdb,0xffdb,0xffdb,0xffdb,0xffdb,0xffdb,0xffdb,0xffdb,0xffdb,0xffdb,0xffdb,0xffdb,
    0xffdb,0xffdb,0xffdb,0xffdb,0xffdb,0xffdb,0xffdb,0xffdb,0xffdb,0xffdb,0xffdb,0xffdb,
    0xffdb,0xffdb,0xffdb,0xffdb,0xffdb,0xffdb,0xffdb,0xffdb,0xffdb,0xffdb,0xffdb,0xffdb,
    0xffdb,0xffdb,0xffdb,0xffdb,0xffdb,0xffdb,0xffdb,0xffdb,0xffdb,0xffdb,0xffdb,0xffdb,
    0xffdb,0xffdb,0xffdb,0xffdb,0xffdb,0xffdb,0xffdb,0xffdb,0xffdb,0xffdb,0xffdb,0xffdb,
    0xffdb,0xffdb,0xffdb,0xffdb,0xffdb,0xffdb,0xffdb,0xffdb,0xffdb,0xffdb,0xffdb,0xffdb,
    0xffdb,0xffdb,0xffdb,0xffdb,0xffdb,0xffdb,0xffdb,0xffdb,0xffdb,0xffdb,0xffdb,0xffdb,
    0xffdb,0xffdb,0xffdb,0xffdb,0xffdb,0xffdb,0xffdb,0xffdb,0xffdb,0xffdb,0xffdb,0xffdb,
    0xffdb,0xffdb,0xffdb,0xffdb,0xffdb,0xffdb,0xffdb,0xffdb,0xffdb,0xffdb,0xffdb,0xffdb,
    0xffdb,0xffdb,0xffdb,0xffdb,0xffdb,0xffdb,0xffdb,0xffdb,0xffdb,0xffdb,0xffdb,0xffdb,
    0xffdb,0xffdb,0xffdb,0xffdb,0xffdb,0xffdb,0xffdb,0xffdb,0xffdb,0xffdb,0xffdb,0xffdb,
    0xffdb,0xffdb,0xffdb,0xffdb,0xffdb,0xffdb,0xffdb,0xffdb,0xffdb,0xffdb,0xffdb,0xffdb,
    0xffdb,0xffdb,0xffdb,0xffdb,0xffdb,0xffdb,0xffdb,0xffdb,0xffdb,0xffdb,0xffdb,0xffdb,
    0xffdb,0xffdb,0xffdb,0xffdb,0xffdb,0xffdb,0xffdb,0xffdb,0xffdb,0xffdb,0xffdb,0xffdb,
    0xffdb,0xffdb,0xffdb,0xffdb,0xffdb,0xffdb,0xffdb,0xffdb,0xffdb,0xffdb,0xffdb,0xffdb,
    0xffdb,0xffdb,0xffdb,0xffdb,0xffdb,0xffdb,0xffdb,0xffdb,0xffdb,0xffdb,0xffdb,0xffdb,
    0xffdb,0xffdb,0xffdb,0xffdb,0xffdb,0xffdb,0xffdb,0xffdb,0xffdb,0xffdb,0xffdb,0xffdb,
    0xffdb,0xffdb,0xffdb,0xffdb,0xffdb,0xffdb,0xffdb,0xffdb,0xffdb,0xffdb,0xffdb,0xffdb,
    0xffff,0xffff,0xffdb,0xffdb,0xffdb,0xffdb,0xffdb,0xffdb,0xffdb,0xffdb,0xffdb,0xffdb,
    0xffdb,0xffdb,0xffdb,0xffdb,0xffdb,0xffdb,0xffdb,0xffdb,0xffdb,0xffdb,0xffdb,0xffdb,
    0xffdb,0xffdb,0xffdb,0xffdb,0xffdb,0xffdb,0xffdb,0xffdb,0xffdb,0xffdb,0xffdb,0xffdb,
    0xffdb,0xffdb,0xffdb,0xffdb,0xffdb,0xffdb,0xffdb,0xffdb,0xffdb,0xffdb,0xffdb,0xffdb,
    0xffdb,0xffdb,0xffdb,0xffdb,0xffdb,0xffdb,0xffdb,0xffdb,0xffdb,0xffdb,0xffdb,0xffdb,
    0xffdb,0xffdb,0xffdb,0xffdb,0xffdb,0xffdb,0xffdb,0xffdb,0xffdb,0xffdb,0xffdb,0xffdb,
    0xffdb,0xffdb,0xffdb,0xffdb,0xffdb,0xffdb,0xffdb,0xffdb,0xffdb,0xffdb,0xffdb,0xffdb,
    0xffdb,0xffdb,0xffdb,0xffdb,0xffdb,0xffdb,0xffdb,0xffdb,0xffdb,0xffdb,0xffdb,0xffdb,
    0xffdb,0xffdb,0xffdb,0xffdb,0xffdb,0xffdb,0xffdb,0xffdb,0xffdb,0xffdb,0xffdb,0xffdb,
    0xffdb,0xffdb,0xffdb,0xffdb,0xffdb,0xffdb,0xffdb,0xffdb,0xffdb,0xffdb,0xffdb,0xffdb,
    0xffdb,0xffdb,0xffdb,0xffdb,0xffdb,0xffdb,0xffdb,0xffdb,0xffdb,0xffdb,0xffdb,0xffdb,
    0xffdb,0xffdb,0xffdb,0xffdb,0xffdb,0xffdb,0xffdb,0xffdb,0xffdb,0xffdb,0xffdb,0xffdb,
    0xffdb,0xffdb,0xffdb,0xffdb,0xffdb,0xffdb,0xffdb,0xffdb,0xffdb,0xffdb,0xffdb,0xffdb,
    0xffdb,0xffdb,0xffdb,0xffdb,0xffdb,0xffdb,0xffdb,0xffdb,0xffdb,0xffdb,0xffdb,0xffdb,
    0xffdb,0xffdb,0xffdb,0xffdb,0xffdb,0xffdb,0xffdb,0xffdb,0xffdb,0xffdb,0xffdb,0xffdb,
    0xffdb,0xffdb,0xffdb,0xffdb,0xffdb,0xffdb,0xffdb,0xffdb,0xffdb,0xffdb,0xffdb,0xffdb,
    0xffdb,0xffdb,0xffdb,0xffdb,0xffdb,0xffdb,0xffdb,0xffdb,0xffdb,0xffdb,0xffdb,0xffdb,
    0xffdb,0xffdb,0xffdb,0xffdb,0xffdb,0xffdb,0xffdb,0xffdb,0xffdb,0xffdb,0xffdb,0xffdb,
    0xffdb,0xffdb,0xffdb,0xffdb,0xffdb,0xffdb,0xffdb,0xffdb,0xffdb,0xffdb,0xffdb,0xffdb,
    0xffdb,0xffdb,0xffdb,0xffdb,0xffdb,0xffdb,0xffdb,0xffdb,0xffdb,0xffdb,0xffdb,0xffdb,
    0xffdb,0xffdb,0xffdb,0xffdb,0xffdb,0xffdb,0xffdb,0xffdb,0xffdb,0xffdb,0xffdb,0xffdb,
    0xffdb,0xffdb,0xffdb,0xffdb,0xffff,0xffff,0xffdb,0xffdb,0xffdb,0xffdb,0xffdb,0xffdb,
    0xffdb,0xffdb,0xffdb,0xffdb,0xffdb,0xffdb,0xffdb,0xffdb,0xffdb,0xffdb,0xffdb,0xffdb,
    0xffdb,0xffdb,0xffdb,0xffdb,0xffdb,0xffdb,0xffdb,0xffdb,0xffdb,0xffdb,0xffdb,0xffdb,
    0xffdb,0xffdb,0xffdb,0xffdb,0xffdb,0xffdb,0xffdb,0xffdb,0xffdb,0xffdb,0xffdb,0xffdb,
    0xffdb,0xffdb,0xffdb,0xffdb,0xffdb,0xffdb,0xffdb,0xffdb,0xffdb,0xffdb,0xffdb,0xffdb,
    0xffdb,0xffdb,0xffdb,0xffdb,0xffdb,0xffdb,0xffdb,0xffdb,0xffdb,0xffdb,0xffdb,0xffdb,
    0xffdb,0xffdb,0xffdb,0xffdb,0xffdb,0xffdb,0xffdb,0xffdb,0xffdb,0xffdb,0xffdb,0xffdb,
    0xffdb,0xffdb,0xffdb,0xffdb,0xffdb,0xffdb,0xffdb,0xffdb,0xffdb,0xffdb,0xffdb,0xffdb,
    0xffdb,0xffdb,0xffdb,0xffdb,0xffdb,0xffdb,0xffdb,0xffdb,0xffdb,0xffdb,0xffdb,0xffdb,
    0xffdb,0xffdb,0xffdb,0xffdb,0xffdb,0xffdb,0xffdb,0xffdb,0xffdb,0xffdb,0xffdb,0xffdb,
    0xffdb,0xffdb,0xffdb,0xffdb,0xffdb,0xffdb,0xffdb,0xffdb,0xffdb,0xffdb,0xffdb,0xffdb,
    0xffdb,0xffdb,0xffdb,0xffdb,0xffdb,0xffdb,0xffdb,0xffdb,0xffdb,0xffdb,0xffdb,0xffdb,
    0xffdb,0xffdb,0xffdb,0xffdb,0xffdb,0xffdb,0xffdb,0xffdb,0xffdb,0xffdb,0xffdb,0xffdb,
    0xffdb,0xffdb,0xffdb,0xffdb,0xffdb,0xffdb,0xffdb,0xffdb,0xffdb,0xffdb,0xffdb,0xffdb,
    0xffdb,0xffdb,0xffdb,0xffdb,0xffdb,0xffdb,0xffdb,0xffdb,0xffdb,0xffdb,0xffdb,0xffdb,
    0xffdb,0xffdb,0xffdb,0xffdb,0xffdb,0xffdb,0xffdb,0xffdb,0xffdb,0xffdb,0xffdb,0xffdb,
    0xffdb,0xffdb,0xffdb,0xffdb,0xffdb,0xffdb,0xffdb,0xffdb,0xffdb,0xffdb,0xffdb,0xffdb,
    0xffdb,0xffdb,0xffdb,0xffdb,0xffdb,0xffdb,0xffdb,0xffdb,0xffdb,0xffdb,0xffdb,0xffdb,
    0xffdb,0xffdb,0xffdb,0xffdb,0xffdb,0xffdb,0xffdb,0xffdb,0xffdb,0xffdb,0xffdb,0xffdb,
    0xffdb,0xffdb,0xffdb,0xffdb,0xffdb,0xffdb,0xffdb,0xffdb,0xffdb,0xffdb,0xffdb,0xffdb,
    0xffdb,0xffdb,0xffdb,0xffdb,0xffdb,0xffdb,0xffdb,0xffdb,0xffdb,0xffdb,0xffdb,0xffdb,
    0xffdb,0xffdb,0xffdb,0xffdb,0xffdb,0xffdb,0xffdb,0xffdb,0xffff,0xffff,0xffdb,0xffdb,
    0xffdb,0xffdb,0xffdb,0xffdb,0xffdb,0xffdb,0xffdb,0xffdb,0xffdb,0xffdb,0xffdb,0xffdb,
    0xffdb,0xffdb,0xffdb,0xffdb,0xffdb,0xffdb,0xffdb,0xffdb,0xffdb,0xffdb,0xffdb,0xffdb,
    0xffdb,0xffdb,0xffdb,0xffdb,0xffdb,0xffdb,0xffdb,0xffdb,0xffdb,0xffdb,0xffdb,0xffdb,
    0xffdb,0xffdb,0xffdb,0xffdb,0xffdb,0xffdb,0xffdb,0xffdb,0xffdb,0xffdb,0xffdb,0xffdb,
    0xffdb,0xffdb,0xffdb,0xffdb,0xffdb,0xffdb,0xffdb,0xffdb,0xffdb,0xffdb,0xffdb,0xffdb,
    0xffdb,0xffdb,0xffdb,0xffdb,0xffdb,0xffdb,0xffdb,0xffdb,0xffdb,0xffdb,0xffdb,0xffdb,
    0xffdb,0xffdb,0xffdb,0xffdb,0xffdb,0xffdb,0xffdb,0xffdb,0xffdb,0xffdb,0xffdb,0xffdb,
    0xffdb,0xffdb,0xffdb,0xffdb,0xffdb,0xffdb,0xffdb,0xffdb,0xffdb,0xffdb,0xffdb,0xffdb,
    0xffdb,0xffdb,0xffdb,0xffdb,0xffdb,0xffdb,0xffdb,0xffdb,0xffdb,0xffdb,0xffdb,0xffdb,
    0xffdb,0xffdb,0xffdb,0xffdb,0xffdb,0xffdb,0xffdb,0xffdb,0xffdb,0xffdb,0xffdb,0xffdb,
    0xffdb,0xffdb,0xffdb,0xffdb,0xffdb,0xffdb,0xffdb,0xffdb,0xffdb,0xffdb,0xffdb,0xffdb,
    0xffdb,0xffdb,0xffdb,0xffdb,0xffdb,0xffdb,0xffdb,0xffdb,0xffdb,0xffdb,0xffdb,0xffdb,
    0xffdb,0xffdb,0xffdb,0xffdb,0xffdb,0xffdb,0xffdb,0xffdb,0xffdb,0xffdb,0xffdb,0xffdb,
    0xffdb,0xffdb,0xffdb,0xffdb,0xffdb,0xffdb,0xffdb,0xffdb,0xffdb,0xffdb,0xffdb,0xffdb,
    0xffdb,0xffdb,0xffdb,0xffdb,0xffdb,0xffdb,0xffdb,0xffdb,0xffdb,0xffdb,0xffdb,0xffdb,
    0xffdb,0xffdb,0xffdb,0xffdb,0xffdb,0xffdb,0xffdb,0xffdb,0xffdb,0xffdb,0xffdb,0xffdb,
    0xffdb,0xffdb,0xffdb,0xffdb,0xffdb,0xffdb,0xffdb,0xffdb,0xffdb,0xffdb,0xffdb,0xffdb,
    0xffdb,0xffdb,0xffdb,0xffdb,0xffdb,0xffdb,0xffdb,0xffdb,0xffdb,0xffdb,0xffdb,0xffdb,
    0xffdb,0xffdb,0xffdb,0xffdb,0xffdb,0xffdb,0xffdb,0xffdb,0xffdb,0xffdb,0xffdb,0xffdb,
    0xffdb,0xffdb,0xffdb,0xffdb,0xffdb,0xffdb,0xffdb,0xffdb,0xffdb,0xffdb,0xffdb,0xffdb,
    0xffdb,0xffdb,0xffdb,0xffdb,0xffdb,0xffdb,0xffdb,0xffdb,0xffdb,0xffdb,0xffdb,0xffdb,
    0xffff,0xffff,0xffdb,0xffdb,0xffdb,0xffdb,0xffdb,0xffdb,0xffdb,0xffdb,0xffdb,0xffdb,
    0xffdb,0xffdb,0xffdb,0xffdb,0xffdb,0xffdb,0xffdb,0xffdb,0xffdb,0xffdb,0xffdb,0xffdb,
    0xffdb,0xffdb,0xffdb,0xffdb,0xffdb,0xffdb,0xffdb,0xffdb,0xffdb,0xffdb,0xffdb,0xffdb,
    0xffdb,0xffdb,0xffdb,0xffdb,0xffdb,0xffdb,0xffdb,0xffdb,0xffdb,0xffdb,0xffdb,0xffdb,
    0xffdb,0xffdb,0xffdb,0xffdb,0xffdb,0xffdb,0xffdb,0xffdb,0xffdb,0xffdb,0xffdb,0xffdb,
    0xffdb,0xffdb,0xffdb,0xffdb,0xffdb,0xffdb,0xffdb,0xffdb,0xffdb,0xffdb,0xffdb,0xffdb,
    0xffdb,0xffdb,0xffdb,0xffdb,0xffdb,0xffdb,0xffdb,0xffdb,0xffdb,0xffdb,0xffdb,0xffdb,
    0xffdb,0xffdb,0xffdb,0xffdb,0xffdb,0xffdb,0xffdb,0xffdb,0xffdb,0xffdb,0xffdb,0xffdb,
    0xffdb,0xffdb,0xffdb,0xffdb,0xffdb,0xffdb,0xffdb,0xffdb,0xffdb,0xffdb,0xffdb,0xffdb,
    0xffdb,0xffdb,0xffdb,0xffdb,0xffdb,0xffdb,0xffdb,0xffdb,0xffdb,0xffdb,0xffdb,0xffdb,
    0xffdb,0xffdb,0xffdb,0xffdb,0xffdb,0xffdb,0xffdb,0xffdb,0xffdb,0xffdb,0xffdb,0xffdb,
    0xffdb,0xffdb,0xffdb,0xffdb,0xffdb,0xffdb,0xffdb,0xffdb,0xffdb,0xffdb,0xffdb,0xffdb,
    0xffdb,0xffdb,0xffdb,0xffdb,0xffdb,0xffdb,0xffdb,0xffdb,0xffdb,0xffdb,0xffdb,0xffdb,
    0xffdb,0xffdb,0xffdb,0xffdb,0xffdb,0xffdb,0xffdb,0xffdb,0xffdb,0xffdb,0xffdb,0xffdb,
    0xffdb,0xffdb,0xffdb,0xffdb,0xffdb,0xffdb,0xffdb,0xffdb,0xffdb,0xffdb,0xffdb,0xffdb,
    0xffdb,0xffdb,0xffdb,0xffdb,0xffdb,0xffdb,0xffdb,0xffdb,0xffdb,0xffdb,0xffdb,0xffdb,
    0xffdb,0xffdb,0xffdb,0xffdb,0xffdb,0xffdb,0xffdb,0xffdb,0xffdb,0xffdb,0xffdb,0xffdb,
    0xffdb,0xffdb,0xffdb,0xffdb,0xffdb,0xffdb,0xffdb,0xffdb,0xffdb,0xffdb,0xffdb,0xffdb,
    0xffdb,0xffdb,0xffdb,0xffdb,0xffdb,0xffdb,0xffdb,0xffdb,0xffdb,0xffdb,0xffdb,0xffdb,
    0xffdb,0xffdb,0xffdb,0xffdb,0xffdb,0xffdb,0xffdb,0xffdb,0xffdb,0xffdb,0xffdb,0xffdb,
    0xffdb,0xffdb,0xffdb,0xffdb,0xffdb,0xffdb,0xffdb,0xffdb,0xffdb,0xffdb,0xffdb,0xffdb,
    0xffdb,0xffdb,0xffdb,0xffdb,0xffff,0xffff,0xffdb,0xffdb,0xffdb,0xffdb,0xffdb,0xffdb,
    0xffdb,0xffdb,0xffdb,0xffdb,0xffdb,0xffdb,0xffdb,0xffdb,0xffdb,0xffdb,0xffdb,0xffdb,
    0xffdb,0xffdb,0xffdb,0xffdb,0xffdb,0xffdb,0xffdb,0xffdb,0xffdb,0xffdb,0xffdb,0xffdb,
    0xffdb,0xffdb,0xffdb,0xffdb,0xffdb,0xffdb,0xffdb,0xffdb,0xffdb,0xffdb,0xffdb,0xffdb,
    0xffdb,0xffdb,0xffdb,0xffdb,0xffdb,0xffdb,0xffdb,0xffdb,0xffdb,0xffdb,0xffdb,0xffdb,
    0xffdb,0xffdb,0xffdb,0xffdb,0xffdb,0xffdb,0xffdb,0xffdb,0xffdb,0xffdb,0xffdb,0xffdb,
    0xffdb,0xffdb,0xffdb,0xffdb,0xffdb,0xffdb,0xffdb,0xffdb,0xffdb,0xffdb,0xffdb,0xffdb,
    0xffdb,0xffdb,0xffdb,0xffdb,0xffdb,0xffdb,0xffdb,0xffdb,0xffdb,0xffdb,0xffdb,0xffdb,
    0xffdb,0xffdb,0xffdb,0xffdb,0xffdb,0xffdb,0xffdb,0xffdb,0xffdb,0xffdb,0xffdb,0xffdb,
    0xffdb,0xffdb,0xffdb,0xffdb,0xffdb,0xffdb,0xffdb,0xffdb,0xffdb,0xffdb,0xffdb,0xffdb,
    0xffdb,0xffdb,0xffdb,0xffdb,0xffdb,0xffdb,0xffdb,0xffdb,0xffdb,0xffdb,0xffdb,0xffdb,
    0xffdb,0xffdb,0xffdb,0xffdb,0xffdb,0xffdb,0xffdb,0xffdb,0xffdb,0xffdb,0xffdb,0xffdb,
    0xffdb,0xffdb,0xffdb,0xffdb,0xffdb,0xffdb,0xffdb,0xffdb,0xffdb,0xffdb,0xffdb,0xffdb,
    0xffdb,0xffdb,0xffdb,0xffdb,0xffdb,0xffdb,0xffdb,0xffdb,0xffdb,0xffdb,0xffdb,0xffdb,
    0xffdb,0xffdb,0xffdb,0xffdb,0xffdb,0xffdb,0xffdb,0xffdb,0xffdb,0xffdb,0xffdb,0xffdb,
    0xffdb,0xffdb,0xffdb,0xffdb,0xffdb,0xffdb,0xffdb,0xffdb,0xffdb,0xffdb,0xffdb,0xffdb,
    0xffdb,0xffdb,0xffdb,0xffdb,0xffdb,0xffdb,0xffdb,0xffdb,0xffdb,0xffdb,0xffdb,0xffdb,
    0xffdb,0xffdb,0xffdb,0xffdb,0xffdb,0xffdb,0xffdb,0xffdb,0xffdb,0xffdb,0xffdb,0xffdb,
    0xffdb,0xffdb,0xffdb,0xffdb,0xffdb,0xffdb,0xffdb,0xffdb,0xffdb,0xffdb,0xffdb,0xffdb,
    0xffdb,0xffdb,0xffdb,0xffdb,0xffdb,0xffdb,0xffdb,0xffdb,0xffdb,0xffdb,0xffdb,0xffdb,
    0xffdb,0xffdb,0xffdb,0xffdb,0xffdb,0xffdb,0xffdb,0xffdb,0xffdb,0xffdb,0xffdb,0xffdb,
    0xffdb,0xffdb,0xffdb,0xffdb,0xffdb,0xffdb,0xffdb,0xffdb,0xffff,0xffff,0xffdb,0xffdb,
    0xffdb,0xffdb,0xffdb,0xffdb,0xffdb,0xffdb,0xffdb,0xffdb,0xffdb,0xffdb,0xffdb,0xffdb,
    0xffdb,0xffdb,0xffdb,0xffdb,0xffdb,0xffdb,0xffdb,0xffdb,0xffdb,0xffdb,0xffdb,0xffdb,
    0xffdb,0xffdb,0xffdb,0xffdb,0xffdb,0xffdb,0xffdb,0xffdb,0xffdb,0xffdb,0xffdb,0xffdb,
    0xffdb,0xffdb,0xffdb,0xffdb,0xffdb,0xffdb,0xffdb,0xffdb,0xffdb,0xffdb,0xffdb,0xffdb,
    0xffdb,0xffdb,0xffdb,0xffdb,0xffdb,0xffdb,0xffdb,0xffdb,0xffdb,0xffdb,0xffdb,0xffdb,
    0xffdb,0xffdb,0xffdb,0xffdb,0xffdb,0xffdb,0xffdb,0xffdb,0xffdb,0xffdb,0xffdb,0xffdb,
    0xffdb,0xffdb,0xffdb,0xffdb,0xffdb,0xffdb,0xffdb,0xffdb,0xffdb,0xffdb,0xffdb,0xffdb,
    0xffdb,0xffdb,0xffdb,0xffdb,0xffdb,0xffdb,0xffdb,0xffdb,0xffdb,0xffdb,0xffdb,0xffdb,
    0xffdb,0xffdb,0xffdb,0xffdb,0xffdb,0xffdb,0xffdb,0xffdb,0xffdb,0xffdb,0xffdb,0xffdb,
    0xffdb,0xffdb,0xffdb,0xffdb,0xffdb,0xffdb,0xffdb,0xffdb,0xffdb,0xffdb,0xffdb,0xffdb,
    0xffdb,0xffdb,0xffdb,0xffdb,0xffdb,0xffdb,0xffdb,0xffdb,0xffdb,0xffdb,0xffdb,0xffdb,
    0xffdb,0xffdb,0xffdb,0xffdb,0xffdb,0xffdb,0xffdb,0xffdb,0xffdb,0xffdb,0xffdb,0xffdb,
    0xffdb,0xffdb,0xffdb,0xffdb,0xffdb,0xffdb,0xffdb,0xffdb,0xffdb,0xffdb,0xffdb,0xffdb,
    0xffdb,0xffdb,0xffdb,0xffdb,0xffdb,0xffdb,0xffdb,0xffdb,0xffdb,0xffdb,0xffdb,0xffdb,
    0xffdb,0xffdb,0xffdb,0xffdb,0xffdb,0xffdb,0xffdb,0xffdb,0xffdb,0xffdb,0xffdb,0xffdb,
    0xffdb,0xffdb,0xffdb,0xffdb,0xffdb,0xffdb,0xffdb,0xffdb,0xffdb,0xffdb,0xffdb,0xffdb,
    0xffdb,0xffdb,0xffdb,0xffdb,0xffdb,0xffdb,0xffdb,0xffdb,0xffdb,0xffdb,0xffdb,0xffdb,
    0xffdb,0xffdb,0xffdb,0xffdb,0xffdb,0xffdb,0xffdb,0xffdb,0xffdb,0xffdb,0xffdb,0xffdb,
    0xffdb,0xffdb,0xffdb,0xffdb,0xffdb,0xffdb,0xffdb,0xffdb,0xffdb,0xffdb,0xffdb,0xffdb,
    0xffdb,0xffdb,0xffdb,0xffdb,0xffdb,0xffdb,0xffdb,0xffdb,0xffdb,0xffdb,0xffdb,0xffdb,
    0xffdb,0xffdb,0xffdb,0xffdb,0xffdb,0xffdb,0xffdb,0xffdb,0xffdb,0xffdb,0xffdb,0xffdb,
    0xffff,0xffff,0xffdb,0xffdb,0xffdb,0xffdb,0xffdb,0xffdb,0xffdb,0xffdb,0xffdb,0xffdb,
    0xffdb,0xffdb,0xffdb,0xffdb,0xffdb,0xffdb,0xffdb,0xffdb,0xffdb,0xffdb,0xffdb,0xffdb,
    0xffdb,0xffdb,0xffdb,0xffdb,0xffdb,0xffdb,0xffdb,0xffdb,0xffdb,0xffdb,0xffdb,0xffdb,
    0xffdb,0xffdb,0xffdb,0xffdb,0xffdb,0xffdb,0xffdb,0xffdb,0xffdb,0xffdb,0xffdb,0xffdb,
    0xffdb,0xffdb,0xffdb,0xffdb,0xffdb,0xffdb,0xffdb,0xffdb,0xffdb,0xffdb,0xffdb,0xffdb,
    0xffdb,0xffdb,0xffdb,0xffdb,0xffdb,0xffdb,0xffdb,0xffdb,0xffdb,0xffdb,0xffdb,0xffdb,
    0xffdb,0xffdb,0xffdb,0xffdb,0xffdb,0xffdb,0xffdb,0xffdb,0xffdb,0xffdb,0xffdb,0xffdb,
    0xffdb,0xffdb,0xffdb,0xffdb,0xffdb,0xffdb,0xffdb,0xffdb,0xffdb,0xffdb,0xffdb,0xffdb,
    0xffdb,0xffdb,0xffdb,0xffdb,0xffdb,0xffdb,0xffdb,0xffdb,0xffdb,0xffdb,0xffdb,0xffdb,
    0xffdb,0xffdb,0xffdb,0xffdb,0xffdb,0xffdb,0xffdb,0xffdb,0xffdb,0xffdb,0xffdb,0xffdb,
    0xffdb,0xffdb,0xffdb,0xffdb,0xffdb,0xffdb,0xffdb,0xffdb,0xffdb,0xffdb,0xffdb,0xffdb,
    0xffdb,0xffdb,0xffdb,0xffdb,0xffdb,0xffdb,0xffdb,0xffdb,0xffdb,0xffdb,0xffdb,0xffdb,
    0xffdb,0xffdb,0xffdb,0xffdb,0xffdb,0xffdb,0xffdb,0xffdb,0xffdb,0xffdb,0xffdb,0xffdb,
    0xffdb,0xffdb,0xffdb,0xffdb,0xffdb,0xffdb,0xffdb,0xffdb,0xffdb,0xffdb,0xffdb,0xffdb,
    0xffdb,0xffdb,0xffdb,0xffdb,0xffdb,0xffdb,0xffdb,0xffdb,0xffdb,0xffdb,0xffdb,0xffdb,
    0xffdb,0xffdb,0xffdb,0xffdb,0xffdb,0xffdb,0xffdb,0xffdb,0xffdb,0xffdb,0xffdb,0xffdb,
    0xffdb,0xffdb,0xffdb,0xffdb,0xffdb,0xffdb,0xffdb,0xffdb,0xffdb,0xffdb,0xffdb,0xffdb,
    0xffdb,0xffdb,0xffdb,0xffdb,0xffdb,0xffdb,0xffdb,0xffdb,0xffdb,0xffdb,0xffdb,0xffdb,
    0xffdb,0xffdb,0xffdb,0xffdb,0xffdb,0xffdb,0xffdb,0xffdb,0xffdb,0xffdb,0xffdb,0xffdb,
    0xffdb,0xffdb,0xffdb,0xffdb,0xffdb,0xffdb,0xffdb,0xffdb,0xffdb,0xffdb,0xffdb,0xffdb,
    0xffdb,0xffdb,0xffdb,0xffdb,0xffdb,0xffdb,0xffdb,0xffdb,0xffdb,0xffdb,0xffdb,0xffdb,
    0xffdb,0xffdb,0xffdb,0xffdb,0xffff,0xffff,0xffdb,0xffdb,0xffdb,0xffdb,0xffdb,0xffdb,
    0xffdb,0xffdb,0xffdb,0xffdb,0xffdb,0xffdb,0xffdb,0xffdb,0xffdb,0xffdb,0xffdb,0xffdb,
    0xffdb,0xffdb,0xffdb,0xffdb,0xffdb,0xffdb,0xffdb,0xffdb,0xffdb,0xffdb,0xffdb,0xffdb,
    0xffdb,0xffdb,0xffdb,0xffdb,0xffdb,0xffdb,0xffdb,0xffdb,0xffdb,0xffdb,0xffdb,0xffdb,
    0xffdb,0xffdb,0xffdb,0xffdb,0xffdb,0xffdb,0xffdb,0xffdb,0xffdb,0xffdb,0xffdb,0xffdb,
    0xffdb,0xffdb,0xffdb,0xffdb,0xffdb,0xffdb,0xffdb,0xffdb,0xffdb,0xffdb,0xffdb,0xffdb,
    0xffdb,0xffdb,0xffdb,0xffdb,0xffdb,0xffdb,0xffdb,0xffdb,0xffdb,0xffdb,0xffdb,0xffdb,
    0xffdb,0xffdb,0xffdb,0xffdb,0xffdb,0xffdb,0xffdb,0xffdb,0xffdb,0xffdb,0xffdb,0xffdb,
    0xffdb,0xffdb,0xffdb,0xffdb,0xffdb,0xffdb,0xffdb,0xffdb,0xffdb,0xffdb,0xffdb,0xffdb,
    0xffdb,0xffdb,0xffdb,0xffdb,0xffdb,0xffdb,0xffdb,0xffdb,0xffdb,0xffdb,0xffdb,0xffdb,
    0xffdb,0xffdb,0xffdb,0xffdb,0xffdb,0xffdb,0xffdb,0xffdb,0xffdb,0xffdb,0xffdb,0xffdb,
    0xffdb,0xffdb,0xffdb,0xffdb,0xffdb,0xffdb,0xffdb,0xffdb,0xffdb,0xffdb,0xffdb,0xffdb,
    0xffdb,0xffdb,0xffdb,0xffdb,0xffdb,0xffdb,0xffdb,0xffdb,0xffdb,0xffdb,0xffdb,0xffdb,
    0xffdb,0xffdb,0xffdb,0xffdb,0xffdb,0xffdb,0xffdb,0xffdb,0xffdb,0xffdb,0xffdb,0xffdb,
    0xffdb,0xffdb,0xffdb,0xffdb,0xffdb,0xffdb,0xffdb,0xffdb,0xffdb,0xffdb,0xffdb,0xffdb,
    0xffdb,0xffdb,0xffdb,0xffdb,0xffdb,0xffdb,0xffdb,0xffdb,0xffdb,0xffdb,0xffdb,0xffdb,
    0xffdb,0xffdb,0xffdb,0xffdb,0xffdb,0xffdb,0xffdb,0xffdb,0xffdb,0xffdb,0xffdb,0xffdb,
    0xffdb,0xffdb,0xffdb,0xffdb,0xffdb,0xffdb,0xffdb,0xffdb,0xffdb,0xffdb,0xffdb,0xffdb,
    0xffdb,0xffdb,0xffdb,0xffdb,0xffdb,0xffdb,0xffdb,0xffdb,0xffdb,0xffdb,0xffdb,0xffdb,
    0xffdb,0xffdb,0xffdb,0xffdb,0xffdb,0xffdb,0xffdb,0xffdb,0xffdb,0xffdb,0xffdb,0xffdb,
    0xffdb,0xffdb,0xffdb,0xffdb,0xffdb,0xffdb,0xffdb,0xffdb,0xffdb,0xffdb,0xffdb,0xffdb,
    0xffdb,0xffdb,0xffdb,0xffdb,0xffdb,0xffdb,0xffdb,0xffdb,0xffff,0xffff,0xffdb,0xffdb,
    0xffdb,0xffdb,0xffdb,0xffdb,0xffdb,0xffdb,0xffdb,0xffdb,0xffdb,0xffdb,0xffdb,0xffdb,
    0xffdb,0xffdb,0xffdb,0xffdb,0xffdb,0xffdb,0xffdb,0xffdb,0xffdb,0xffdb,0xffdb,0xffdb,
    0xffdb,0xffdb,0xffdb,0xffdb,0xffdb,0xffdb,0xffdb,0xffdb,0xffdb,0xffdb,0xffdb,0xffdb,
    0xffdb,0xffdb,0xffdb,0xffdb,0xffdb,0xffdb,0xffdb,0xffdb,0xffdb,0xffdb,0xffdb,0xffdb,
    0xffdb,0xffdb,0xffdb,0xffdb,0xffdb,0xffdb,0xffdb,0xffdb,0xffdb,0xffdb,0xffdb,0xffdb,
    0xffdb,0xffdb,0xffdb,0xffdb,0xffdb,0xffdb,0xffdb,0xffdb,0xffdb,0xffdb,0xffdb,0xffdb,
    0xffdb,0xffdb,0xffdb,0xffdb,0xffdb,0xffdb,0xffdb,0xffdb,0xffdb,0xffdb,0xffdb,0xffdb,
    0xffdb,0xffdb,0xffdb,0xffdb,0xffdb,0xffdb,0xffdb,0xffdb,0xffdb,0xffdb,0xffdb,0xffdb,
    0xffdb,0xffdb,0xffdb,0xffdb,0xffdb,0xffdb,0xffdb,0xffdb,0xffdb,0xffdb,0xffdb,0xffdb,
    0xffdb,0xffdb,0xffdb,0xffdb,0xffdb,0xffdb,0xffdb,0xffdb,0xffdb,0xffdb,0xffdb,0xffdb,
    0xffdb,0xffdb,0xffdb,0xffdb,0xffdb,0xffdb,0xffdb,0xffdb,0xffdb,0xffdb,0xffdb,0xffdb,
    0xffdb,0xffdb,0xffdb,0xffdb,0xffdb,0xffdb,0xffdb,0xffdb,0xffdb,0xffdb,0xffdb,0xffdb,
    0xffdb,0xffdb,0xffdb,0xffdb,0xffdb,0xffdb,0xffdb,0xffdb,0xffdb,0xffdb,0xffdb,0xffdb,
    0xffdb,0xffdb,0xffdb,0xffdb,0xffdb,0xffdb,0xffdb,0xffdb,0xffdb,0xffdb,0xffdb,0xffdb,
    0xffdb,0xffdb,0xffdb,0xffdb,0xffdb,0xffdb,0xffdb,0xffdb,0xffdb,0xffdb,0xffdb,0xffdb,
    0xffdb,0xffdb,0xffdb,0xffdb,0xffdb,0xffdb,0xffdb,0xffdb,0xffdb,0xffdb,0xffdb,0xffdb,
    0xffdb,0xffdb,0xffdb,0xffdb,0xffdb,0xffdb,0xffdb,0xffdb,0xffdb,0xffdb,0xffdb,0xffdb,
    0xffdb,0xffdb,0xffdb,0xffdb,0xffdb,0xffdb,0xffdb,0xffdb,0xffdb,0xffdb,0xffdb,0xffdb,
    0xffdb,0xffdb,0xffdb,0xffdb,0xffdb,0xffdb,0xffdb,0xffdb,0xffdb,0xffdb,0xffdb,0xffdb,
    0xffdb,0xffdb,0xffdb,0xffdb,0xffdb,0xffdb,0xffdb,0xffdb,0xffdb,0xffdb,0xffdb,0xffdb,
    0xffdb,0xffdb,0xffdb,0xffdb,0xffdb,0xffdb,0xffdb,0xffdb,0xffdb,0xffdb,0xffdb,0xffdb,
    0xffff,0xffff,0xffdb,0xffdb,0xffdb,0xffdb,0xffdb,0xffdb,0xffdb,0xffdb,0xffdb,0xffdb,
    0xffdb,0xffdb,0xffdb,0xffdb,0xffdb,0xffdb,0xffdb,0xffdb,0xffdb,0xffdb,0xffdb,0xffdb,
    0xffdb,0xffdb,0xffdb,0xffdb,0xffdb,0xffdb,0xffdb,0xffdb,0xffdb,0xffdb,0xffdb,0xffdb,
    0xffdb,0xffdb,0xffdb,0xffdb,0xffdb,0xffdb,0xffdb,0xffdb,0xffdb,0xffdb,0xffdb,0xffdb,
    0xffdb,0xffdb,0xffdb,0xffdb,0xffdb,0xffdb,0xffdb,0xffdb,0xffdb,0xffdb,0xffdb,0xffdb,
    0xffdb,0xffdb,0xffdb,0xffdb,0xffdb,0xffdb,0xffdb,0xffdb,0xffdb,0xffdb,0xffdb,0xffdb,
    0xffdb,0xffdb,0xffdb,0xffdb,0xffdb,0xffdb,0xffdb,0xffdb,0xffdb,0xffdb,0xffdb,0xffdb,
    0xffdb,0xffdb,0xffdb,0xffdb,0xffdb,0xffdb,0xffdb,0xffdb,0xffdb,0xffdb,0xffdb,0xffdb,
    0xffdb,0xffdb,0xffdb,0xffdb,0xffdb,0xffdb,0xffdb,0xffdb,0xffdb,0xffdb,0xffdb,0xffdb,
    0xffdb,0xffdb,0xffdb,0xffdb,0xffdb,0xffdb,0xffdb,0xffdb,0xffdb,0xffdb,0xffdb,0xffdb,
    0xffdb,0xffdb,0xffdb,0xffdb,0xffdb,0xffdb,0xffdb,0xffdb,0xffdb,0xffdb,0xffdb,0xffdb,
    0xffdb,0xffdb,0xffdb,0xffdb,0xffdb,0xffdb,0xffdb,0xffdb,0xffdb,0xffdb,0xffdb,0xffdb,
    0xffdb,0xffdb,0xffdb,0xffdb,0xffdb,0xffdb,0xffdb,0xffdb,0xffdb,0xffdb,0xffdb,0xffdb,
    0xffdb,0xffdb,0xffdb,0xffdb,0xffdb,0xffdb,0xffdb,0xffdb,0xffdb,0xffdb,0xffdb,0xffdb,
    0xffdb,0xffdb,0xffdb,0xffdb,0xffdb,0xffdb,0xffdb,0xffdb,0xffdb,0xffdb,0xffdb,0xffdb,
    0xffdb,0xffdb,0xffdb,0xffdb,0xffdb,0xffdb,0xffdb,0xffdb,0xffdb,0xffdb,0xffdb,0xffdb,
    0xffdb,0xffdb,0xffdb,0xffdb,0xffdb,0xffdb,0xffdb,0xffdb,0xffdb,0xffdb,0xffdb,0xffdb,
    0xffdb,0xffdb,0xffdb,0xffdb,0xffdb,0xffdb,0xffdb,0xffdb,0xffdb,0xffdb,0xffdb,0xffdb,
    0xffdb,0xffdb,0xffdb,0xffdb,0xffdb,0xffdb,0xffdb,0xffdb,0xffdb,0xffdb,0xffdb,0xffdb,
    0xffdb,0xffdb,0xffdb,0xffdb,0xffdb,0xffdb,0xffdb,0xffdb,0xffdb,0xffdb,0xffdb,0xffdb,
    0xffdb,0xffdb,0xffdb,0xffdb,0xffdb,0xffdb,0xffdb,0xffdb,0xffdb,0xffdb,0xffdb,0xffdb,
    0xffdb,0xffdb,0xffdb,0xffdb,0xffff,0xffff,0xffdb,0xffdb,0xffdb,0xffdb,0xffdb,0xffdb,
    0xffdb,0xffdb,0xffdb,0xffdb,0xffdb,0xffdb,0xffdb,0xffdb,0xffdb,0xffdb,0xffdb,0xffdb,
    0xffdb,0xffdb,0xffdb,0xffdb,0xffdb,0xffdb,0xffdb,0xffdb,0xffdb,0xffdb,0xffdb,0xffdb,
    0xffdb,0xffdb,0xffdb,0xffdb,0xffdb,0xffdb,0xffdb,0xffdb,0xffdb,0xffdb,0xffdb,0xffdb,
    0xffdb,0xffdb,0xffdb,0xffdb,0xffdb,0xffdb,0xffdb,0xffdb,0xffdb,0xffdb,0xffdb,0xffdb,
    0xffdb,0xffdb,0xffdb,0xffdb,0xffdb,0xffdb,0xffdb,0xffdb,0xffdb,0xffdb,0xffdb,0xffdb,
    0xffdb,0xffdb,0xffdb,0xffdb,0xffdb,0xffdb,0xffdb,0xffdb,0xffdb,0xffdb,0xffdb,0xffdb,
    0xffdb,0xffdb,0xffdb,0xffdb,0xffdb,0xffdb,0xffdb,0xffdb,0xffdb,0xffdb,0xffdb,0xffdb,
    0xffdb,0xffdb,0xffdb,0xffdb,0xffdb,0xffdb,0xffdb,0xffdb,0xffdb,0xffdb,0xffdb,0xffdb,
    0xffdb,0xffdb,0xffdb,0xffdb,0xffdb,0xffdb,0xffdb,0xffdb,0xffdb,0xffdb,0xffdb,0xffdb,
    0xffdb,0xffdb,0xffdb,0xffdb,0xffdb,0xffdb,0xffdb,0xffdb,0xffdb,0xffdb,0xffdb,0xffdb,
    0xffdb,0xffdb,0xffdb,0xffdb,0xffdb,0xffdb,0xffdb,0xffdb,0xffdb,0xffdb,0xffdb,0xffdb,
    0xffdb,0xffdb,0xffdb,0xffdb,0xffdb,0xffdb,0xffdb,0xffdb,0xffdb,0xffdb,0xffdb,0xffdb,
    0xffdb,0xffdb,0xffdb,0xffdb,0xffdb,0xffdb,0xffdb,0xffdb,0xffdb,0xffdb,0xffdb,0xffdb,
    0xffdb,0xffdb,0xffdb,0xffdb,0xffdb,0xffdb,0xffdb,0xffdb,0xffdb,0xffdb,0xffdb,0xffdb,
    0xffdb,0xffdb,0xffdb,0xffdb,0xffdb,0xffdb,0xffdb,0xffdb,0xffdb,0xffdb,0xffdb,0xffdb,
    0xffdb,0xffdb,0xffdb,0xffdb,0xffdb,0xffdb,0xffdb,0xffdb,0xffdb,0xffdb,0xffdb,0xffdb,
    0xffdb,0xffdb,0xffdb,0xffdb,0xffdb,0xffdb,0xffdb,0xffdb,0xffdb,0xffdb,0xffdb,0xffdb,
    0xffdb,0xffdb,0xffdb,0xffdb,0xffdb,0xffdb,0xffdb,0xffdb,0xffdb,0xffdb,0xffdb,0xffdb,
    0xffdb,0xffdb,0xffdb,0xffdb,0xffdb,0xffdb,0xffdb,0xffdb,0xffdb,0xffdb,0xffdb,0xffdb,
    0xffdb,0xffdb,0xffdb,0xffdb,0xffdb,0xffdb,0xffdb,0xffdb,0xffdb,0xffdb,0xffdb,0xffdb,
    0xffdb,0xffdb,0xffdb,0xffdb,0xffdb,0xffdb,0xffdb,0xffdb,0xffff,0xffff,0xffdb,0xffdb,
    0xffdb,0xffdb,0xffdb,0xffdb,0xffdb,0xffdb,0xffdb,0xffdb,0xffdb,0xffdb,0xffdb,0xffdb,
    0xffdb,0xffdb,0xffdb,0xffdb,0xffdb,0xffdb,0xffdb,0xffdb,0xffdb,0xffdb,0xffdb,0xffdb,
    0xffdb,0xffdb,0xffdb,0xffdb,0xffdb,0xffdb,0xffdb,0xffdb,0xffdb,0xffdb,0xffdb,0xffdb,
    0xffdb,0xffdb,0xffdb,0xffdb,0xffdb,0xffdb,0xffdb,0xffdb,0xffdb,0xffdb,0xffdb,0xffdb,
    0xffdb,0xffdb,0xffdb,0xffdb,0xffdb,0xffdb,0xffdb,0xffdb,0xffdb,0xffdb,0xffdb,0xffdb,
    0xffdb,0xffdb,0xffdb,0xffdb,0xffdb,0xffdb,0xffdb,0xffdb,0xffdb,0xffdb,0xffdb,0xffdb,
    0xffdb,0xffdb,0xffdb,0xffdb,0xffdb,0xffdb,0xffdb,0xffdb,0xffdb,0xffdb,0xffdb,0xffdb,
    0xffdb,0xffdb,0xffdb,0xffdb,0xffdb,0xffdb,0xffdb,0xffdb,0xffdb,0xffdb,0xffdb,0xffdb,
    0xffdb,0xffdb,0xffdb,0xffdb,0xffdb,0xffdb,0xffdb,0xffdb,0xffdb,0xffdb,0xffdb,0xffdb,
    0xffdb,0xffdb,0xffdb,0xffdb,0xffdb,0xffdb,0xffdb,0xffdb,0xffdb,0xffdb,0xffdb,0xffdb,
    0xffdb,0xffdb,0xffdb,0xffdb,0xffdb,0xffdb,0xffdb,0xffdb,0xffdb,0xffdb,0xffdb,0xffdb,
    0xffdb,0xffdb,0xffdb,0xffdb,0xffdb,0xffdb,0xffdb,0xffdb,0xffdb,0xffdb,0xffdb,0xffdb,
    0xffdb,0xffdb,0xffdb,0xffdb,0xffdb,0xffdb,0xffdb,0xffdb,0xffdb,0xffdb,0xffdb,0xffdb,
    0xffdb,0xffdb,0xffdb,0xffdb,0xffdb,0xffdb,0xffdb,0xffdb,0xffdb,0xffdb,0xffdb,0xffdb,
    0xffdb,0xffdb,0xffdb,0xffdb,0xffdb,0xffdb,0xffdb,0xffdb,0xffdb,0xffdb,0xffdb,0xffdb,
    0xffdb,0xffdb,0xffdb,0xffdb,0xffdb,0xffdb,0xffdb,0xffdb,0xffdb,0xffdb,0xffdb,0xffdb,
    0xffdb,0xffdb,0xffdb,0xffdb,0xffdb,0xffdb,0xffdb,0xffdb,0xffdb,0xffdb,0xffdb,0xffdb,
    0xffdb,0xffdb,0xffdb,0xffdb,0xffdb,0xffdb,0xffdb,0xffdb,0xffdb,0xffdb,0xffdb,0xffdb,
    0xffdb,0xffdb,0xffdb,0xffdb,0xffdb,0xffdb,0xffdb,0xffdb,0xffdb,0xffdb,0xffdb,0xffdb,
    0xffdb,0xffdb,0xffdb,0xffdb,0xffdb,0xffdb,0xffdb,0xffdb,0xffdb,0xffdb,0xffdb,0xffdb,
    0xffdb,0xffdb,0xffdb,0xffdb,0xffdb,0xffdb,0xffdb,0xffdb,0xffdb,0xffdb,0xffdb,0xffdb,
    0xffff,0xffff,0xffdb,0xffdb,0xffdb,0xffdb,0xffdb,0xffdb,0xffdb,0xffdb,0xffdb,0xffdb,
    0xffdb,0xffdb,0xffdb,0xffdb,0xffdb,0xffdb,0xffdb,0xffdb,0xffdb,0xffdb,0xffdb,0xffdb,
    0xffdb,0xffdb,0xffdb,0xffdb,0xffdb,0xffdb,0xffdb,0xffdb,0xffdb,0xffdb,0xffdb,0xffdb,
    0xffdb,0xffdb,0xffdb,0xffdb,0xffdb,0xffdb,0xffdb,0xffdb,0xffdb,0xffdb,0xffdb,0xffdb,
    0xffdb,0xffdb,0xffdb,0xffdb,0xffdb,0xffdb,0xffdb,0xffdb,0xffdb,0xffdb,0xffdb,0xffdb,
    0xffdb,0xffdb,0xffdb,0xffdb,0xffdb,0xffdb,0xffdb,0xffdb,0xffdb,0xffdb,0xffdb,0xffdb,
    0xffdb,0xffdb,0xffdb,0xffdb,0xffdb,0xffdb,0xffdb,0xffdb,0xffdb,0xffdb,0xffdb,0xffdb,
    0xffdb,0xffdb,0xffdb,0xffdb,0xffdb,0xffdb,0xffdb,0xffdb,0xffdb,0xffdb,0xffdb,0xffdb,
    0xffdb,0xffdb,0xffdb,0xffdb,0xffdb,0xffdb,0xffdb,0xffdb,0xffdb,0xffdb,0xffdb,0xffdb,
    0xffdb,0xffdb,0xffdb,0xffdb,0xffdb,0xffdb,0xffdb,0xffdb,0xffdb,0xffdb,0xffdb,0xffdb,
    0xffdb,0xffdb,0xffdb,0xffdb,0xffdb,0xffdb,0xffdb,0xffdb,0xffdb,0xffdb,0xffdb,0xffdb,
    0xffdb,0xffdb,0xffdb,0xffdb,0xffdb,0xffdb,0xffdb,0xffdb,0xffdb,0xffdb,0xffdb,0xffdb,
    0xffdb,0xffdb,0xffdb,0xffdb,0xffdb,0xffdb,0xffdb,0xffdb,0xffdb,0xffdb,0xffdb,0xffdb,
    0xffdb,0xffdb,0xffdb,0xffdb,0xffdb,0xffdb,0xffdb,0xffdb,0xffdb,0xffdb,0xffdb,0xffdb,
    0xffdb,0xffdb,0xffdb,0xffdb,0xffdb,0xffdb,0xffdb,0xffdb,0xffdb,0xffdb,0xffdb,0xffdb,
    0xffdb,0xffdb,0xffdb,0xffdb,0xffdb,0xffdb,0xffdb,0xffdb,0xffdb,0xffdb,0xffdb,0xffdb,
    0xffdb,0xffdb,0xffdb,0xffdb,0xffdb,0xffdb,0xffdb,0xffdb,0xffdb,0xffdb,0xffdb,0xffdb,
    0xffdb,0xffdb,0xffdb,0xffdb,0xffdb,0xffdb,0xffdb,0xffdb,0xffdb,0xffdb,0xffdb,0xffdb,
    0xffdb,0xffdb,0xffdb,0xffdb,0xffdb,0xffdb,0xffdb,0xffdb,0xffdb,0xffdb,0xffdb,0xffdb,
    0xffdb,0xffdb,0xffdb,0xffdb,0xffdb,0xffdb,0xffdb,0xffdb,0xffdb,0xffdb,0xffdb,0xffdb,
    0xffdb,0xffdb,0xffdb,0xffdb,0xffdb,0xffdb,0xffdb,0xffdb,0xffdb,0xffdb,0xffdb,0xffdb,
    0xffdb,0xffdb,0xffdb,0xffdb,0xffff,0xffff,0xffdb,0xffdb,0xffdb,0xffdb,0xffdb,0xffdb,
    0xffdb,0xffdb,0xffdb,0xffdb,0xffdb,0xffdb,0xffdb,0xffdb,0xffdb,0xffdb,0xffdb,0xffdb,
    0xffdb,0xffdb,0xffdb,0xffdb,0xffdb,0xffdb,0xffdb,0xffdb,0xffdb,0xffdb,0xffdb,0xffdb,
    0xffdb,0xffdb,0xffdb,0xffdb,0xffdb,0xffdb,0xffdb,0xffdb,0xffdb,0xffdb,0xffdb,0xffdb,
    0xffdb,0xffdb,0xffdb,0xffdb,0xffdb,0xffdb,0xffdb,0xffdb,0xffdb,0xffdb,0xffdb,0xffdb,
    0xffdb,0xffdb,0xffdb,0xffdb,0xffdb,0xffdb,0xffdb,0xffdb,0xffdb,0xffdb,0xffdb,0xffdb,
    0xffdb,0xffdb,0xffdb,0xffdb,0xffdb,0xffdb,0xffdb,0xffdb,0xffdb,0xffdb,0xffdb,0xffdb,
    0xffdb,0xffdb,0xffdb,0xffdb,0xffdb,0xffdb,0xffdb,0xffdb,0xffdb,0xffdb,0xffdb,0xffdb,
    0xffdb,0xffdb,0xffdb,0xffdb,0xffdb,0xffdb,0xffdb,0xffdb,0xffdb,0xffdb,0xffdb,0xffdb,
    0xffdb,0xffdb,0xffdb,0xffdb,0xffdb,0xffdb,0xffdb,0xffdb,0xffdb,0xffdb,0xffdb,0xffdb,
    0xffdb,0xffdb,0xffdb,0xffdb,0xffdb,0xffdb,0xffdb,0xffdb,0xffdb,0xffdb,0xffdb,0xffdb,
    0xffdb,0xffdb,0xffdb,0xffdb,0xffdb,0xffdb,0xffdb,0xffdb,0xffdb,0xffdb,0xffdb,0xffdb,
    0xffdb,0xffdb,0xffdb,0xffdb,0xffdb,0xffdb,0xffdb,0xffdb,0xffdb,0xffdb,0xffdb,0xffdb,
    0xffdb,0xffdb,0xffdb,0xffdb,0xffdb,0xffdb,0xffdb,0xffdb,0xffdb,0xffdb,0xffdb,0xffdb,
    0xffdb,0xffdb,0xffdb,0xffdb,0xffdb,0xffdb,0xffdb,0xffdb,0xffdb,0xffdb,0xffdb,0xffdb,
    0xffdb,0xffdb,0xffdb,0xffdb,0xffdb,0xffdb,0xffdb,0xffdb,0xffdb,0xffdb,0xffdb,0xffdb,
    0xffdb,0xffdb,0xffdb,0xffdb,0xffdb,0xffdb,0xffdb,0xffdb,0xffdb,0xffdb,0xffdb,0xffdb,
    0xffdb,0xffdb,0xffdb,0xffdb,0xffdb,0xffdb,0xffdb,0xffdb,0xffdb,0xffdb,0xffdb,0xffdb,
    0xffdb,0xffdb,0xffdb,0xffdb,0xffdb,0xffdb,0xffdb,0xffdb,0xffdb,0xffdb,0xffdb,0xffdb,
    0xffdb,0xffdb,0xffdb,0xffdb,0xffdb,0xffdb,0xffdb,0xffdb,0xffdb,0xffdb,0xffdb,0xffdb,
    0xffdb,0xffdb,0xffdb,0xffdb,0xffdb,0xffdb,0xffdb,0xffdb,0xffdb,0xffdb,0xffdb,0xffdb,
    0xffdb,0xffdb,0xffdb,0xffdb,0xffdb,0xffdb,0xffdb,0xffdb,0xffff,0xffff,0xffdb,0xffdb,
    0xffdb,0xffdb,0xffdb,0xffdb,0xffdb,0xffdb,0xffdb,0xffdb,0xffdb,0xffdb,0xffdb,0xffdb,
    0xffdb,0xffdb,0xffdb,0xffdb,0xffdb,0xffdb,0xffdb,0xffdb,0xffdb,0xffdb,0xffdb,0xffdb,
    0xffdb,0xffdb,0xffdb,0xffdb,0xffdb,0xffdb,0xffdb,0xffdb,0xffdb,0xffdb,0xffdb,0xffdb,
    0xffdb,0xffdb,0xffdb,0xffdb,0xffdb,0xffdb,0xffdb,0xffdb,0xffdb,0xffdb,0xffdb,0xffdb,
    0xffdb,0xffdb,0xffdb,0xffdb,0xffdb,0xffdb,0xffdb,0xffdb,0xffdb,0xffdb,0xffdb,0xffdb,
    0xffdb,0xffdb,0xffdb,0xffdb,0xffdb,0xffdb,0xffdb,0xffdb,0xffdb,0xffdb,0xffdb,0xffdb,
    0xffdb,0xffdb,0xffdb,0xffdb,0xffdb,0xffdb,0xffdb,0xffdb,0xffdb,0xffdb,0xffdb,0xffdb,
    0xffdb,0xffdb,0xffdb,0xffdb,0xffdb,0xffdb,0xffdb,0xffdb,0xffdb,0xffdb,0xffdb,0xffdb,
    0xffdb,0xffdb,0xffdb,0xffdb,0xffdb,0xffdb,0xffdb,0xffdb,0xffdb,0xffdb,0xffdb,0xffdb,
    0xffdb,0xffdb,0xffdb,0xffdb,0xffdb,0xffdb,0xffdb,0xffdb,0xffdb,0xffdb,0xffdb,0xffdb,
    0xffdb,0xffdb,0xffdb,0xffdb,0xffdb,0xffdb,0xffdb,0xffdb,0xffdb,0xffdb,0xffdb,0xffdb,
    0xffdb,0xffdb,0xffdb,0xffdb,0xffdb,0xffdb,0xffdb,0xffdb,0xffdb,0xffdb,0xffdb,0xffdb,
    0xffdb,0xffdb,0xffdb,0xffdb,0xffdb,0xffdb,0xffdb,0xffdb,0xffdb,0xffdb,0xffdb,0xffdb,
    0xffdb,0xffdb,0xffdb,0xffdb,0xffdb,0xffdb,0xffdb,0xffdb,0xffdb,0xffdb,0xffdb,0xffdb,
    0xffdb,0xffdb,0xffdb,0xffdb,0xffdb,0xffdb,0xffdb,0xffdb,0xffdb,0xffdb,0xffdb,0xffdb,
    0xffdb,0xffdb,0xffdb,0xffdb,0xffdb,0xffdb,0xffdb,0xffdb,0xffdb,0xffdb,0xffdb,0xffdb,
    0xffdb,0xffdb,0xffdb,0xffdb,0xffdb,0xffdb,0xffdb,0xffdb,0xffdb,0xffdb,0xffdb,0xffdb,
    0xffdb,0xffdb,0xffdb,0xffdb,0xffdb,0xffdb,0xffdb,0xffdb,0xffdb,0xffdb,0xffdb,0xffdb,
    0xffdb,0xffdb,0xffdb,0xffdb,0xffdb,0xffdb,0xffdb,0xffdb,0xffdb,0xffdb,0xffdb,0xffdb,
    0xffdb,0xffdb,0xffdb,0xffdb,0xffdb,0xffdb,0xffdb,0xffdb,0xffdb,0xffdb,0xffdb,0xffdb,
    0xffdb,0xffdb,0xffdb,0xffdb,0xffdb,0xffdb,0xffdb,0xffdb,0xffdb,0xffdb,0xffdb,0xffdb,
    0xffff,0xffff,0xffdb,0xffdb,0xffdb,0xffdb,0xffdb,0xffdb,0xffdb,0xffdb,0xffdb,0xffdb,
    0xffdb,0xffdb,0xffdb,0xffdb,0xffdb,0xffdb,0xffdb,0xffdb,0xffdb,0xffdb,0xffdb,0xffdb,
    0xffdb,0xffdb,0xffdb,0xffdb,0xffdb,0xffdb,0xffdb,0xffdb,0xffdb,0xffdb,0xffdb,0xffdb,
    0xffdb,0xffdb,0xffdb,0xffdb,0xffdb,0xffdb,0xffdb,0xffdb,0xffdb,0xffdb,0xffdb,0xffdb,
    0xffdb,0xffdb,0xffdb,0xffdb,0xffdb,0xffdb,0xffdb,0xffdb,0xffdb,0xffdb,0xffdb,0xffdb,
    0xffdb,0xffdb,0xffdb,0xffdb,0xffdb,0xffdb,0xffdb,0xffdb,0xffdb,0xffdb,0xffdb,0xffdb,
    0xffdb,0xffdb,0xffdb,0xffdb,0xffdb,0xffdb,0xffdb,0xffdb,0xffdb,0xffdb,0xffdb,0xffdb,
    0xffdb,0xffdb,0xffdb,0xffdb,0xffdb,0xffdb,0xffdb,0xffdb,0xffdb,0xffdb,0xffdb,0xffdb,
    0xffdb,0xffdb,0xffdb,0xffdb,0xffdb,0xffdb,0xffdb,0xffdb,0xffdb,0xffdb,0xffdb,0xffdb,
    0xffdb,0xffdb,0xffdb,0xffdb,0xffdb,0xffdb,0xffdb,0xffdb,0xffdb,0xffdb,0xffdb,0xffdb,
    0xffdb,0xffdb,0xffdb,0xffdb,0xffdb,0xffdb,0xffdb,0xffdb,0xffdb,0xffdb,0xffdb,0xffdb,
    0xffdb,0xffdb,0xffdb,0xffdb,0xffdb,0xffdb,0xffdb,0xffdb,0xffdb,0xffdb,0xffdb,0xffdb,
    0xffdb,0xffdb,0xffdb,0xffdb,0xffdb,0xffdb,0xffdb,0xffdb,0xffdb,0xffdb,0xffdb,0xffdb,
    0xffdb,0xffdb,0xffdb,0xffdb,0xffdb,0xffdb,0xffdb,0xffdb,0xffdb,0xffdb,0xffdb,0xffdb,
    0xffdb,0xffdb,0xffdb,0xffdb,0xffdb,0xffdb,0xffdb,0xffdb,0xffdb,0xffdb,0xffdb,0xffdb,
    0xffdb,0xffdb,0xffdb,0xffdb,0xffdb,0xffdb,0xffdb,0xffdb,0xffdb,0xffdb,0xffdb,0xffdb,
    0xffdb,0xffdb,0xffdb,0xffdb,0xffdb,0xffdb,0xffdb,0xffdb,0xffdb,0xffdb,0xffdb,0xffdb,
    0xffdb,0xffdb,0xffdb,0xffdb,0xffdb,0xffdb,0xffdb,0xffdb,0xffdb,0xffdb,0xffdb,0xffdb,
    0xffdb,0xffdb,0xffdb,0xffdb,0xffdb,0xffdb,0xffdb,0xffdb,0xffdb,0xffdb,0xffdb,0xffdb,
    0xffdb,0xffdb,0xffdb,0xffdb,0xffdb,0xffdb,0xffdb,0xffdb,0xffdb,0xffdb,0xffdb,0xffdb,
    0xffdb,0xffdb,0xffdb,0xffdb,0xffdb,0xffdb,0xffdb,0xffdb,0xffdb,0xffdb,0xffdb,0xffdb,
    0xffdb,0xffdb,0xffdb,0xffdb,0xffff,0xffff,0xffdb,0xffdb,0xffdb,0xffdb,0xffdb,0xffdb,
    0xffdb,0xffdb,0xffdb,0xffdb,0xffdb,0xffdb,0xffdb,0xffdb,0xffdb,0xffdb,0xffdb,0xffdb,
    0xffdb,0xffdb,0xffdb,0xffdb,0xffdb,0xffdb,0xffdb,0xffdb,0xffdb,0xffdb,0xffdb,0xffdb,
    0xffdb,0xffdb,0xffdb,0xffdb,0xffdb,0xffdb,0xffdb,0xffdb,0xffdb,0xffdb,0xffdb,0xffdb,
    0xffdb,0xffdb,0xffdb,0xffdb,0xffdb,0xffdb,0xffdb,0xffdb,0xffdb,0xffdb,0xffdb,0xffdb,
    0xffdb,0xffdb,0xffdb,0xffdb,0xffdb,0xffdb,0xffdb,0xffdb,0xffdb,0xffdb,0xffdb,0xffdb,
    0xffdb,0xffdb,0xffdb,0xffdb,0xffdb,0xffdb,0xffdb,0xffdb,0xffdb,0xffdb,0xffdb,0xffdb,
    0xffdb,0xffdb,0xffdb,0xffdb,0xffdb,0xffdb,0xffdb,0xffdb,0xffdb,0xffdb,0xffdb,0xffdb,
    0xffdb,0xffdb,0xffdb,0xffdb,0xffdb,0xffdb,0xffdb,0xffdb,0xffdb,0xffdb,0xffdb,0xffdb,
    0xffdb,0xffdb,0xffdb,0xffdb,0xffdb,0xffdb,0xffdb,0xffdb,0xffdb,0xffdb,0xffdb,0xffdb,
    0xffdb,0xffdb,0xffdb,0xffdb,0xffdb,0xffdb,0xffdb,0xffdb,0xffdb,0xffdb,0xffdb,0xffdb,
    0xffdb,0xffdb,0xffdb,0xffdb,0xffdb,0xffdb,0xffdb,0xffdb,0xffdb,0xffdb,0xffdb,0xffdb,
    0xffdb,0xffdb,0xffdb,0xffdb,0xffdb,0xffdb,0xffdb,0xffdb,0xffdb,0xffdb,0xffdb,0xffdb,
    0xffdb,0xffdb,0xffdb,0xffdb,0xffdb,0xffdb,0xffdb,0xffdb,0xffdb,0xffdb,0xffdb,0xffdb,
    0xffdb,0xffdb,0xffdb,0xffdb,0xffdb,0xffdb,0xffdb,0xffdb,0xffdb,0xffdb,0xffdb,0xffdb,
    0xffdb,0xffdb,0xffdb,0xffdb,0xffdb,0xffdb,0xffdb,0xffdb,0xffdb,0xffdb,0xffdb,0xffdb,
    0xffdb,0xffdb,0xffdb,0xffdb,0xffdb,0xffdb,0xffdb,0xffdb,0xffdb,0xffdb,0xffdb,0xffdb,
    0xffdb,0xffdb,0xffdb,0xffdb,0xffdb,0xffdb,0xffdb,0xffdb,0xffdb,0xffdb,0xffdb,0xffdb,
    0xffdb,0xffdb,0xffdb,0xffdb,0xffdb,0xffdb,0xffdb,0xffdb,0xffdb,0xffdb,0xffdb,0xffdb,
    0xffdb,0xffdb,0xffdb,0xffdb,0xffdb,0xffdb,0xffdb,0xffdb,0xffdb,0xffdb,0xffdb,0xffdb,
    0xffdb,0xffdb,0xffdb,0xffdb,0xffdb,0xffdb,0xffdb,0xffdb,0xffdb,0xffdb,0xffdb,0xffdb,
    0xffdb,0xffdb,0xffdb,0xffdb,0xffdb,0xffdb,0xffdb,0xffdb,0xffff,0xffff,0xffdb,0xffdb,
    0xffdb,0xffdb,0xffdb,0xffdb,0xffdb,0xffdb,0xffdb,0xffdb,0xffdb,0xffdb,0xffdb,0xffdb,
    0xffdb,0xffdb,0xffdb,0xffdb,0xffdb,0xffdb,0xffdb,0xffdb,0xffdb,0xffdb,0xffdb,0xffdb,
    0xffdb,0xffdb,0xffdb,0xffdb,0xffdb,0xffdb,0xffdb,0xffdb,0xffdb,0xffdb,0xffdb,0xffdb,
    0xffdb,0xffdb,0xffdb,0xffdb,0xffdb,0xffdb,0xffdb,0xffdb,0xffdb,0xffdb,0xffdb,0xffdb,
    0xffdb,0xffdb,0xffdb,0xffdb,0xffdb,0xffdb,0xffdb,0xffdb,0xffdb,0xffdb,0xffdb,0xffdb,
    0xffdb,0xffdb,0xffdb,0xffdb,0xffdb,0xffdb,0xffdb,0xffdb,0xffdb,0xffdb,0xffdb,0xffdb,
    0xffdb,0xffdb,0xffdb,0xffdb,0xffdb,0xffdb,0xffdb,0xffdb,0xffdb,0xffdb,0xffdb,0xffdb,
    0xffdb,0xffdb,0xffdb,0xffdb,0xffdb,0xffdb,0xffdb,0xffdb,0xffdb,0xffdb,0xffdb,0xffdb,
    0xffdb,0xffdb,0xffdb,0xffdb,0xffdb,0xffdb,0xffdb,0xffdb,0xffdb,0xffdb,0xffdb,0xffdb,
    0xffdb,0xffdb,0xffdb,0xffdb,0xffdb,0xffdb,0xffdb,0xffdb,0xffdb,0xffdb,0xffdb,0xffdb,
    0xffdb,0xffdb,0xffdb,0xffdb,0xffdb,0xffdb,0xffdb,0xffdb,0xffdb,0xffdb,0xffdb,0xffdb,
    0xffdb,0xffdb,0xffdb,0xffdb,0xffdb,0xffdb,0xffdb,0xffdb,0xffdb,0xffdb,0xffdb,0xffdb,
    0xffdb,0xffdb,0xffdb,0xffdb,0xffdb,0xffdb,0xffdb,0xffdb,0xffdb,0xffdb,0xffdb,0xffdb,
    0xffdb,0xffdb,0xffdb,0xffdb,0xffdb,0xffdb,0xffdb,0xffdb,0xffdb,0xffdb,0xffdb,0xffdb,
    0xffdb,0xffdb,0xffdb,0xffdb,0xffdb,0xffdb,0xffdb,0xffdb,0xffdb,0xffdb,0xffdb,0xffdb,
    0xffdb,0xffdb,0xffdb,0xffdb,0xffdb,0xffdb,0xffdb,0xffdb,0xffdb,0xffdb,0xffdb,0xffdb,
    0xffdb,0xffdb,0xffdb,0xffdb,0xffdb,0xffdb,0xffdb,0xffdb,0xffdb,0xffdb,0xffdb,0xffdb,
    0xffdb,0xffdb,0xffdb,0xffdb,0xffdb,0xffdb,0xffdb,0xffdb,0xffdb,0xffdb,0xffdb,0xffdb,
    0xffdb,0xffdb,0xffdb,0xffdb,0xffdb,0xffdb,0xffdb,0xffdb,0xffdb,0xffdb,0xffdb,0xffdb,
    0xffdb,0xffdb,0xffdb,0xffdb,0xffdb,0xffdb,0xffdb,0xffdb,0xffdb,0xffdb,0xffdb,0xffdb,
    0xffdb,0xffdb,0xffdb,0xffdb,0xffdb,0xffdb,0xffdb,0xffdb,0xffdb,0xffdb,0xffdb,0xffdb,
    0xffff,0xffff,0xffdb,0xffdb,0xffdb,0xffdb,0xffdb,0xffdb,0xffdb,0xffdb,0xffdb,0xffdb,
    0xffdb,0xffdb,0xffdb,0xffdb,0xffdb,0xffdb,0xffdb,0xffdb,0xffdb,0xffdb,0xffdb,0xffdb,
    0xffdb,0xffdb,0xffdb,0xffdb,0xffdb,0xffdb,0xffdb,0xffdb,0xffdb,0xffdb,0xffdb,0xffdb,
    0xffdb,0xffdb,0xffdb,0xffdb,0xffdb,0xffdb,0xffdb,0xffdb,0xffdb,0xffdb,0xffdb,0xffdb,
    0xffdb,0xffdb,0xffdb,0xffdb,0xffdb,0xffdb,0xffdb,0xffdb,0xffdb,0xffdb,0xffdb,0xffdb,
    0xffdb,0xffdb,0xffdb,0xffdb,0xffdb,0xffdb,0xffdb,0xffdb,0xffdb,0xffdb,0xffdb,0xffdb,
    0xffdb,0xffdb,0xffdb,0xffdb,0xffdb,0xffdb,0xffdb,0xffdb,0xffdb,0xffdb,0xffdb,0xffdb,
    0xffdb,0xffdb,0xffdb,0xffdb,0xffdb,0xffdb,0xffdb,0xffdb,0xffdb,0xffdb,0xffdb,0xffdb,
    0xffdb,0xffdb,0xffdb,0xffdb,0xffdb,0xffdb,0xffdb,0xffdb,0xffdb,0xffdb,0xffdb,0xffdb,
    0xffdb,0xffdb,0xffdb,0xffdb,0xffdb,0xffdb,0xffdb,0xffdb,0xffdb,0xffdb,0xffdb,0xffdb,
    0xffdb,0xffdb,0xffdb,0xffdb,0xffdb,0xffdb,0xffdb,0xffdb,0xffdb,0xffdb,0xffdb,0xffdb,
    0xffdb,0xffdb,0xffdb,0xffdb,0xffdb,0xffdb,0xffdb,0xffdb,0xffdb,0xffdb,0xffdb,0xffdb,
    0xffdb,0xffdb,0xffdb,0xffdb,0xffdb,0xffdb,0xffdb,0xffdb,0xffdb,0xffdb,0xffdb,0xffdb,
    0xffdb,0xffdb,0xffdb,0xffdb,0xffdb,0xffdb,0xffdb,0xffdb,0xffdb,0xffdb,0xffdb,0xffdb,
    0xffdb,0xffdb,0xffdb,0xffdb,0xffdb,0xffdb,0xffdb,0xffdb,0xffdb,0xffdb,0xffdb,0xffdb,
    0xffdb,0xffdb,0xffdb,0xffdb,0xffdb,0xffdb,0xffdb,0xffdb,0xffdb,0xffdb,0xffdb,0xffdb,
    0xffdb,0xffdb,0xffdb,0xffdb,0xffdb,0xffdb,0xffdb,0xffdb,0xffdb,0xffdb,0xffdb,0xffdb,
    0xffdb,0xffdb,0xffdb,0xffdb,0xffdb,0xffdb,0xffdb,0xffdb,0xffdb,0xffdb,0xffdb,0xffdb,
    0xffdb,0xffdb,0xffdb,0xffdb,0xffdb,0xffdb,0xffdb,0xffdb,0xffdb,0xffdb,0xffdb,0xffdb,
    0xffdb,0xffdb,0xffdb,0xffdb,0xffdb,0xffdb,0xffdb,0xffdb,0xffdb,0xffdb,0xffdb,0xffdb,
    0xffdb,0xffdb,0xffdb,0xffdb,0xffdb,0xffdb,0xffdb,0xffdb,0xffdb,0xffdb,0xffdb,0xffdb,
    0xffdb,0xffdb,0xffdb,0xffdb,0xffff,0xffff,0xffdb,0xffdb,0xffdb,0xffdb,0xffdb,0xffdb,
    0xffdb,0xffdb,0xffdb,0xffdb,0xffdb,0xffdb,0xffdb,0xffdb,0xffdb,0xffdb,0xffdb,0xffdb,
    0xffdb,0xffdb,0xffdb,0xffdb,0xffdb,0xffdb,0xffdb,0xffdb,0xffdb,0xffdb,0xffdb,0xffdb,
    0xffdb,0xffdb,0xffdb,0xffdb,0xffdb,0xffdb,0xffdb,0xffdb,0xffdb,0xffdb,0xffdb,0xffdb,
    0xffdb,0xffdb,0xffdb,0xffdb,0xffdb,0xffdb,0xffdb,0xffdb,0xffdb,0xffdb,0xffdb,0xffdb,
    0xffdb,0xffdb,0xffdb,0xffdb,0xffdb,0xffdb,0xffdb,0xffdb,0xffdb,0xffdb,0xffdb,0xffdb,
    0xffdb,0xffdb,0xffdb,0xffdb,0xffdb,0xffdb,0xffdb,0xffdb,0xffdb,0xffdb,0xffdb,0xffdb,
    0xffdb,0xffdb,0xffdb,0xffdb,0xffdb,0xffdb,0xffdb,0xffdb,0xffdb,0xffdb,0xffdb,0xffdb,
    0xffdb,0xffdb,0xffdb,0xffdb,0xffdb,0xffdb,0xffdb,0xffdb,0xffdb,0xffdb,0xffdb,0xffdb,
    0xffdb,0xffdb,0xffdb,0xffdb,0xffdb,0xffdb,0xffdb,0xffdb,0xffdb,0xffdb,0xffdb,0xffdb,
    0xffdb,0xffdb,0xffdb,0xffdb,0xffdb,0xffdb,0xffdb,0xffdb,0xffdb,0xffdb,0xffdb,0xffdb,
    0xffdb,0xffdb,0xffdb,0xffdb,0xffdb,0xffdb,0xffdb,0xffdb,0xffdb,0xffdb,0xffdb,0xffdb,
    0xffdb,0xffdb,0xffdb,0xffdb,0xffdb,0xffdb,0xffdb,0xffdb,0xffdb,0xffdb,0xffdb,0xffdb,
    0xffdb,0xffdb,0xffdb,0xffdb,0xffdb,0xffdb,0xffdb,0xffdb,0xffdb,0xffdb,0xffdb,0xffdb,
    0xffdb,0xffdb,0xffdb,0xffdb,0xffdb,0xffdb,0xffdb,0xffdb,0xffdb,0xffdb,0xffdb,0xffdb,
    0xffdb,0xffdb,0xffdb,0xffdb,0xffdb,0xffdb,0xffdb,0xffdb,0xffdb,0xffdb,0xffdb,0xffdb,
    0xffdb,0xffdb,0xffdb,0xffdb,0xffdb,0xffdb,0xffdb,0xffdb,0xffdb,0xffdb,0xffdb,0xffdb,
    0xffdb,0xffdb,0xffdb,0xffdb,0xffdb,0xffdb,0xffdb,0xffdb,0xffdb,0xffdb,0xffdb,0xffdb,
    0xffdb,0xffdb,0xffdb,0xffdb,0xffdb,0xffdb,0xffdb,0xffdb,0xffdb,0xffdb,0xffdb,0xffdb,
    0xffdb,0xffdb,0xffdb,0xffdb,0xffdb,0xffdb,0xffdb,0xffdb,0xffdb,0xffdb,0xffdb,0xffdb,
    0xffdb,0xffdb,0xffdb,0xffdb,0xffdb,0xffdb,0xffdb,0xffdb,0xffdb,0xffdb,0xffdb,0xffdb,
    0xffdb,0xffdb,0xffdb,0xffdb,0xffdb,0xffdb,0xffdb,0xffdb,0xffff,0xffff,0xffdb,0xffdb,
    0xffdb,0xffdb,0xffdb,0xffdb,0xffdb,0xffdb,0xffdb,0xffdb,0xffdb,0xffdb,0xffdb,0xffdb,
    0xffdb,0xffdb,0xffdb,0xffdb,0xffdb,0xffdb,0xffdb,0xffdb,0xffdb,0xffdb,0xffdb,0xffdb,
    0xffdb,0xffdb,0xffdb,0xffdb,0xffdb,0xffdb,0xffdb,0xffdb,0xffdb,0xffdb,0xffdb,0xffdb,
    0xffdb,0xffdb,0xffdb,0xffdb,0xffdb,0xffdb,0xffdb,0xffdb,0xffdb,0xffdb,0xffdb,0xffdb,
    0xffdb,0xffdb,0xffdb,0xffdb,0xffdb,0xffdb,0xffdb,0xffdb,0xffdb,0xffdb,0xffdb,0xffdb,
    0xffdb,0xffdb,0xffdb,0xffdb,0xffdb,0xffdb,0xffdb,0xffdb,0xffdb,0xffdb,0xffdb,0xffdb,
    0xffdb,0xffdb,0xffdb,0xffdb,0xffdb,0xffdb,0xffdb,0xffdb,0xffdb,0xffdb,0xffdb,0xffdb,
    0xffdb,0xffdb,0xffdb,0xffdb,0xffdb,0xffdb,0xffdb,0xffdb,0xffdb,0xffdb,0xffdb,0xffdb,
    0xffdb,0xffdb,0xffdb,0xffdb,0xffdb,0xffdb,0xffdb,0xffdb,0xffdb,0xffdb,0xffdb,0xffdb,
    0xffdb,0xffdb,0xffdb,0xffdb,0xffdb,0xffdb,0xffdb,0xffdb,0xffdb,0xffdb,0xffdb,0xffdb,
    0xffdb,0xffdb,0xffdb,0xffdb,0xffdb,0xffdb,0xffdb,0xffdb,0xffdb,0xffdb,0xffdb,0xffdb,
    0xffdb,0xffdb,0xffdb,0xffdb,0xffdb,0xffdb,0xffdb,0xffdb,0xffdb,0xffdb,0xffdb,0xffdb,
    0xffdb,0xffdb,0xffdb,0xffdb,0xffdb,0xffdb,0xffdb,0xffdb,0xffdb,0xffdb,0xffdb,0xffdb,
    0xffdb,0xffdb,0xffdb,0xffdb,0xffdb,0xffdb,0xffdb,0xffdb,0xffdb,0xffdb,0xffdb,0xffdb,
    0xffdb,0xffdb,0xffdb,0xffdb,0xffdb,0xffdb,0xffdb,0xffdb,0xffdb,0xffdb,0xffdb,0xffdb,
    0xffdb,0xffdb,0xffdb,0xffdb,0xffdb,0xffdb,0xffdb,0xffdb,0xffdb,0xffdb,0xffdb,0xffdb,
    0xffdb,0xffdb,0xffdb,0xffdb,0xffdb,0xffdb,0xffdb,0xffdb,0xffdb,0xffdb,0xffdb,0xffdb,
    0xffdb,0xffdb,0xffdb,0xffdb,0xffdb,0xffdb,0xffdb,0xffdb,0xffdb,0xffdb,0xffdb,0xffdb,
    0xffdb,0xffdb,0xffdb,0xffdb,0xffdb,0xffdb,0xffdb,0xffdb,0xffdb,0xffdb,0xffdb,0xffdb,
    0xffdb,0xffdb,0xffdb,0xffdb,0xffdb,0xffdb,0xffdb,0xffdb,0xffdb,0xffdb,0xffdb,0xffdb,
    0xffdb,0xffdb,0xffdb,0xffdb,0xffdb,0xffdb,0xffdb,0xffdb,0xffdb,0xffdb,0xffdb,0xffdb,
};
const u16 bag_icon[676] __attribute__((aligned(4))) = {
    0x0000,0x0000,0x0000,0x0000,0x0000,0x0000,0x0000,0x0000,0x0000,0xfae6,0xfae6,0xfae6,
    0xfae6,0xfae6,0xfae6,0xfae6,0xfb08,0x0000,0x0000,0x0000,0x0000,0x0000,0x0000,0x0000,
    0x0000,0x0000,0x0000,0x0000,0x0000,0x0000,0x0000,0x0000,0x0000,0x0000,0xfae6,0xfae6,
    0xfb2b,0x0000,0x0000,0x0000,0x0000,0xfb2b,0xfae6,0xfb08,0x0000,0x0000,0x0000,0x0000,
    0x0000,0x0000,0x0000,0x0000,0x0000,0x0000,0x0000,0x0000,0x0000,0x0000,0x0000,0xfb4e,
    0xfae6,0xfb2b,0x0000,0x0000,0x0000,0x0000,0x0000,0x0000,0xfb2b,0xfae6,0xfb72,0x0000,
    0x0000,0x0000,0x0000,0x0000,0x0000,0x0000,0x0000,0x0000,0x0000,0x0000,0x0000,0x0000,
    0x0000,0xfb2b,0xfae6,0xfb72,0x0000,0x0000,0x0000,0x0000,0x0000,0x0000,0xfb72,0xfae6,
    0xfb4e,0x0000,0x0000,0x0000,0x0000,0x0000,0x0000,0x0000,0x0000,0x0000,0x0000,0x0000,
    0x0000,0x0000,0x0000,0xfb4e,0xfae6,0x0000,0x0000,0x0000,0x0000,0x0000,0x0000,0x0000,
    0x0000,0xfae6,0xfb4e,0x0000,0x0000,0x0000,0x0000,0x0000,0x0000,0x0000,0x0000,0x0000,
    0x0000,0x0000,0x0000,0x0000,0x0000,0xfb4e,0xfae6,0x0000,0x0000,0x0000,0x0000,0x0000,
    0x0000,0x0000,0x0000,0xfae6,0xfb4e,0x0000,0x0000,0x0000,0x0000,0x0000,0x0000,0x0000,
    0x0000,0x0000,0x0000,0x0000,0x0000,0x0000,0x0000,0xfb2b,0xfae6,0xfb4e,0x0000,0x0000,
    0x0000,0x0000,0x0000,0x0000,0xfb4e,0xfae6,0xfb2b,0x0000,0x0000,0x0000,0x0000,0x0000,
    0x0000,0x0000,0xfb2b,0xfae6,0xfae6,0xfae6,0xfae6,0xfae6,0xfae6,0xfae6,0xfae6,0xfae6,
    0xfae6,0xfae6,0xfae6,0xfae6,0xfae6,0xfae6,0xfae6,0xfae6,0xfae6,0xfae6,0xfae6,0xfae6,
    0xfae6,0xfae6,0xfae6,0xfb2b,0xfb2b,0xfae6,0xfae6,0xfae6,0xfae6,0xfae6,0xfae6,0xfae6,
    0xfae6,0xfae6,0xfae6,0xfae6,0xfae6,0xfae6,0xfae6,0xfae6,0xfae6,0xfae6,0xfae6,0xfae6,
    0xfae6,0xfae6,0xfae6,0xfae6,0xfae6,0xfb2b,0xfb2b,0xfae6,0xfae6,0xfae6,0xfae6,0xfae6,
    0xfae6,0xfae6,0xfae6,0xfae6,0xfae6,0xfae6,0xfae6,0xfae6,0xfae6,0xfae6,0xfae6,0xfae6,
    0xfae6,0xfae6,0xfae6,0xfae6,0xfae6,0xfae6,0xfae6,0xfb2b,0xfb2b,0xfae6,0xfae6,0xfae6,
    0xfae6,0xfae6,0xfae6,0xfae6,0xfae6,0xfae6,0xfae6,0xfae6,0xfae6,0xfae6,0xfae6,0xfae6,
    0xfae6,0xfae6,0xfae6,0xfae6,0xfae6,0xfae6,0xfae6,0xfae6,0xfae6,0xfb2b,0xfb2b,0xfae6,
    0xfae6,0xfae6,0xfae6,0xfae6,0xfae6,0xfae6,0xfae6,0xfae6,0xfae6,0xfae6,0xfae6,0xfae6,
    0xfae6,0xfae6,0xfae6,0xfae6,0xfae6,0xfae6,0xfae6,0xfae6,0xfae6,0xfae6,0xfae6,0xfb2b,
    0xfb2b,0xfae6,0xfae6,0xfae6,0xfae6,0xfae6,0xfae6,0xfae6,0xfae6,0xfae6,0xfae6,0xfae6,
    0xfae6,0xfae6,0xfae6,0xfae6,0xfae6,0xfae6,0xfae6,0xfae6,0xfae6,0xfae6,0xfae6,0xfae6,
    0xfae6,0xfb2b,0xfb2b,0xfae6,0xfae6,0xfae6,0xfae6,0xfae6,0xfae6,0xfae6,0xfae6,0xfae6,
    0xfae6,0xfae6,0xfae6,0xfae6,0xfae6,0xfae6,0xfae6,0xfae6,0xfae6,0xfae6,0xfae6,0xfae6,
    0xfae6,0xfae6,0xfae6,0xfb2b,0xfb2b,0xfae6,0xfae6,0xfae6,0xfae6,0xfae6,0xfae6,0xfae6,
    0xfae6,0xfae6,0xfae6,0xfae6,0xfae6,0xfae6,0xfae6,0xfae6,0xfae6,0xfae6,0xfae6,0xfae6,
    0xfae6,0xfae6,0xfae6,0xfae6,0xfae6,0xfb2b,0xfb2b,0xfae6,0xfae6,0xfae6,0xfae6,0xfae6,
    0xfae6,0xfae6,0xfae6,0xfae6,0xfae6,0xfae6,0xfae6,0xfae6,0xfae6,0xfae6,0xfae6,0xfae6,
    0xfae6,0xfae6,0xfae6,0xfae6,0xfae6,0xfae6,0xfae6,0xfb2b,0xfb2b,0xfae6,0xfae6,0xfae6,
    0xfae6,0xfae6,0xfae6,0xfae6,0xfae6,0xfae6,0xfae6,0xfae6,0xfae6,0xfae6,0xfae6,0xfae6,
    0xfae6,0xfae6,0xfae6,0xfae6,0xfae6,0xfae6,0xfae6,0xfae6,0xfae6,0xfb2b,0xfb2b,0xfae6,
    0xfae6,0xfae6,0xfae6,0xfae6,0xfae6,0xfae6,0xfae6,0xfae6,0xfae6,0xfae6,0xfae6,0xfae6,
    0xfae6,0xfae6,0xfae6,0xfae6,0xfae6,0xfae6,0xfae6,0xfae6,0xfae6,0xfae6,0xfae6,0xfb2b,
    0xfb2b,0xfae6,0xfae6,0xfae6,0xfae6,0xfae6,0xfae6,0xfae6,0xfae6,0xfae6,0xfae6,0xfae6,
    0xfae6,0xfae6,0xfae6,0xfae6,0xfae6,0xfae6,0xfae6,0xfae6,0xfae6,0xfae6,0xfae6,0xfae6,
    0xfae6,0xfb2b,0xfb2b,0xfae6,0xfae6,0xfae6,0xfae6,0xfae6,0xfae6,0xfae6,0xfae6,0xfae6,
    0xfae6,0xfae6,0xfae6,0xfae6,0xfae6,0xfae6,0xfae6,0xfae6,0xfae6,0xfae6,0xfae6,0xfae6,
    0xfae6,0xfae6,0xfae6,0xfb2b,0xfb2b,0xfae6,0xfae6,0xfae6,0xfae6,0xfae6,0xfae6,0xfae6,
    0xfae6,0xfae6,0xfae6,0xfae6,0xfae6,0xfae6,0xfae6,0xfae6,0xfae6,0xfae6,0xfae6,0xfae6,
    0xfae6,0xfae6,0xfae6,0xfae6,0xfae6,0xfb2b,0xfb2b,0xfae6,0xfae6,0xfae6,0xfae6,0xfae6,
    0xfae6,0xfae6,0xfae6,0xfae6,0xfae6,0xfae6,0xfae6,0xfae6,0xfae6,0xfae6,0xfae6,0xfae6,
    0xfae6,0xfae6,0xfae6,0xfae6,0xfae6,0xfae6,0xfae6,0xfb2b,0xfb4e,0xfae6,0xfae6,0xfae6,
    0xfae6,0xfae6,0xfae6,0xfae6,0xfae6,0xfae6,0xfae6,0xfae6,0xfae6,0xfae6,0xfae6,0xfae6,
    0xfae6,0xfae6,0xfae6,0xfae6,0xfae6,0xfae6,0xfae6,0xfae6,0xfae6,0xfb4e,0x0000,0xfb4e,
    0xfb2b,0xfb2b,0xfb2b,0xfb2b,0xfb2b,0xfb2b,0xfb2b,0xfb2b,0xfb2b,0xfb2b,0xfb2b,0xfb2b,
    0xfb2b,0xfb2b,0xfb2b,0xfb2b,0xfb2b,0xfb2b,0xfb2b,0xfb2b,0xfb2b,0xfb2b,0xfb4e,0x0000,
    0x0000,0x0000,0x0000,0x0000,0x0000,0x0000,0x0000,0x0000,0x0000,0x0000,0x0000,0x0000,
    0x0000,0x0000,0x0000,0x0000,0x0000,0x0000,0x0000,0x0000,0x0000,0x0000,0x0000,0x0000,
    0x0000,0x0000,0x0000,0x0000,0x0000,0x0000,0x0000,0x0000,0x0000,0x0000,0x0000,0x0000,
    0x0000,0x0000,0x0000,0x0000,0x0000,0x0000,0x0000,0x0000,0x0000,0x0000,0x0000,0x0000,
    0x0000,0x0000,0x0000,0x0000,
};
const int bag_icon_w = 26, bag_icon_h = 26;
